bank,keyword,normalized_keyword,monthly_searches_estimated,rank_group,url,keyword_updated_at,ranking_updated_at,queried_at,task_id,source,family_id,verdict
Interbank,cuenta super tasa interbank,cuenta super tasa interbank,1900,1,https://interbank.pe/cuentas/cuentas-ahorro/cuenta-super-tasa,2026-09-17 15:28:44 +00:00,2026-07-14 02:12:48 +00:00,2026-10-06T19:15:58.455Z,10061915-1987-0381-0000-17d2f98aeb09,research/pibank-expanded-2026-10-06/ranked-01-provider.json,B02,selected_exploratory_family
Interbank,cuentas de ahorro de alto rendimiento,cuentas de ahorro de alto rendimiento,1600,8,https://interbank.pe/cuentas/cuentas-ahorro/cuenta-super-tasa,2026-09-14 10:11:37 +00:00,2026-09-05 21:23:43 +00:00,2026-10-06T19:15:58.455Z,10061915-1987-0381-0000-17d2f98aeb09,research/pibank-expanded-2026-10-06/ranked-01-provider.json,C01,selected_exploratory_family
Interbank,cuenta de alto rendimiento,cuenta de alto rendimiento,880,11,https://interbank.pe/cuentas/cuentas-ahorro/cuenta-super-tasa,2026-09-13 06:40:08 +00:00,2026-07-19 19:00:35 +00:00,2026-10-06T19:15:58.455Z,10061915-1987-0381-0000-17d2f98aeb09,research/pibank-expanded-2026-10-06/ranked-01-provider.json,C01,selected_exploratory_family
Interbank,super tasa interbank,super tasa interbank,880,1,https://interbank.pe/cuentas/cuentas-ahorro/cuenta-super-tasa,2026-09-17 12:43:45 +00:00,2026-07-18 14:02:10 +00:00,2026-10-06T19:15:58.455Z,10061915-1987-0381-0000-17d2f98aeb09,research/pibank-expanded-2026-10-06/ranked-01-provider.json,B02,selected_exploratory_family
Interbank,cuenta de alto rendimiento peru,cuenta de alto rendimiento peru,390,16,https://interbank.pe/cuentas/cuentas-ahorro/cuenta-super-tasa,2026-09-16 00:22:46 +00:00,2026-08-01 02:47:33 +00:00,2026-10-06T19:15:58.455Z,10061915-1987-0381-0000-17d2f98aeb09,research/pibank-expanded-2026-10-06/ranked-01-provider.json,C01,selected_exploratory_family
Interbank,cuentas de alto rendimiento peru,cuentas de alto rendimiento peru,390,8,https://interbank.pe/cuentas/cuentas-ahorro/cuenta-super-tasa,2026-09-15 04:16:36 +00:00,2026-09-16 09:03:03 +00:00,2026-10-06T19:15:58.455Z,10061915-1987-0381-0000-17d2f98aeb09,research/pibank-expanded-2026-10-06/ranked-01-provider.json,C01,selected_exploratory_family
Interbank,en que banco puedo ahorrar mi dinero y ganar intereses,en que banco puedo ahorrar mi dinero y ganar intereses,390,7,https://interbank.pe/cuentas/cuentas-ahorro/cuenta-super-tasa,2026-09-14 06:37:02 +00:00,2026-09-16 03:20:06 +00:00,2026-10-06T19:15:58.455Z,10061915-1987-0381-0000-17d2f98aeb09,research/pibank-expanded-2026-10-06/ranked-01-provider.json,C03,selected_exploratory_family
Interbank,manga dragon ball super,manga dragon ball super,320,40,https://interbank.pe/cuentas/cuentas-ahorro/cuenta-super-tasa,2026-09-14 10:51:47 +00:00,2026-09-18 19:21:40 +00:00,2026-10-06T19:15:58.455Z,10061915-1987-0381-0000-17d2f98aeb09,research/pibank-expanded-2026-10-06/ranked-01-provider.json,,not_selected_for_capture_plan
Interbank,mejores cuentas de ahorro peru,mejores cuentas de ahorro peru,320,18,https://interbank.pe/cuentas/cuentas-ahorro/cuenta-super-tasa,2026-09-12 20:56:31 +00:00,2026-08-02 22:49:53 +00:00,2026-10-06T19:15:58.455Z,10061915-1987-0381-0000-17d2f98aeb09,research/pibank-expanded-2026-10-06/ranked-01-provider.json,G03,selected_exploratory_family
Interbank,super campeones andy johnson,super campeones andy johnson,320,29,https://interbank.pe/cuentas/cuentas-ahorro/cuenta-super-tasa,2026-09-16 16:50:49 +00:00,2026-09-17 09:55:57 +00:00,2026-10-06T19:15:58.455Z,10061915-1987-0381-0000-17d2f98aeb09,research/pibank-expanded-2026-10-06/ranked-01-provider.json,,not_selected_for_capture_plan
Interbank,boeing fa 18e super hornet,boeing fa 18e super hornet,260,28,https://interbank.pe/cuentas/cuentas-ahorro/cuenta-super-tasa,2026-09-16 01:59:31 +00:00,2026-09-23 11:30:33 +00:00,2026-10-06T19:15:58.455Z,10061915-1987-0381-0000-17d2f98aeb09,research/pibank-expanded-2026-10-06/ranked-01-provider.json,,not_selected_for_capture_plan
Interbank,cuando es el super bowl 2025,cuando es el super bowl 2025,260,33,https://interbank.pe/cuentas/cuentas-ahorro/cuenta-super-tasa,2026-09-15 20:43:24 +00:00,2026-09-22 22:59:18 +00:00,2026-10-06T19:15:58.455Z,10061915-1987-0381-0000-17d2f98aeb09,research/pibank-expanded-2026-10-06/ranked-01-provider.json,,not_selected_for_capture_plan
Interbank,letras de abba super trouper,letras de abba super trouper,260,26,https://interbank.pe/cuentas/cuentas-ahorro/cuenta-super-tasa,2026-09-15 02:55:18 +00:00,2026-09-21 19:48:24 +00:00,2026-10-06T19:15:58.455Z,10061915-1987-0381-0000-17d2f98aeb09,research/pibank-expanded-2026-10-06/ranked-01-provider.json,,not_selected_for_capture_plan
Interbank,mensaje de cumpleaños para un amigo super especial,mensaje de cumpleanos para un amigo super especial,260,23,https://interbank.pe/cuentas/cuentas-ahorro/cuenta-super-tasa,2026-09-12 14:17:48 +00:00,2026-09-21 15:08:20 +00:00,2026-10-06T19:15:58.455Z,10061915-1987-0381-0000-17d2f98aeb09,research/pibank-expanded-2026-10-06/ranked-01-provider.json,,not_selected_for_capture_plan
Interbank,radio super latina en vivo,radio super latina en vivo,260,36,https://interbank.pe/cuentas/cuentas-ahorro/cuenta-super-tasa,2026-09-13 05:11:36 +00:00,2026-09-20 21:02:06 +00:00,2026-10-06T19:15:58.455Z,10061915-1987-0381-0000-17d2f98aeb09,research/pibank-expanded-2026-10-06/ranked-01-provider.json,,not_selected_for_capture_plan
Interbank,super mario galaxy película,super mario galaxy pelicula,260,21,https://interbank.pe/cuentas/cuentas-ahorro/cuenta-super-tasa,2026-09-12 20:21:17 +00:00,2026-09-20 12:48:02 +00:00,2026-10-06T19:15:58.455Z,10061915-1987-0381-0000-17d2f98aeb09,research/pibank-expanded-2026-10-06/ranked-01-provider.json,,not_selected_for_capture_plan
Interbank,super prime caminos del inca 2025,super prime caminos del inca 2025,260,46,https://interbank.pe/cuentas/cuentas-ahorro/cuenta-super-tasa,2026-09-13 17:18:01 +00:00,2026-09-17 09:54:33 +00:00,2026-10-06T19:15:58.455Z,10061915-1987-0381-0000-17d2f98aeb09,research/pibank-expanded-2026-10-06/ranked-01-provider.json,,not_selected_for_capture_plan
Interbank,super wallpaper,super wallpaper,260,42,https://interbank.pe/cuentas/cuentas-ahorro/cuenta-super-tasa,2026-09-12 19:20:59 +00:00,2026-09-20 12:48:32 +00:00,2026-10-06T19:15:58.455Z,10061915-1987-0381-0000-17d2f98aeb09,research/pibank-expanded-2026-10-06/ranked-01-provider.json,,not_selected_for_capture_plan
Interbank,cuenta de ahorro con intereses,cuenta de ahorro con intereses,210,1,https://interbank.pe/cuentas/cuentas-ahorro/cuenta-super-tasa,2026-09-13 19:50:52 +00:00,2026-08-17 06:44:23 +00:00,2026-10-06T19:15:58.455Z,10061915-1987-0381-0000-17d2f98aeb09,research/pibank-expanded-2026-10-06/ranked-01-provider.json,G02,selected_exploratory_family
Interbank,cuentas de ahorros con intereses,cuentas de ahorros con intereses,210,2,https://interbank.pe/cuentas/cuentas-ahorro/cuenta-super-tasa,2026-09-14 10:59:41 +00:00,2026-08-17 06:39:58 +00:00,2026-10-06T19:15:58.455Z,10061915-1987-0381-0000-17d2f98aeb09,research/pibank-expanded-2026-10-06/ranked-01-provider.json,G02,selected_exploratory_family
Interbank,interés de cuenta de ahorro,interes de cuenta de ahorro,210,3,https://interbank.pe/cuentas/cuentas-ahorro/cuenta-super-tasa,2026-09-12 11:55:49 +00:00,2026-09-25 17:14:44 +00:00,2026-10-06T19:15:58.455Z,10061915-1987-0381-0000-17d2f98aeb09,research/pibank-expanded-2026-10-06/ranked-01-provider.json,G02,selected_exploratory_family
Interbank,mejor cuenta de ahorros,mejor cuenta de ahorros,210,16,https://interbank.pe/cuentas/cuentas-ahorro/cuenta-super-tasa,2026-09-14 06:33:41 +00:00,2026-07-07 02:33:36 +00:00,2026-10-06T19:15:58.455Z,10061915-1987-0381-0000-17d2f98aeb09,research/pibank-expanded-2026-10-06/ranked-01-provider.json,G03,selected_exploratory_family
Interbank,mejores cuentas de ahorro,mejores cuentas de ahorro,210,15,https://interbank.pe/cuentas/cuentas-ahorro/cuenta-super-tasa,2026-09-15 09:00:49 +00:00,2026-09-25 09:24:03 +00:00,2026-10-06T19:15:58.455Z,10061915-1987-0381-0000-17d2f98aeb09,research/pibank-expanded-2026-10-06/ranked-01-provider.json,G03,selected_exploratory_family
Interbank,cuentas de ahorro de alto rendimiento perú,cuentas de ahorro de alto rendimiento peru,170,15,https://interbank.pe/cuentas/cuentas-ahorro/cuenta-super-tasa,2026-09-15 04:36:15 +00:00,2026-07-07 19:36:09 +00:00,2026-10-06T19:15:58.455Z,10061915-1987-0381-0000-17d2f98aeb09,research/pibank-expanded-2026-10-06/ranked-01-provider.json,C01,selected_exploratory_family
BBVA,cuenta digital bbva,cuenta digital bbva,6600,1,https://www.bbva.pe/personas/productos/cuentas/ahorro/cuenta-digital.html,2026-09-14 16:53:57 +00:00,2026-07-11 04:18:23 +00:00,2026-10-06T19:16:04.741Z,10061916-1987-0381-0000-2807795b1a2e,research/pibank-expanded-2026-10-06/ranked-02-provider.json,B05,selected_exploratory_family
BBVA,bbva cuenta digital,bbva cuenta digital,2400,1,https://www.bbva.pe/personas/productos/cuentas/ahorro/cuenta-digital.html,2026-09-17 10:38:40 +00:00,2026-09-04 19:57:36 +00:00,2026-10-06T19:16:04.741Z,10061916-1987-0381-0000-2807795b1a2e,research/pibank-expanded-2026-10-06/ranked-02-provider.json,B05,selected_exploratory_family
BBVA,crear cuenta digital bbva,crear cuenta digital bbva,880,1,https://www.bbva.pe/personas/productos/cuentas/ahorro/cuenta-digital.html,2026-09-16 07:10:24 +00:00,2026-09-10 03:43:09 +00:00,2026-10-06T19:16:04.741Z,10061916-1987-0381-0000-2807795b1a2e,research/pibank-expanded-2026-10-06/ranked-02-provider.json,B05,selected_exploratory_family
BBVA,cuenta bbva digital,cuenta bbva digital,880,1,https://www.bbva.pe/personas/productos/cuentas/ahorro/cuenta-digital.html,2026-09-15 03:13:47 +00:00,2026-07-18 00:54:57 +00:00,2026-10-06T19:16:04.741Z,10061916-1987-0381-0000-2807795b1a2e,research/pibank-expanded-2026-10-06/ranked-02-provider.json,,not_selected_for_capture_plan
BBVA,abrir cuenta digital bbva,abrir cuenta digital bbva,590,1,https://www.bbva.pe/personas/productos/cuentas/ahorro/cuenta-digital.html,2026-09-16 04:39:46 +00:00,2026-07-26 20:59:31 +00:00,2026-10-06T19:16:04.741Z,10061916-1987-0381-0000-2807795b1a2e,research/pibank-expanded-2026-10-06/ranked-02-provider.json,B05,selected_exploratory_family
BBVA,cuenta digital bbva perú,cuenta digital bbva peru,320,1,https://www.bbva.pe/personas/productos/cuentas/ahorro/cuenta-digital.html,2026-09-12 11:19:44 +00:00,2026-09-19 16:01:14 +00:00,2026-10-06T19:16:04.741Z,10061916-1987-0381-0000-2807795b1a2e,research/pibank-expanded-2026-10-06/ranked-02-provider.json,B05,selected_exploratory_family
BBVA,linea 100 peru,linea 100 peru,260,61,https://www.bbva.pe/personas/productos/cuentas/ahorro/cuenta-digital.html,2026-09-14 18:22:53 +00:00,2026-08-12 18:05:36 +00:00,2026-10-06T19:16:04.741Z,10061916-1987-0381-0000-2807795b1a2e,research/pibank-expanded-2026-10-06/ranked-02-provider.json,,not_selected_for_capture_plan
BBVA,tarjeta digital bbva,tarjeta digital bbva,260,1,https://www.bbva.pe/personas/productos/cuentas/ahorro/cuenta-digital.html,2026-09-15 08:58:56 +00:00,2026-09-17 09:04:29 +00:00,2026-10-06T19:16:04.741Z,10061916-1987-0381-0000-2807795b1a2e,research/pibank-expanded-2026-10-06/ranked-02-provider.json,,not_selected_for_capture_plan
BBVA,cuenta bbva sin mantenimiento,cuenta bbva sin mantenimiento,170,1,https://www.bbva.pe/personas/productos/cuentas/ahorro/cuenta-digital.html,2026-09-17 03:38:54 +00:00,2026-08-31 18:51:22 +00:00,2026-10-06T19:16:04.741Z,10061916-1987-0381-0000-2807795b1a2e,research/pibank-expanded-2026-10-06/ranked-02-provider.json,,not_selected_for_capture_plan
BCP,aperturar cuenta banco de la nación,aperturar cuenta banco de la nacion,260,51,https://www.viabcp.com/abrir-cuenta,2026-09-15 06:23:50 +00:00,2026-09-23 13:39:24 +00:00,2026-10-06T19:16:09.506Z,10061916-1987-0381-0000-02dd35fc3c69,research/pibank-expanded-2026-10-06/ranked-03-provider.json,,not_selected_for_capture_plan
Scotiabank,cuentas de ahorro de alto rendimiento,cuentas de ahorro de alto rendimiento,1600,10,https://www.scotiabank.com.pe/Personas/Ahorros/Cuentas-Bancarias/cuenta-power,2026-09-14 10:11:37 +00:00,2026-09-05 21:23:43 +00:00,2026-10-06T19:16:15.011Z,10061916-1987-0381-0000-9a21212a5a39,research/pibank-expanded-2026-10-06/ranked-04-provider.json,C01,selected_exploratory_family
Scotiabank,cuenta power scotiabank,cuenta power scotiabank,1300,1,https://www.scotiabank.com.pe/Personas/Ahorros/Cuentas-Bancarias/cuenta-power,2026-09-15 03:38:50 +00:00,2026-07-15 01:08:06 +00:00,2026-10-06T19:16:15.011Z,10061916-1987-0381-0000-9a21212a5a39,research/pibank-expanded-2026-10-06/ranked-04-provider.json,B03,selected_exploratory_family
Scotiabank,cuenta de alto rendimiento peru,cuenta de alto rendimiento peru,390,9,https://www.scotiabank.com.pe/Personas/Ahorros/Cuentas-Bancarias/cuenta-power,2026-09-16 00:22:46 +00:00,2026-08-01 02:47:33 +00:00,2026-10-06T19:16:15.011Z,10061916-1987-0381-0000-9a21212a5a39,research/pibank-expanded-2026-10-06/ranked-04-provider.json,C01,selected_exploratory_family
Scotiabank,cuentas de alto rendimiento peru,cuentas de alto rendimiento peru,390,11,https://www.scotiabank.com.pe/Personas/Ahorros/Cuentas-Bancarias/cuenta-power,2026-09-15 04:16:36 +00:00,2026-09-16 09:03:03 +00:00,2026-10-06T19:16:15.011Z,10061916-1987-0381-0000-9a21212a5a39,research/pibank-expanded-2026-10-06/ranked-04-provider.json,C01,selected_exploratory_family
Scotiabank,cuál es el número que no se cuenta,cual es el numero que no se cuenta,320,29,https://www.scotiabank.com.pe/Personas/Ahorros/Cuentas-Bancarias/cuenta-power,2026-09-14 01:57:02 +00:00,2026-09-19 15:39:26 +00:00,2026-10-06T19:16:15.011Z,10061916-1987-0381-0000-9a21212a5a39,research/pibank-expanded-2026-10-06/ranked-04-provider.json,,not_selected_for_capture_plan
Scotiabank,cuentas de ahorro de alto rendimiento perú,cuentas de ahorro de alto rendimiento peru,170,9,https://www.scotiabank.com.pe/Personas/Ahorros/Cuentas-Bancarias/cuenta-power,2026-09-15 04:36:15 +00:00,2026-07-07 19:36:09 +00:00,2026-10-06T19:16:15.011Z,10061916-1987-0381-0000-9a21212a5a39,research/pibank-expanded-2026-10-06/ranked-04-provider.json,C01,selected_exploratory_family
Scotiabank,cuenta digital scotiabank,cuenta digital scotiabank,1900,1,https://www.scotiabank.com.pe/Personas/Ahorros/Cuentas-Bancarias/cuenta-digital,2026-09-16 06:58:02 +00:00,2026-07-14 01:57:20 +00:00,2026-10-06T19:16:20.536Z,10061916-1987-0381-0000-92472ff16307,research/pibank-expanded-2026-10-06/ranked-05-provider.json,B04,selected_exploratory_family
Scotiabank,requisitos para ser presidente del perú,requisitos para ser presidente del peru,1900,68,https://www.scotiabank.com.pe/Personas/Ahorros/Cuentas-Bancarias/cuenta-digital,2026-09-15 18:15:21 +00:00,2026-09-04 11:14:23 +00:00,2026-10-06T19:16:20.536Z,10061916-1987-0381-0000-92472ff16307,research/pibank-expanded-2026-10-06/ranked-05-provider.json,,not_selected_for_capture_plan
Scotiabank,cuenta digital,cuenta digital,1300,1,https://www.scotiabank.com.pe/Personas/Ahorros/Cuentas-Bancarias/cuenta-digital,2026-09-12 08:53:56 +00:00,2026-07-15 01:11:08 +00:00,2026-10-06T19:16:20.536Z,10061916-1987-0381-0000-92472ff16307,research/pibank-expanded-2026-10-06/ranked-05-provider.json,C02,selected_exploratory_family
Scotiabank,cuenta scotiabank,cuenta scotiabank,1000,1,https://www.scotiabank.com.pe/Personas/Ahorros/Cuentas-Bancarias/cuenta-digital,2026-09-16 01:02:31 +00:00,2026-07-16 10:49:02 +00:00,2026-10-06T19:16:20.536Z,10061916-1987-0381-0000-92472ff16307,research/pibank-expanded-2026-10-06/ranked-05-provider.json,,not_selected_for_capture_plan
Scotiabank,abrir cuenta scotiabank,abrir cuenta scotiabank,880,1,https://www.scotiabank.com.pe/Personas/Ahorros/Cuentas-Bancarias/cuenta-digital,2026-09-15 03:36:28 +00:00,2026-07-18 08:38:22 +00:00,2026-10-06T19:16:20.536Z,10061916-1987-0381-0000-92472ff16307,research/pibank-expanded-2026-10-06/ranked-05-provider.json,B04,selected_exploratory_family
Scotiabank,crear cuenta scotiabank,crear cuenta scotiabank,880,1,https://www.scotiabank.com.pe/Personas/Ahorros/Cuentas-Bancarias/cuenta-digital,2026-09-17 16:05:26 +00:00,2026-07-18 01:09:17 +00:00,2026-10-06T19:16:20.536Z,10061916-1987-0381-0000-92472ff16307,research/pibank-expanded-2026-10-06/ranked-05-provider.json,B04,selected_exploratory_family
Scotiabank,scotiabank cuenta digital,scotiabank cuenta digital,720,1,https://www.scotiabank.com.pe/Personas/Ahorros/Cuentas-Bancarias/cuenta-digital,2026-09-14 04:48:33 +00:00,2026-07-18 16:35:21 +00:00,2026-10-06T19:16:20.536Z,10061916-1987-0381-0000-92472ff16307,research/pibank-expanded-2026-10-06/ranked-05-provider.json,B04,selected_exploratory_family
Scotiabank,club del ahorro,club del ahorro,480,37,https://www.scotiabank.com.pe/Personas/Ahorros/Cuentas-Bancarias/cuenta-digital,2026-09-13 08:07:41 +00:00,2026-07-29 12:08:14 +00:00,2026-10-06T19:16:20.536Z,10061916-1987-0381-0000-92472ff16307,research/pibank-expanded-2026-10-06/ranked-05-provider.json,,not_selected_for_capture_plan
Scotiabank,abrir cuenta digital scotiabank,abrir cuenta digital scotiabank,260,1,https://www.scotiabank.com.pe/Personas/Ahorros/Cuentas-Bancarias/cuenta-digital,2026-09-17 17:08:45 +00:00,2026-09-23 16:05:23 +00:00,2026-10-06T19:16:20.536Z,10061916-1987-0381-0000-92472ff16307,research/pibank-expanded-2026-10-06/ranked-05-provider.json,B04,selected_exploratory_family
Scotiabank,cuenta digital sbp,cuenta digital sbp,260,1,https://www.scotiabank.com.pe/Personas/Ahorros/Cuentas-Bancarias/cuenta-digital,2026-09-16 19:44:38 +00:00,2026-08-13 10:07:44 +00:00,2026-10-06T19:16:20.536Z,10061916-1987-0381-0000-92472ff16307,research/pibank-expanded-2026-10-06/ranked-05-provider.json,B04,selected_exploratory_family
Scotiabank,linea 100 peru,linea 100 peru,260,65,https://www.scotiabank.com.pe/Personas/Ahorros/Cuentas-Bancarias/cuenta-digital,2026-09-14 18:22:53 +00:00,2026-08-12 18:05:36 +00:00,2026-10-06T19:16:20.536Z,10061916-1987-0381-0000-92472ff16307,research/pibank-expanded-2026-10-06/ranked-05-provider.json,,not_selected_for_capture_plan
Scotiabank,cuenta de ahorro digital,cuenta de ahorro digital,210,6,https://www.scotiabank.com.pe/Personas/Ahorros/Cuentas-Bancarias/cuenta-digital,2026-09-14 09:06:25 +00:00,2026-08-17 10:02:50 +00:00,2026-10-06T19:16:20.536Z,10061916-1987-0381-0000-92472ff16307,research/pibank-expanded-2026-10-06/ranked-05-provider.json,C02,selected_exploratory_family
Scotiabank,cuenta de ahorros digital,cuenta de ahorros digital,210,4,https://www.scotiabank.com.pe/Personas/Ahorros/Cuentas-Bancarias/cuenta-digital,2026-09-13 08:03:53 +00:00,2026-08-17 09:56:36 +00:00,2026-10-06T19:16:20.536Z,10061916-1987-0381-0000-92472ff16307,research/pibank-expanded-2026-10-06/ranked-05-provider.json,C02,selected_exploratory_family
Scotiabank,cuenta digital scotiabank perú,cuenta digital scotiabank peru,210,1,https://www.scotiabank.com.pe/Personas/Ahorros/Cuentas-Bancarias/cuenta-digital,2026-09-15 05:32:09 +00:00,2026-09-26 14:41:40 +00:00,2026-10-06T19:16:20.536Z,10061916-1987-0381-0000-92472ff16307,research/pibank-expanded-2026-10-06/ranked-05-provider.json,B04,selected_exploratory_family
Scotiabank,cuentas de ahorros digitales,cuentas de ahorros digitales,210,1,https://www.scotiabank.com.pe/Personas/Ahorros/Cuentas-Bancarias/cuenta-digital,2026-09-16 07:59:24 +00:00,2026-08-17 06:40:23 +00:00,2026-10-06T19:16:20.536Z,10061916-1987-0381-0000-92472ff16307,research/pibank-expanded-2026-10-06/ranked-05-provider.json,C02,selected_exploratory_family
Scotiabank,abrir cuenta scotiabank online,abrir cuenta scotiabank online,170,1,https://www.scotiabank.com.pe/Personas/Ahorros/Cuentas-Bancarias/cuenta-digital,2026-09-14 22:20:03 +00:00,2026-07-08 12:45:22 +00:00,2026-10-06T19:16:20.536Z,10061916-1987-0381-0000-92472ff16307,research/pibank-expanded-2026-10-06/ranked-05-provider.json,B04,selected_exploratory_family
Scotiabank,crear cuenta scotiabank digital,crear cuenta scotiabank digital,170,1,https://www.scotiabank.com.pe/Personas/Ahorros/Cuentas-Bancarias/cuenta-digital,2026-09-15 06:18:06 +00:00,2026-08-31 18:58:53 +00:00,2026-10-06T19:16:20.536Z,10061916-1987-0381-0000-92472ff16307,research/pibank-expanded-2026-10-06/ranked-05-provider.json,B04,selected_exploratory_family
Scotiabank,scotiabank abrir cuenta,scotiabank abrir cuenta,170,1,https://www.scotiabank.com.pe/Personas/Ahorros/Cuentas-Bancarias/cuenta-digital,2026-09-16 20:03:32 +00:00,2026-08-26 06:28:39 +00:00,2026-10-06T19:16:20.536Z,10061916-1987-0381-0000-92472ff16307,research/pibank-expanded-2026-10-06/ranked-05-provider.json,B04,selected_exploratory_family
Scotiabank,scotiabank digital,scotiabank digital,170,1,https://www.scotiabank.com.pe/Personas/Ahorros/Cuentas-Bancarias/cuenta-digital,2026-09-13 01:28:27 +00:00,2026-08-26 06:29:51 +00:00,2026-10-06T19:16:20.536Z,10061916-1987-0381-0000-92472ff16307,research/pibank-expanded-2026-10-06/ranked-05-provider.json,,not_selected_for_capture_plan
BCP,cuentas,cuentas,27100,26,https://www.viabcp.com/ayuda-bcp/cuenta-de-ahorros/cuales-son-los-tipos-de-cuentas-de-ahorros,2026-09-17 19:15:03 +00:00,2026-09-01 11:19:04 +00:00,2026-10-06T19:16:36.606Z,10061916-1987-0381-0000-c011335956d7,research/pibank-expanded-2026-10-06/ranked-08-provider.json,,not_selected_for_capture_plan
BCP,dni saber nombre,dni saber nombre,18100,60,https://www.viabcp.com/ayuda-bcp/cuenta-de-ahorros/como-saber-numero-cuenta-ahorros-bcp-y-codigo-interbancario-cci,2026-09-17 04:39:43 +00:00,2026-07-11 05:41:34 +00:00,2026-10-06T19:16:36.606Z,10061916-1987-0381-0000-c011335956d7,research/pibank-expanded-2026-10-06/ranked-08-provider.json,,not_selected_for_capture_plan
BCP,bcp codigo swift,bcp codigo swift,14800,1,https://www.viabcp.com/empresas/comercio-exterior/pagos-internacionales/transferencias-del-exterior,2026-09-12 20:22:30 +00:00,2026-09-01 19:04:31 +00:00,2026-10-06T19:16:36.606Z,10061916-1987-0381-0000-c011335956d7,research/pibank-expanded-2026-10-06/ranked-08-provider.json,,not_selected_for_capture_plan
BCP,codigo swift bcp,codigo swift bcp,14800,1,https://www.viabcp.com/empresas/comercio-exterior/pagos-internacionales/transferencias-del-exterior,2026-09-13 14:05:21 +00:00,2026-09-01 18:48:31 +00:00,2026-10-06T19:16:36.606Z,10061916-1987-0381-0000-c011335956d7,research/pibank-expanded-2026-10-06/ranked-08-provider.json,,not_selected_for_capture_plan
BCP,yape descargar,yape descargar,14800,26,https://www.viabcp.com/cuentas/cuenta-ahorro/cuenta-yape,2026-09-16 23:09:41 +00:00,2026-09-01 15:57:55 +00:00,2026-10-06T19:16:36.606Z,10061916-1987-0381-0000-c011335956d7,research/pibank-expanded-2026-10-06/ranked-08-provider.json,,not_selected_for_capture_plan
BCP,descargar yape,descargar yape,12100,26,https://www.viabcp.com/cuentas/cuenta-ahorro/cuenta-yape,2026-09-15 19:43:53 +00:00,2026-09-01 21:54:08 +00:00,2026-10-06T19:16:36.606Z,10061916-1987-0381-0000-c011335956d7,research/pibank-expanded-2026-10-06/ranked-08-provider.json,,not_selected_for_capture_plan
BCP,ahorro,ahorro,8100,8,https://www.viabcp.com/blog-bcp/beneficios-plan-de-ahorro-mejora-finanzas,2026-09-12 13:35:13 +00:00,2026-07-11 00:19:57 +00:00,2026-10-06T19:16:36.606Z,10061916-1987-0381-0000-c011335956d7,research/pibank-expanded-2026-10-06/ranked-08-provider.json,,not_selected_for_capture_plan
BCP,bcp crear cuenta,bcp crear cuenta,8100,1,https://www.viabcp.com/cuentas/cuenta-ahorro/cuenta-digital-bcp,2026-09-16 12:05:30 +00:00,2026-09-02 08:51:21 +00:00,2026-10-06T19:16:36.606Z,10061916-1987-0381-0000-c011335956d7,research/pibank-expanded-2026-10-06/ranked-08-provider.json,B01,selected_exploratory_family
BCP,cuenta de ahorro del bcp,cuenta de ahorro del bcp,6600,1,https://www.viabcp.com/cuentas/cuenta-ahorro,2026-09-13 15:51:41 +00:00,2026-07-11 02:34:43 +00:00,2026-10-06T19:16:36.606Z,10061916-1987-0381-0000-c011335956d7,research/pibank-expanded-2026-10-06/ranked-08-provider.json,B01,selected_exploratory_family
BCP,deposito,deposito,6600,23,https://www.viabcp.com/blog-bcp/que-es-deposito-plazo-fijo-inversion,2026-09-16 12:18:06 +00:00,2026-09-04 17:45:39 +00:00,2026-10-06T19:16:36.606Z,10061916-1987-0381-0000-c011335956d7,research/pibank-expanded-2026-10-06/ranked-08-provider.json,,not_selected_for_capture_plan
BCP,depósito a plazo fijo,deposito a plazo fijo,6600,7,https://www.viabcp.com/inversiones/deposito-plazo-fijo/plazo-fijo-dolares,2026-09-16 17:14:13 +00:00,2026-09-02 14:18:05 +00:00,2026-10-06T19:16:36.606Z,10061916-1987-0381-0000-c011335956d7,research/pibank-expanded-2026-10-06/ranked-08-provider.json,,not_selected_for_capture_plan
BCP,utilidades 2026,utilidades 2026,6600,2,https://www.viabcp.com/blog-bcp/deposito-utilidades-como-funciona-ahorros,2026-09-12 19:10:35 +00:00,2026-09-02 09:27:35 +00:00,2026-10-06T19:16:36.606Z,10061916-1987-0381-0000-c011335956d7,research/pibank-expanded-2026-10-06/ranked-08-provider.json,,not_selected_for_capture_plan
BCP,cuenta digital bcp,cuenta digital bcp,5400,1,https://www.viabcp.com/cuentas/cuenta-ahorro/cuenta-digital-bcp,2026-09-13 15:21:57 +00:00,2026-09-02 22:32:05 +00:00,2026-10-06T19:16:36.606Z,10061916-1987-0381-0000-c011335956d7,research/pibank-expanded-2026-10-06/ranked-08-provider.json,B01,selected_exploratory_family
BCP,cuenta sueldo bcp,cuenta sueldo bcp,5400,1,https://www.viabcp.com/cuenta-sueldo-bcp,2026-09-16 12:08:34 +00:00,2026-07-11 04:31:09 +00:00,2026-10-06T19:16:36.606Z,10061916-1987-0381-0000-c011335956d7,research/pibank-expanded-2026-10-06/ranked-08-provider.json,,not_selected_for_capture_plan
BCP,cuentas bcp,cuentas bcp,5400,1,https://www.viabcp.com/cuentas,2026-09-15 17:40:04 +00:00,2026-09-02 22:21:14 +00:00,2026-10-06T19:16:36.606Z,10061916-1987-0381-0000-c011335956d7,research/pibank-expanded-2026-10-06/ranked-08-provider.json,,not_selected_for_capture_plan
BCP,descargar yape con dni,descargar yape con dni,5400,21,https://www.viabcp.com/cuentas/cuenta-ahorro/cuenta-yape,2026-09-13 20:57:01 +00:00,2026-07-11 04:27:32 +00:00,2026-10-06T19:16:36.606Z,10061916-1987-0381-0000-c011335956d7,research/pibank-expanded-2026-10-06/ranked-08-provider.json,,not_selected_for_capture_plan
BCP,utilidades,utilidades,5400,6,https://www.viabcp.com/blog-bcp/deposito-utilidades-como-funciona-ahorros,2026-09-12 01:56:19 +00:00,2026-07-11 10:21:52 +00:00,2026-10-06T19:16:36.606Z,10061916-1987-0381-0000-c011335956d7,research/pibank-expanded-2026-10-06/ranked-08-provider.json,,not_selected_for_capture_plan
BCP,cheques,cheques,4400,18,https://www.viabcp.com/informacion/todo-sobre-cuentas,2026-09-16 03:04:54 +00:00,2026-07-11 06:42:27 +00:00,2026-10-06T19:16:36.606Z,10061916-1987-0381-0000-c011335956d7,research/pibank-expanded-2026-10-06/ranked-08-provider.json,,not_selected_for_capture_plan
BCP,como saber mi numero de cuenta bcp,como saber mi numero de cuenta bcp,4400,1,https://www.viabcp.com/ayuda-bcp/cuenta-de-ahorros/como-saber-numero-cuenta-ahorros-bcp-y-codigo-interbancario-cci,2026-09-15 12:05:45 +00:00,2026-09-03 08:20:00 +00:00,2026-10-06T19:16:36.606Z,10061916-1987-0381-0000-c011335956d7,research/pibank-expanded-2026-10-06/ranked-08-provider.json,,not_selected_for_capture_plan
BCP,cuenta bancaria,cuenta bancaria,4400,2,https://www.viabcp.com/cuentas,2026-09-13 19:42:48 +00:00,2026-07-11 04:33:30 +00:00,2026-10-06T19:16:36.606Z,10061916-1987-0381-0000-c011335956d7,research/pibank-expanded-2026-10-06/ranked-08-provider.json,,not_selected_for_capture_plan
BCP,instalar yape,instalar yape,4400,17,https://www.viabcp.com/cuentas/cuenta-ahorro/cuenta-yape,2026-09-15 16:07:49 +00:00,2026-07-11 05:46:28 +00:00,2026-10-06T19:16:36.606Z,10061916-1987-0381-0000-c011335956d7,research/pibank-expanded-2026-10-06/ranked-08-provider.json,,not_selected_for_capture_plan
BCP,número de yape,numero de yape,4400,29,https://www.viabcp.com/cuentas/cuenta-ahorro/cuenta-yape,2026-09-12 22:57:06 +00:00,2026-07-11 05:35:21 +00:00,2026-10-06T19:16:36.606Z,10061916-1987-0381-0000-c011335956d7,research/pibank-expanded-2026-10-06/ranked-08-provider.json,,not_selected_for_capture_plan
BCP,transferencia,transferencia,4400,24,https://www.viabcp.com/ayuda-bcp/operaciones-digitales/como-realizo-transferencias-entre-cuentas-propias-o-terceros,2026-09-16 13:58:49 +00:00,2026-09-03 01:12:41 +00:00,2026-10-06T19:16:36.606Z,10061916-1987-0381-0000-c011335956d7,research/pibank-expanded-2026-10-06/ranked-08-provider.json,,not_selected_for_capture_plan
BCP,codigo swift,codigo swift,3600,6,https://www.viabcp.com/empresas/comercio-exterior/pagos-internacionales/transferencias-del-exterior,2026-09-12 03:11:54 +00:00,2026-09-03 19:04:20 +00:00,2026-10-06T19:16:36.606Z,10061916-1987-0381-0000-c011335956d7,research/pibank-expanded-2026-10-06/ranked-08-provider.json,,not_selected_for_capture_plan
BCP,cuenta mancomunada,cuenta mancomunada,3600,3,https://www.viabcp.com/blog-bcp/finanzas-en-pareja-consejos-ahorrar-juntos,2026-09-15 01:28:05 +00:00,2026-07-11 09:07:07 +00:00,2026-10-06T19:16:36.606Z,10061916-1987-0381-0000-c011335956d7,research/pibank-expanded-2026-10-06/ranked-08-provider.json,,not_selected_for_capture_plan
BCP,numero de cuenta bcp,numero de cuenta bcp,3600,1,https://www.viabcp.com/ayuda-bcp/cuenta-de-ahorros/como-saber-numero-cuenta-ahorros-bcp-y-codigo-interbancario-cci,2026-09-15 12:44:24 +00:00,2026-09-03 14:18:58 +00:00,2026-10-06T19:16:36.606Z,10061916-1987-0381-0000-c011335956d7,research/pibank-expanded-2026-10-06/ranked-08-provider.json,,not_selected_for_capture_plan
BCP,premio,premio,3600,5,https://www.viabcp.com/cuentas/cuenta-ahorro/cuenta-premio-bcp,2026-09-13 00:22:37 +00:00,2026-09-03 13:06:21 +00:00,2026-10-06T19:16:36.606Z,10061916-1987-0381-0000-c011335956d7,research/pibank-expanded-2026-10-06/ranked-08-provider.json,,not_selected_for_capture_plan
BCP,tasa de interés,tasa de interes,3600,35,https://www.viabcp.com/inversiones/deposito-plazo-fijo/pago-de-intereses-mensuales,2026-09-15 23:06:51 +00:00,2026-09-03 11:19:50 +00:00,2026-10-06T19:16:36.606Z,10061916-1987-0381-0000-c011335956d7,research/pibank-expanded-2026-10-06/ranked-08-provider.json,,not_selected_for_capture_plan
BCP,yape con dni,yape con dni,3600,30,https://www.viabcp.com/cuentas/cuenta-ahorro/cuenta-yape,2026-09-14 05:32:28 +00:00,2026-09-03 10:11:14 +00:00,2026-10-06T19:16:36.606Z,10061916-1987-0381-0000-c011335956d7,research/pibank-expanded-2026-10-06/ranked-08-provider.json,,not_selected_for_capture_plan
BCP,beneficios cuenta sueldo bcp,beneficios cuenta sueldo bcp,2900,1,https://www.viabcp.com/cuentas/cuenta-sueldo,2026-09-17 22:24:00 +00:00,2026-09-04 07:37:41 +00:00,2026-10-06T19:16:36.606Z,10061916-1987-0381-0000-c011335956d7,research/pibank-expanded-2026-10-06/ranked-08-provider.json,,not_selected_for_capture_plan
BCP,cuando pagan las utilidades,cuando pagan las utilidades,2900,3,https://www.viabcp.com/blog-bcp/deposito-utilidades-como-funciona-ahorros,2026-09-14 23:03:39 +00:00,2026-09-04 05:50:27 +00:00,2026-10-06T19:16:36.606Z,10061916-1987-0381-0000-c011335956d7,research/pibank-expanded-2026-10-06/ranked-08-provider.json,,not_selected_for_capture_plan
BCP,cuando pagan utilidades,cuando pagan utilidades,2900,3,https://www.viabcp.com/blog-bcp/deposito-utilidades-como-funciona-ahorros,2026-09-15 16:20:18 +00:00,2026-07-11 15:05:32 +00:00,2026-10-06T19:16:36.606Z,10061916-1987-0381-0000-c011335956d7,research/pibank-expanded-2026-10-06/ranked-08-provider.json,,not_selected_for_capture_plan
BCP,cuenta corriente bcp,cuenta corriente bcp,2900,1,https://www.viabcp.com/cuentas/cuenta-corriente/cuenta-corriente-bcp,2026-09-17 22:24:00 +00:00,2026-09-04 05:47:03 +00:00,2026-10-06T19:16:36.606Z,10061916-1987-0381-0000-c011335956d7,research/pibank-expanded-2026-10-06/ranked-08-provider.json,,not_selected_for_capture_plan
BCP,cuenta de ahorros,cuenta de ahorros,2900,1,https://www.viabcp.com/cuentas/cuenta-ahorro,2026-09-17 05:09:54 +00:00,2026-09-03 18:45:16 +00:00,2026-10-06T19:16:36.606Z,10061916-1987-0381-0000-c011335956d7,research/pibank-expanded-2026-10-06/ranked-08-provider.json,G01,selected_exploratory_family
BCP,código swift bcp,codigo swift bcp,2900,1,https://www.viabcp.com/empresas/comercio-exterior/pagos-internacionales/transferencias-del-exterior,2026-09-14 03:12:30 +00:00,2026-07-11 17:02:09 +00:00,2026-10-06T19:16:36.606Z,10061916-1987-0381-0000-c011335956d7,research/pibank-expanded-2026-10-06/ranked-08-provider.json,,not_selected_for_capture_plan
BCP,intereses,intereses,2900,19,https://www.viabcp.com/inversiones/deposito-plazo-fijo/pago-de-intereses-mensuales,2026-09-17 03:08:11 +00:00,2026-09-04 03:08:48 +00:00,2026-10-06T19:16:36.606Z,10061916-1987-0381-0000-c011335956d7,research/pibank-expanded-2026-10-06/ranked-08-provider.json,,not_selected_for_capture_plan
BCP,plazo fijo interbank,plazo fijo interbank,2900,47,https://www.viabcp.com/inversiones/deposito-plazo-fijo,2026-09-16 22:25:39 +00:00,2026-09-04 00:18:34 +00:00,2026-10-06T19:16:36.606Z,10061916-1987-0381-0000-c011335956d7,research/pibank-expanded-2026-10-06/ranked-08-provider.json,,not_selected_for_capture_plan
BCP,premios,premios,2900,8,https://www.viabcp.com/cuentas/cuenta-ahorro/cuenta-premio-bcp,2026-09-15 16:36:33 +00:00,2026-07-11 12:06:14 +00:00,2026-10-06T19:16:36.606Z,10061916-1987-0381-0000-c011335956d7,research/pibank-expanded-2026-10-06/ranked-08-provider.json,,not_selected_for_capture_plan
BCP,actualizar yape,actualizar yape,2400,19,https://www.viabcp.com/cuentas/cuenta-ahorro/cuenta-yape,2026-09-12 04:30:23 +00:00,2026-07-12 07:10:24 +00:00,2026-10-06T19:16:36.606Z,10061916-1987-0381-0000-c011335956d7,research/pibank-expanded-2026-10-06/ranked-08-provider.json,,not_selected_for_capture_plan
BCP,cuanto demora una transferencia interbancaria,cuanto demora una transferencia interbancaria,2400,2,https://www.viabcp.com/otros-servicios/envios-nacionales/transferencias-interbancarias-diferidas,2026-09-13 03:08:26 +00:00,2026-07-12 03:49:00 +00:00,2026-10-06T19:16:36.606Z,10061916-1987-0381-0000-c011335956d7,research/pibank-expanded-2026-10-06/ranked-08-provider.json,,not_selected_for_capture_plan
BCP,cuenta corriente,cuenta corriente,2400,1,https://www.viabcp.com/cuentas/cuenta-corriente/cuenta-corriente-bcp,2026-09-14 21:26:59 +00:00,2026-07-12 03:46:43 +00:00,2026-10-06T19:16:36.606Z,10061916-1987-0381-0000-c011335956d7,research/pibank-expanded-2026-10-06/ranked-08-provider.json,,not_selected_for_capture_plan
BCP,pago de utilidades 2026,pago de utilidades 2026,2400,2,https://www.viabcp.com/blog-bcp/deposito-utilidades-como-funciona-ahorros,2026-09-14 16:24:44 +00:00,2026-09-04 12:58:32 +00:00,2026-10-06T19:16:36.606Z,10061916-1987-0381-0000-c011335956d7,research/pibank-expanded-2026-10-06/ranked-08-provider.json,,not_selected_for_capture_plan
BCP,plazo fijo bcp,plazo fijo bcp,2400,1,https://www.viabcp.com/inversiones/deposito-plazo-fijo,2026-09-12 03:14:29 +00:00,2026-09-04 12:10:54 +00:00,2026-10-06T19:16:36.606Z,10061916-1987-0381-0000-c011335956d7,research/pibank-expanded-2026-10-06/ranked-08-provider.json,,not_selected_for_capture_plan
BCP,swift bcp,swift bcp,2400,1,https://www.viabcp.com/empresas/comercio-exterior/pagos-internacionales/transferencias-del-exterior,2026-09-13 22:10:44 +00:00,2026-07-11 18:46:44 +00:00,2026-10-06T19:16:36.606Z,10061916-1987-0381-0000-c011335956d7,research/pibank-expanded-2026-10-06/ranked-08-provider.json,,not_selected_for_capture_plan
BCP,bbva plazo fijo,bbva plazo fijo,1900,58,https://www.viabcp.com/inversiones/deposito-plazo-fijo,2026-09-12 20:29:42 +00:00,2026-07-13 00:46:14 +00:00,2026-10-06T19:16:36.606Z,10061916-1987-0381-0000-c011335956d7,research/pibank-expanded-2026-10-06/ranked-08-provider.json,,not_selected_for_capture_plan
BCP,bcp cuenta digital,bcp cuenta digital,1900,1,https://www.viabcp.com/cuentas/cuenta-ahorro/cuenta-digital-bcp,2026-09-14 11:17:48 +00:00,2026-07-13 00:57:28 +00:00,2026-10-06T19:16:36.606Z,10061916-1987-0381-0000-c011335956d7,research/pibank-expanded-2026-10-06/ranked-08-provider.json,B01,selected_exploratory_family
BCP,cheque de gerencia,cheque de gerencia,1900,23,https://www.viabcp.com/informacion/todo-sobre-cuentas,2026-09-15 22:56:57 +00:00,2026-09-05 07:50:43 +00:00,2026-10-06T19:16:36.606Z,10061916-1987-0381-0000-c011335956d7,research/pibank-expanded-2026-10-06/ranked-08-provider.json,,not_selected_for_capture_plan
BCP,como saber mi número de cuenta bcp con dni,como saber mi numero de cuenta bcp con dni,1900,1,https://www.viabcp.com/ayuda-bcp/cuenta-de-ahorros/como-saber-numero-cuenta-ahorros-bcp-y-codigo-interbancario-cci,2026-09-17 13:34:35 +00:00,2026-07-12 22:39:44 +00:00,2026-10-06T19:16:36.606Z,10061916-1987-0381-0000-c011335956d7,research/pibank-expanded-2026-10-06/ranked-08-provider.json,,not_selected_for_capture_plan
BCP,cuando pagan utilidades 2026,cuando pagan utilidades 2026,1900,2,https://www.viabcp.com/blog-bcp/deposito-utilidades-como-funciona-ahorros,2026-09-14 08:36:48 +00:00,2026-09-05 07:07:07 +00:00,2026-10-06T19:16:36.606Z,10061916-1987-0381-0000-c011335956d7,research/pibank-expanded-2026-10-06/ranked-08-provider.json,,not_selected_for_capture_plan
BCP,cuenta mancomunada bcp,cuenta mancomunada bcp,1900,1,https://www.viabcp.com/cuentas/cuenta-corriente/cuenta-corriente-bcp,2026-09-13 20:42:54 +00:00,2026-07-12 21:40:54 +00:00,2026-10-06T19:16:36.606Z,10061916-1987-0381-0000-c011335956d7,research/pibank-expanded-2026-10-06/ranked-08-provider.json,,not_selected_for_capture_plan
BCP,cuenta sueldo,cuenta sueldo,1900,2,https://www.viabcp.com/cuenta-sueldo-bcp,2026-09-17 18:32:24 +00:00,2026-07-12 03:46:38 +00:00,2026-10-06T19:16:36.606Z,10061916-1987-0381-0000-c011335956d7,research/pibank-expanded-2026-10-06/ranked-08-provider.json,,not_selected_for_capture_plan
BCP,cómo saber mi número de cuenta bcp con dni,como saber mi numero de cuenta bcp con dni,1900,1,https://www.viabcp.com/ayuda-bcp/cuenta-de-ahorros/como-saber-numero-cuenta-ahorros-bcp-y-codigo-interbancario-cci,2026-09-16 23:04:58 +00:00,2026-09-05 06:53:53 +00:00,2026-10-06T19:16:36.606Z,10061916-1987-0381-0000-c011335956d7,research/pibank-expanded-2026-10-06/ranked-08-provider.json,,not_selected_for_capture_plan
BCP,estado de cuenta,estado de cuenta,1900,1,https://www.viabcp.com/ayuda-bcp/cuenta-de-ahorros/como-ver-estados-de-cuenta-ahorros-bcp,2026-09-13 03:08:26 +00:00,2026-09-05 05:44:33 +00:00,2026-10-06T19:16:36.606Z,10061916-1987-0381-0000-c011335956d7,research/pibank-expanded-2026-10-06/ranked-08-provider.json,,not_selected_for_capture_plan
BCP,transferencia interbancaria,transferencia interbancaria,1900,1,https://www.viabcp.com/otros-servicios/envios-nacionales/transferencias-interbancarias-diferidas,2026-09-16 10:18:29 +00:00,2026-09-04 21:40:10 +00:00,2026-10-06T19:16:36.606Z,10061916-1987-0381-0000-c011335956d7,research/pibank-expanded-2026-10-06/ranked-08-provider.json,,not_selected_for_capture_plan
BCP,crear cuenta bcp digital,crear cuenta bcp digital,1600,1,https://www.viabcp.com/cuentas/cuenta-ahorro/cuenta-digital-bcp,2026-09-17 17:23:36 +00:00,2026-07-14 02:19:39 +00:00,2026-10-06T19:16:36.606Z,10061916-1987-0381-0000-c011335956d7,research/pibank-expanded-2026-10-06/ranked-08-provider.json,B01,selected_exploratory_family
BCP,cuentas de ahorro de alto rendimiento,cuentas de ahorro de alto rendimiento,1600,12,https://www.viabcp.com/blog-bcp/como-elegir-cuenta-ahorro-tipos,2026-09-14 10:11:37 +00:00,2026-09-05 21:23:43 +00:00,2026-10-06T19:16:36.606Z,10061916-1987-0381-0000-c011335956d7,research/pibank-expanded-2026-10-06/ranked-08-provider.json,C01,selected_exploratory_family
BCP,depósito a plazo fijo simulador,deposito a plazo fijo simulador,1600,13,https://www.viabcp.com/inversiones/deposito-plazo-fijo,2026-09-15 09:51:35 +00:00,2026-09-05 20:44:49 +00:00,2026-10-06T19:16:36.606Z,10061916-1987-0381-0000-c011335956d7,research/pibank-expanded-2026-10-06/ranked-08-provider.json,,not_selected_for_capture_plan
BCP,descargar yape sin play store,descargar yape sin play store,1600,25,https://www.viabcp.com/cuentas/cuenta-ahorro/cuenta-yape,2026-09-16 11:26:40 +00:00,2026-09-05 20:40:45 +00:00,2026-10-06T19:16:36.606Z,10061916-1987-0381-0000-c011335956d7,research/pibank-expanded-2026-10-06/ranked-08-provider.json,,not_selected_for_capture_plan
BCP,fondo de seguro de deposito,fondo de seguro de deposito,1600,19,https://www.viabcp.com/fondosegurodepositos,2026-09-17 23:21:44 +00:00,2026-09-05 19:16:05 +00:00,2026-10-06T19:16:36.606Z,10061916-1987-0381-0000-c011335956d7,research/pibank-expanded-2026-10-06/ranked-08-provider.json,E02,selected_exploratory_family
BCP,fondo de seguro de depositos,fondo de seguro de depositos,1600,21,https://www.viabcp.com/fondosegurodepositos,2026-09-12 15:15:53 +00:00,2026-07-12 19:29:19 +00:00,2026-10-06T19:16:36.606Z,10061916-1987-0381-0000-c011335956d7,research/pibank-expanded-2026-10-06/ranked-08-provider.json,E02,selected_exploratory_family
BCP,fondo de seguro de depósito,fondo de seguro de deposito,1600,25,https://www.viabcp.com/fondosegurodepositos,2026-09-15 23:31:44 +00:00,2026-07-12 19:14:52 +00:00,2026-10-06T19:16:36.606Z,10061916-1987-0381-0000-c011335956d7,research/pibank-expanded-2026-10-06/ranked-08-provider.json,E02,selected_exploratory_family
BCP,fondo de seguro de depósitos,fondo de seguro de depositos,1600,19,https://www.viabcp.com/fondosegurodepositos,2026-09-13 13:52:33 +00:00,2026-07-12 19:28:58 +00:00,2026-10-06T19:16:36.606Z,10061916-1987-0381-0000-c011335956d7,research/pibank-expanded-2026-10-06/ranked-08-provider.json,E02,selected_exploratory_family
BCP,fondo seguro de deposito,fondo seguro de deposito,1600,29,https://www.viabcp.com/fondosegurodepositos,2026-09-16 19:56:24 +00:00,2026-07-12 19:14:38 +00:00,2026-10-06T19:16:36.606Z,10061916-1987-0381-0000-c011335956d7,research/pibank-expanded-2026-10-06/ranked-08-provider.json,E02,selected_exploratory_family
BCP,invertir,invertir,1600,7,https://www.viabcp.com/blog-bcp/ahorrar-o-invertir-descubre-mejor-opcion,2026-09-14 08:05:38 +00:00,2026-09-05 17:30:56 +00:00,2026-10-06T19:16:36.606Z,10061916-1987-0381-0000-c011335956d7,research/pibank-expanded-2026-10-06/ranked-08-provider.json,,not_selected_for_capture_plan
BCP,que ahorrar,que ahorrar,1600,10,https://www.viabcp.com/blog-bcp/estrategias-como-ahorrar-dinero-en-casa,2026-09-17 16:32:34 +00:00,2026-07-13 08:10:43 +00:00,2026-10-06T19:16:36.606Z,10061916-1987-0381-0000-c011335956d7,research/pibank-expanded-2026-10-06/ranked-08-provider.json,,not_selected_for_capture_plan
BCP,que es una cuenta corriente,que es una cuenta corriente,1600,3,https://www.viabcp.com/cuentas/cuenta-corriente/cuenta-corriente-bcp,2026-09-16 05:42:28 +00:00,2026-07-12 11:39:33 +00:00,2026-10-06T19:16:36.606Z,10061916-1987-0381-0000-c011335956d7,research/pibank-expanded-2026-10-06/ranked-08-provider.json,,not_selected_for_capture_plan
BCP,abrir cuenta en dolares bcp,abrir cuenta en dolares bcp,1300,1,https://www.viabcp.com/cuenta-dolares,2026-09-17 12:20:03 +00:00,2026-07-14 04:58:08 +00:00,2026-10-06T19:16:36.606Z,10061916-1987-0381-0000-c011335956d7,research/pibank-expanded-2026-10-06/ranked-08-provider.json,,not_selected_for_capture_plan
BCP,bcp promociones,bcp promociones,1300,1,https://www.viabcp.com/sorteos-y-campanas-ahorros,2026-09-17 01:46:54 +00:00,2026-07-15 05:11:38 +00:00,2026-10-06T19:16:36.606Z,10061916-1987-0381-0000-c011335956d7,research/pibank-expanded-2026-10-06/ranked-08-provider.json,,not_selected_for_capture_plan
BCP,como recuperar mi yape con dni,como recuperar mi yape con dni,1300,24,https://www.viabcp.com/cuentas/cuenta-ahorro/cuenta-yape,2026-09-16 12:36:27 +00:00,2026-07-15 01:59:43 +00:00,2026-10-06T19:16:36.606Z,10061916-1987-0381-0000-c011335956d7,research/pibank-expanded-2026-10-06/ranked-08-provider.json,,not_selected_for_capture_plan
BCP,consultar mi cts con dni,consultar mi cts con dni,1300,20,https://www.viabcp.com/cuentas/cuenta-sueldo/cuenta-cts-bcp,2026-09-14 18:31:41 +00:00,2026-09-06 14:22:32 +00:00,2026-10-06T19:16:36.606Z,10061916-1987-0381-0000-c011335956d7,research/pibank-expanded-2026-10-06/ranked-08-provider.json,,not_selected_for_capture_plan
BCP,crear cuenta digital bcp,crear cuenta digital bcp,1300,1,https://www.viabcp.com/cuentas/cuenta-ahorro/cuenta-digital-bcp,2026-09-17 01:19:03 +00:00,2026-07-16 11:00:07 +00:00,2026-10-06T19:16:36.606Z,10061916-1987-0381-0000-c011335956d7,research/pibank-expanded-2026-10-06/ranked-08-provider.json,B01,selected_exploratory_family
BCP,cts oh,cts oh,1300,32,https://www.viabcp.com/cuentas/cuenta-sueldo/cuenta-cts-bcp,2026-09-16 05:19:55 +00:00,2026-07-15 01:09:16 +00:00,2026-10-06T19:16:36.606Z,10061916-1987-0381-0000-c011335956d7,research/pibank-expanded-2026-10-06/ranked-08-provider.json,,not_selected_for_capture_plan
BCP,cuenta a plazo fijo,cuenta a plazo fijo,1300,25,https://www.viabcp.com/blog-bcp/que-es-deposito-plazo-fijo-inversion,2026-09-14 18:03:43 +00:00,2026-07-15 01:08:42 +00:00,2026-10-06T19:16:36.606Z,10061916-1987-0381-0000-c011335956d7,research/pibank-expanded-2026-10-06/ranked-08-provider.json,,not_selected_for_capture_plan
BCP,cuenta bcp digital,cuenta bcp digital,1300,1,https://www.viabcp.com/cuentas/cuenta-ahorro/cuenta-digital-bcp,2026-09-13 07:08:19 +00:00,2026-07-15 01:05:02 +00:00,2026-10-06T19:16:36.606Z,10061916-1987-0381-0000-c011335956d7,research/pibank-expanded-2026-10-06/ranked-08-provider.json,,not_selected_for_capture_plan
BCP,cuenta digital,cuenta digital,1300,2,https://www.viabcp.com/cuentas/cuenta-ahorro/cuenta-digital-bcp,2026-09-12 08:53:56 +00:00,2026-07-15 01:11:08 +00:00,2026-10-06T19:16:36.606Z,10061916-1987-0381-0000-c011335956d7,research/pibank-expanded-2026-10-06/ranked-08-provider.json,C02,selected_exploratory_family
BCP,cuenta premio bcp,cuenta premio bcp,1300,1,https://www.viabcp.com/cuentas/cuenta-ahorro/cuenta-premio-bcp,2026-09-12 20:51:52 +00:00,2026-09-05 21:09:42 +00:00,2026-10-06T19:16:36.606Z,10061916-1987-0381-0000-c011335956d7,research/pibank-expanded-2026-10-06/ranked-08-provider.json,,not_selected_for_capture_plan
BCP,cuy magico,cuy magico,1300,1,https://www.viabcp.com/promos-ahorros-bcp,2026-09-13 19:06:15 +00:00,2026-07-14 01:55:03 +00:00,2026-10-06T19:16:36.606Z,10061916-1987-0381-0000-c011335956d7,research/pibank-expanded-2026-10-06/ranked-08-provider.json,,not_selected_for_capture_plan
BCP,depósito a plazo fijo bcp,deposito a plazo fijo bcp,1300,1,https://www.viabcp.com/inversiones/deposito-plazo-fijo,2026-09-17 14:24:38 +00:00,2026-07-15 00:09:58 +00:00,2026-10-06T19:16:36.606Z,10061916-1987-0381-0000-c011335956d7,research/pibank-expanded-2026-10-06/ranked-08-provider.json,,not_selected_for_capture_plan
BCP,extracto bancaria,extracto bancaria,1300,31,https://www.viabcp.com/ayuda-bcp/cuenta-de-ahorros/como-ver-estados-de-cuenta-ahorros-bcp,2026-09-17 19:31:57 +00:00,2026-09-06 11:30:16 +00:00,2026-10-06T19:16:36.606Z,10061916-1987-0381-0000-c011335956d7,research/pibank-expanded-2026-10-06/ranked-08-provider.json,,not_selected_for_capture_plan
BCP,extracto bancario,extracto bancario,1300,17,https://www.viabcp.com/ayuda-bcp/cuenta-de-ahorros/como-ver-estados-de-cuenta-ahorros-bcp,2026-09-14 03:40:27 +00:00,2026-07-14 00:37:09 +00:00,2026-10-06T19:16:36.606Z,10061916-1987-0381-0000-c011335956d7,research/pibank-expanded-2026-10-06/ranked-08-provider.json,,not_selected_for_capture_plan
BCP,extracto bancarios,extracto bancarios,1300,32,https://www.viabcp.com/ayuda-bcp/cuenta-de-ahorros/como-ver-estados-de-cuenta-ahorros-bcp,2026-09-12 17:48:17 +00:00,2026-09-06 11:42:41 +00:00,2026-10-06T19:16:36.606Z,10061916-1987-0381-0000-c011335956d7,research/pibank-expanded-2026-10-06/ranked-08-provider.json,,not_selected_for_capture_plan
BCP,numero de cuenta,numero de cuenta,1300,1,https://www.viabcp.com/ayuda-bcp/cuenta-de-ahorros/como-saber-numero-cuenta-ahorros-bcp-y-codigo-interbancario-cci,2026-09-12 09:34:23 +00:00,2026-07-14 13:25:29 +00:00,2026-10-06T19:16:36.606Z,10061916-1987-0381-0000-c011335956d7,research/pibank-expanded-2026-10-06/ranked-08-provider.json,,not_selected_for_capture_plan
BCP,tarjeta oechsle estado de cuenta,tarjeta oechsle estado de cuenta,1300,31,https://www.viabcp.com/ayuda-bcp/cuenta-de-ahorros/como-ver-estados-de-cuenta-ahorros-bcp,2026-09-17 00:43:00 +00:00,2026-09-06 02:11:26 +00:00,2026-10-06T19:16:36.606Z,10061916-1987-0381-0000-c011335956d7,research/pibank-expanded-2026-10-06/ranked-08-provider.json,,not_selected_for_capture_plan
BCP,transferencia diferida,transferencia diferida,1300,2,https://www.viabcp.com/otros-servicios/envios-nacionales/transferencias-interbancarias-diferidas,2026-09-17 09:28:00 +00:00,2026-09-06 01:41:29 +00:00,2026-10-06T19:16:36.606Z,10061916-1987-0381-0000-c011335956d7,research/pibank-expanded-2026-10-06/ranked-08-provider.json,,not_selected_for_capture_plan
BCP,yape app,yape app,1300,7,https://www.viabcp.com/cuentas/cuenta-ahorro/cuenta-yape,2026-09-12 04:30:02 +00:00,2026-07-14 05:24:58 +00:00,2026-10-06T19:16:36.606Z,10061916-1987-0381-0000-c011335956d7,research/pibank-expanded-2026-10-06/ranked-08-provider.json,,not_selected_for_capture_plan
BCP,yape iniciar sesion,yape iniciar sesion,1300,5,https://www.viabcp.com/cuentas/cuenta-ahorro/cuenta-yape,2026-09-16 05:00:50 +00:00,2026-07-14 05:17:46 +00:00,2026-10-06T19:16:36.606Z,10061916-1987-0381-0000-c011335956d7,research/pibank-expanded-2026-10-06/ranked-08-provider.json,,not_selected_for_capture_plan
BCP,yape iniciar sesión,yape iniciar sesion,1300,5,https://www.viabcp.com/cuentas/cuenta-ahorro/cuenta-yape,2026-09-13 18:48:24 +00:00,2026-09-06 00:38:43 +00:00,2026-10-06T19:16:36.606Z,10061916-1987-0381-0000-c011335956d7,research/pibank-expanded-2026-10-06/ranked-08-provider.json,,not_selected_for_capture_plan
BCP,yape peru,yape peru,1300,12,https://www.viabcp.com/cuentas/cuenta-ahorro/cuenta-yape,2026-09-12 19:04:06 +00:00,2026-07-14 05:32:43 +00:00,2026-10-06T19:16:36.606Z,10061916-1987-0381-0000-c011335956d7,research/pibank-expanded-2026-10-06/ranked-08-provider.json,,not_selected_for_capture_plan
BCP,bcp cuenta sueldo,bcp cuenta sueldo,1000,1,https://www.viabcp.com/cuenta-sueldo-bcp,2026-09-15 18:36:40 +00:00,2026-09-07 13:18:55 +00:00,2026-10-06T19:16:36.606Z,10061916-1987-0381-0000-c011335956d7,research/pibank-expanded-2026-10-06/ranked-08-provider.json,,not_selected_for_capture_plan
BCP,cci bn,cci bn,1000,28,https://www.viabcp.com/ayuda-bcp/cuenta-de-ahorros/como-saber-numero-cuenta-ahorros-bcp-y-codigo-interbancario-cci,2026-09-12 17:25:48 +00:00,2026-09-07 12:05:55 +00:00,2026-10-06T19:16:36.606Z,10061916-1987-0381-0000-c011335956d7,research/pibank-expanded-2026-10-06/ranked-08-provider.json,,not_selected_for_capture_plan
BCP,codigo interbancario bn,codigo interbancario bn,1000,39,https://www.viabcp.com/ayuda-bcp/cuenta-de-ahorros/como-saber-numero-cuenta-ahorros-bcp-y-codigo-interbancario-cci,2026-09-15 14:47:19 +00:00,2026-07-16 12:36:36 +00:00,2026-10-06T19:16:36.606Z,10061916-1987-0381-0000-c011335956d7,research/pibank-expanded-2026-10-06/ranked-08-provider.json,,not_selected_for_capture_plan
BCP,como crear yape,como crear yape,1000,24,https://www.viabcp.com/cuentas/cuenta-ahorro/cuenta-yape,2026-09-15 04:12:32 +00:00,2026-07-15 02:21:21 +00:00,2026-10-06T19:16:36.606Z,10061916-1987-0381-0000-c011335956d7,research/pibank-expanded-2026-10-06/ranked-08-provider.json,,not_selected_for_capture_plan
BCP,como saber si tengo cts,como saber si tengo cts,1000,13,https://www.viabcp.com/cuentas/cuenta-sueldo/cuenta-cts-bcp,2026-09-14 20:42:35 +00:00,2026-09-07 10:45:16 +00:00,2026-10-06T19:16:36.606Z,10061916-1987-0381-0000-c011335956d7,research/pibank-expanded-2026-10-06/ranked-08-provider.json,,not_selected_for_capture_plan
BCP,cts bcp,cts bcp,1000,1,https://www.viabcp.com/cuentas/cuenta-sueldo/cuenta-cts-bcp,2026-09-16 20:01:55 +00:00,2026-07-15 01:09:27 +00:00,2026-10-06T19:16:36.606Z,10061916-1987-0381-0000-c011335956d7,research/pibank-expanded-2026-10-06/ranked-08-provider.json,,not_selected_for_capture_plan
BCP,cual es mi numero de cuenta bcp,cual es mi numero de cuenta bcp,1000,1,https://www.viabcp.com/ayuda-bcp/cuenta-de-ahorros/como-saber-numero-cuenta-ahorros-bcp-y-codigo-interbancario-cci,2026-09-14 08:01:45 +00:00,2026-07-16 11:01:07 +00:00,2026-10-06T19:16:36.606Z,10061916-1987-0381-0000-c011335956d7,research/pibank-expanded-2026-10-06/ranked-08-provider.json,,not_selected_for_capture_plan
BCP,cuando pagan las utilidades 2026,cuando pagan las utilidades 2026,1000,2,https://www.viabcp.com/blog-bcp/deposito-utilidades-como-funciona-ahorros,2026-09-15 02:22:46 +00:00,2026-09-07 10:13:06 +00:00,2026-10-06T19:16:36.606Z,10061916-1987-0381-0000-c011335956d7,research/pibank-expanded-2026-10-06/ranked-08-provider.json,,not_selected_for_capture_plan
BCP,cuenta ahorros bcp,cuenta ahorros bcp,1000,1,https://www.viabcp.com/cuentas/cuenta-ahorro,2026-09-17 11:28:48 +00:00,2026-07-16 10:45:11 +00:00,2026-10-06T19:16:36.606Z,10061916-1987-0381-0000-c011335956d7,research/pibank-expanded-2026-10-06/ranked-08-provider.json,B01,selected_exploratory_family
BCP,cuenta corriente y cuenta de ahorro,cuenta corriente y cuenta de ahorro,1000,3,https://www.viabcp.com/cuentas/cuenta-ahorro,2026-09-16 09:11:09 +00:00,2026-09-07 10:06:01 +00:00,2026-10-06T19:16:36.606Z,10061916-1987-0381-0000-c011335956d7,research/pibank-expanded-2026-10-06/ranked-08-provider.json,,not_selected_for_capture_plan
BCP,cuenta cts,cuenta cts,1000,1,https://www.viabcp.com/cuentas/cuenta-sueldo/cuenta-cts-bcp,2026-09-15 17:12:57 +00:00,2026-07-16 10:48:57 +00:00,2026-10-06T19:16:36.606Z,10061916-1987-0381-0000-c011335956d7,research/pibank-expanded-2026-10-06/ranked-08-provider.json,,not_selected_for_capture_plan
BCP,cuenta de ahorros o cuenta corriente,cuenta de ahorros o cuenta corriente,1000,3,https://www.viabcp.com/cuentas/cuenta-ahorro,2026-09-15 02:13:23 +00:00,2026-09-07 09:51:36 +00:00,2026-10-06T19:16:36.606Z,10061916-1987-0381-0000-c011335956d7,research/pibank-expanded-2026-10-06/ranked-08-provider.json,,not_selected_for_capture_plan
BCP,cuenta dolares bcp,cuenta dolares bcp,1000,1,https://www.viabcp.com/cuenta-dolares,2026-09-12 09:10:00 +00:00,2026-07-16 10:34:05 +00:00,2026-10-06T19:16:36.606Z,10061916-1987-0381-0000-c011335956d7,research/pibank-expanded-2026-10-06/ranked-08-provider.json,,not_selected_for_capture_plan
BCP,cuenta en dolares bcp,cuenta en dolares bcp,1000,1,https://www.viabcp.com/cuenta-dolares,2026-09-16 07:50:41 +00:00,2026-07-15 01:05:11 +00:00,2026-10-06T19:16:36.606Z,10061916-1987-0381-0000-c011335956d7,research/pibank-expanded-2026-10-06/ranked-08-provider.json,,not_selected_for_capture_plan
BCP,cómo crear yape,como crear yape,1000,22,https://www.viabcp.com/cuentas/cuenta-ahorro/cuenta-yape,2026-09-15 17:48:05 +00:00,2026-09-07 09:37:37 +00:00,2026-10-06T19:16:36.606Z,10061916-1987-0381-0000-c011335956d7,research/pibank-expanded-2026-10-06/ranked-08-provider.json,,not_selected_for_capture_plan
BCP,deposito a plazo fijo interbank,deposito a plazo fijo interbank,1000,46,https://www.viabcp.com/inversiones/deposito-plazo-fijo,2026-09-17 15:02:22 +00:00,2026-07-15 00:07:22 +00:00,2026-10-06T19:16:36.606Z,10061916-1987-0381-0000-c011335956d7,research/pibank-expanded-2026-10-06/ranked-08-provider.json,,not_selected_for_capture_plan
BCP,descargar yape con dni sin cuenta bancaria,descargar yape con dni sin cuenta bancaria,1000,25,https://www.viabcp.com/cuentas/cuenta-ahorro/cuenta-yape,2026-09-14 17:54:58 +00:00,2026-07-17 23:39:50 +00:00,2026-10-06T19:16:36.606Z,10061916-1987-0381-0000-c011335956d7,research/pibank-expanded-2026-10-06/ranked-08-provider.json,,not_selected_for_capture_plan
BCP,descuento de afp,descuento de afp,1000,62,https://www.viabcp.com/cuentas/cuenta-afp,2026-09-14 21:43:23 +00:00,2026-07-15 00:14:46 +00:00,2026-10-06T19:16:36.606Z,10061916-1987-0381-0000-c011335956d7,research/pibank-expanded-2026-10-06/ranked-08-provider.json,,not_selected_for_capture_plan
BCP,mancomunada,mancomunada,1000,16,https://www.viabcp.com/blog-bcp/finanzas-en-pareja-consejos-ahorrar-juntos,2026-09-12 07:19:55 +00:00,2026-07-14 15:28:33 +00:00,2026-10-06T19:16:36.606Z,10061916-1987-0381-0000-c011335956d7,research/pibank-expanded-2026-10-06/ranked-08-provider.json,,not_selected_for_capture_plan
BCP,mancomunado,mancomunado,1000,10,https://www.viabcp.com/blog-bcp/finanzas-en-pareja-consejos-ahorrar-juntos,2026-09-14 11:11:42 +00:00,2026-07-14 15:43:35 +00:00,2026-10-06T19:16:36.606Z,10061916-1987-0381-0000-c011335956d7,research/pibank-expanded-2026-10-06/ranked-08-provider.json,,not_selected_for_capture_plan
BCP,que es fondo mutuos,que es fondo mutuos,1000,4,https://www.viabcp.com/blog-bcp/conviene-ahorrar-en-fondos-mutuos,2026-09-12 17:40:27 +00:00,2026-07-15 17:00:18 +00:00,2026-10-06T19:16:36.606Z,10061916-1987-0381-0000-c011335956d7,research/pibank-expanded-2026-10-06/ranked-08-provider.json,,not_selected_for_capture_plan
BCP,que es fondos mutuos,que es fondos mutuos,1000,2,https://www.viabcp.com/blog-bcp/conviene-ahorrar-en-fondos-mutuos,2026-09-14 02:41:50 +00:00,2026-09-06 22:48:35 +00:00,2026-10-06T19:16:36.606Z,10061916-1987-0381-0000-c011335956d7,research/pibank-expanded-2026-10-06/ranked-08-provider.json,,not_selected_for_capture_plan
BCP,que es un fondo mutuo,que es un fondo mutuo,1000,3,https://www.viabcp.com/blog-bcp/conviene-ahorrar-en-fondos-mutuos,2026-09-13 06:20:18 +00:00,2026-09-06 22:50:46 +00:00,2026-10-06T19:16:36.606Z,10061916-1987-0381-0000-c011335956d7,research/pibank-expanded-2026-10-06/ranked-08-provider.json,,not_selected_for_capture_plan
BCP,soporte yape,soporte yape,1000,28,https://www.viabcp.com/cuentas/cuenta-ahorro/cuenta-yape,2026-09-13 15:13:44 +00:00,2026-09-07 18:04:13 +00:00,2026-10-06T19:16:36.606Z,10061916-1987-0381-0000-c011335956d7,research/pibank-expanded-2026-10-06/ranked-08-provider.json,,not_selected_for_capture_plan
BCP,tarjeta virtual bcp,tarjeta virtual bcp,1000,1,https://www.viabcp.com/cuentas/cuenta-ahorro/cuenta-digital-bcp,2026-09-14 06:39:04 +00:00,2026-09-06 19:46:39 +00:00,2026-10-06T19:16:36.606Z,10061916-1987-0381-0000-c011335956d7,research/pibank-expanded-2026-10-06/ranked-08-provider.json,,not_selected_for_capture_plan
BCP,transferencia bancaria,transferencia bancaria,1000,8,https://www.viabcp.com/blog-bcp/errores-transferencias-bancarias-que-hacer,2026-09-14 15:22:36 +00:00,2026-09-06 18:51:37 +00:00,2026-10-06T19:16:36.606Z,10061916-1987-0381-0000-c011335956d7,research/pibank-expanded-2026-10-06/ranked-08-provider.json,,not_selected_for_capture_plan
BCP,utilidades 2026 cuando se paga,utilidades 2026 cuando se paga,1000,2,https://www.viabcp.com/blog-bcp/deposito-utilidades-como-funciona-ahorros,2026-09-13 23:15:38 +00:00,2026-09-06 18:28:36 +00:00,2026-10-06T19:16:36.606Z,10061916-1987-0381-0000-c011335956d7,research/pibank-expanded-2026-10-06/ranked-08-provider.json,,not_selected_for_capture_plan
BCP,actualizar yape con dni,actualizar yape con dni,880,39,https://www.viabcp.com/cuentas/cuenta-ahorro/cuenta-yape,2026-09-14 17:36:00 +00:00,2026-09-08 17:53:10 +00:00,2026-10-06T19:16:36.606Z,10061916-1987-0381-0000-c011335956d7,research/pibank-expanded-2026-10-06/ranked-08-provider.json,,not_selected_for_capture_plan
BCP,ahorro a plazo fijo,ahorro a plazo fijo,880,8,https://www.viabcp.com/inversiones/deposito-plazo-fijo,2026-09-15 18:55:39 +00:00,2026-09-08 17:23:04 +00:00,2026-10-06T19:16:36.606Z,10061916-1987-0381-0000-c011335956d7,research/pibank-expanded-2026-10-06/ranked-08-provider.json,,not_selected_for_capture_plan
BCP,ahorros,ahorros,880,11,https://www.viabcp.com/blog-bcp/como-elegir-cuenta-ahorro-tipos,2026-09-17 18:16:23 +00:00,2026-07-16 17:26:35 +00:00,2026-10-06T19:16:36.606Z,10061916-1987-0381-0000-c011335956d7,research/pibank-expanded-2026-10-06/ranked-08-provider.json,,not_selected_for_capture_plan
BCP,bcp yape,bcp yape,880,1,https://www.viabcp.com/cuentas/cuenta-ahorro/cuenta-yape,2026-09-12 20:58:51 +00:00,2026-09-08 15:41:14 +00:00,2026-10-06T19:16:36.606Z,10061916-1987-0381-0000-c011335956d7,research/pibank-expanded-2026-10-06/ranked-08-provider.json,,not_selected_for_capture_plan
BCP,bcplpepl,bcplpepl,880,1,https://www.viabcp.com/empresas/comercio-exterior/pagos-internacionales/transferencias-del-exterior,2026-09-13 01:06:34 +00:00,2026-09-08 15:41:06 +00:00,2026-10-06T19:16:36.606Z,10061916-1987-0381-0000-c011335956d7,research/pibank-expanded-2026-10-06/ranked-08-provider.json,,not_selected_for_capture_plan
BCP,codigo swift bcp peru,codigo swift bcp peru,880,1,https://www.viabcp.com/empresas/comercio-exterior/pagos-internacionales/transferencias-del-exterior,2026-09-17 10:12:12 +00:00,2026-07-18 02:40:52 +00:00,2026-10-06T19:16:36.606Z,10061916-1987-0381-0000-c011335956d7,research/pibank-expanded-2026-10-06/ranked-08-provider.json,,not_selected_for_capture_plan
BCP,como saber mi número de tarjeta bcp con dni,como saber mi numero de tarjeta bcp con dni,880,1,https://www.viabcp.com/ayuda-bcp/cuenta-de-ahorros/como-saber-numero-cuenta-ahorros-bcp-y-codigo-interbancario-cci,2026-09-17 07:36:03 +00:00,2026-09-08 12:39:08 +00:00,2026-10-06T19:16:36.606Z,10061916-1987-0381-0000-c011335956d7,research/pibank-expanded-2026-10-06/ranked-08-provider.json,,not_selected_for_capture_plan
BCP,crear yape,crear yape,880,26,https://www.viabcp.com/cuentas/cuenta-ahorro/cuenta-yape,2026-09-15 05:44:39 +00:00,2026-09-08 12:02:28 +00:00,2026-10-06T19:16:36.606Z,10061916-1987-0381-0000-c011335956d7,research/pibank-expanded-2026-10-06/ranked-08-provider.json,,not_selected_for_capture_plan
BCP,cual es el codigo swift del bcp,cual es el codigo swift del bcp,880,1,https://www.viabcp.com/otros-servicios/envios-internacionales/transferencias-del-exterior,2026-09-14 08:13:27 +00:00,2026-07-16 10:51:41 +00:00,2026-10-06T19:16:36.606Z,10061916-1987-0381-0000-c011335956d7,research/pibank-expanded-2026-10-06/ranked-08-provider.json,,not_selected_for_capture_plan
BCP,cuando se paga las utilidades,cuando se paga las utilidades,880,4,https://www.viabcp.com/blog-bcp/deposito-utilidades-como-funciona-ahorros,2026-09-12 20:08:36 +00:00,2026-09-08 11:45:26 +00:00,2026-10-06T19:16:36.606Z,10061916-1987-0381-0000-c011335956d7,research/pibank-expanded-2026-10-06/ranked-08-provider.json,,not_selected_for_capture_plan
BCP,cuenta cts bcp,cuenta cts bcp,880,1,https://www.viabcp.com/cuentas/cuenta-sueldo/cuenta-cts-bcp,2026-09-17 21:17:45 +00:00,2026-07-18 00:40:09 +00:00,2026-10-06T19:16:36.606Z,10061916-1987-0381-0000-c011335956d7,research/pibank-expanded-2026-10-06/ranked-08-provider.json,,not_selected_for_capture_plan
BCP,cuenta de alto rendimiento,cuenta de alto rendimiento,880,20,https://www.viabcp.com/blog-bcp/como-elegir-cuenta-ahorro-tipos,2026-09-13 06:40:08 +00:00,2026-07-19 19:00:35 +00:00,2026-10-06T19:16:36.606Z,10061916-1987-0381-0000-c011335956d7,research/pibank-expanded-2026-10-06/ranked-08-provider.json,C01,selected_exploratory_family
BCP,código swift bcp perú,codigo swift bcp peru,880,1,https://www.viabcp.com/empresas/comercio-exterior/pagos-internacionales/transferencias-del-exterior,2026-09-17 14:41:43 +00:00,2026-09-08 11:07:33 +00:00,2026-10-06T19:16:36.606Z,10061916-1987-0381-0000-c011335956d7,research/pibank-expanded-2026-10-06/ranked-08-provider.json,,not_selected_for_capture_plan
BCP,cómo saber mi número de cuenta de bcp,como saber mi numero de cuenta de bcp,880,1,https://www.viabcp.com/ayuda-bcp/cuenta-de-ahorros/como-saber-numero-cuenta-ahorros-bcp-y-codigo-interbancario-cci,2026-09-15 03:48:29 +00:00,2026-07-18 00:22:50 +00:00,2026-10-06T19:16:36.606Z,10061916-1987-0381-0000-c011335956d7,research/pibank-expanded-2026-10-06/ranked-08-provider.json,,not_selected_for_capture_plan
BCP,deposito a plazo,deposito a plazo,880,16,https://www.viabcp.com/inversiones/deposito-plazo-fijo,2026-09-16 18:46:03 +00:00,2026-07-16 09:52:33 +00:00,2026-10-06T19:16:36.606Z,10061916-1987-0381-0000-c011335956d7,research/pibank-expanded-2026-10-06/ranked-08-provider.json,,not_selected_for_capture_plan
BCP,descuento afp,descuento afp,880,44,https://www.viabcp.com/cuentas/cuenta-afp,2026-09-16 06:41:59 +00:00,2026-07-16 09:44:48 +00:00,2026-10-06T19:16:36.606Z,10061916-1987-0381-0000-c011335956d7,research/pibank-expanded-2026-10-06/ranked-08-provider.json,,not_selected_for_capture_plan
BCP,inmediatas,inmediatas,880,15,https://www.viabcp.com/otros-servicios/envios-nacionales/transferencias-interbancarias-inmediatas,2026-09-14 17:35:32 +00:00,2026-07-17 18:42:43 +00:00,2026-10-06T19:16:36.606Z,10061916-1987-0381-0000-c011335956d7,research/pibank-expanded-2026-10-06/ranked-08-provider.json,,not_selected_for_capture_plan
BCP,numero yape,numero yape,880,19,https://www.viabcp.com/cuentas/cuenta-ahorro/cuenta-yape,2026-09-14 19:26:32 +00:00,2026-07-17 14:13:51 +00:00,2026-10-06T19:16:36.606Z,10061916-1987-0381-0000-c011335956d7,research/pibank-expanded-2026-10-06/ranked-08-provider.json,,not_selected_for_capture_plan
BCP,pago de utilidades,pago de utilidades,880,3,https://www.viabcp.com/blog-bcp/deposito-utilidades-como-funciona-ahorros,2026-09-16 12:51:24 +00:00,2026-07-17 13:35:43 +00:00,2026-10-06T19:16:36.606Z,10061916-1987-0381-0000-c011335956d7,research/pibank-expanded-2026-10-06/ranked-08-provider.json,,not_selected_for_capture_plan
BCP,promociones 2025,promociones 2025,880,30,https://www.viabcp.com/sorteos-y-campanas-ahorros,2026-09-12 11:44:58 +00:00,2026-09-06 23:27:53 +00:00,2026-10-06T19:16:36.606Z,10061916-1987-0381-0000-c011335956d7,research/pibank-expanded-2026-10-06/ranked-08-provider.json,,not_selected_for_capture_plan
BCP,que son las utilidades,que son las utilidades,880,4,https://www.viabcp.com/blog-bcp/deposito-utilidades-como-funciona-ahorros,2026-09-15 16:12:58 +00:00,2026-09-07 20:56:47 +00:00,2026-10-06T19:16:36.606Z,10061916-1987-0381-0000-c011335956d7,research/pibank-expanded-2026-10-06/ranked-08-provider.json,,not_selected_for_capture_plan
BCP,tarjeta digital bcp,tarjeta digital bcp,880,1,https://www.viabcp.com/cuentas/cuenta-ahorro/cuenta-digital-bcp,2026-09-16 22:59:00 +00:00,2026-07-16 22:48:33 +00:00,2026-10-06T19:16:36.606Z,10061916-1987-0381-0000-c011335956d7,research/pibank-expanded-2026-10-06/ranked-08-provider.json,,not_selected_for_capture_plan
BCP,transferencia bcp,transferencia bcp,880,1,https://www.viabcp.com/otros-servicios/envios-nacionales/transferencias-interbancarias-inmediatas,2026-09-15 01:43:04 +00:00,2026-09-07 16:47:27 +00:00,2026-10-06T19:16:36.606Z,10061916-1987-0381-0000-c011335956d7,research/pibank-expanded-2026-10-06/ranked-08-provider.json,,not_selected_for_capture_plan
BCP,yape bcp descargar,yape bcp descargar,880,8,https://www.viabcp.com/cuentas/cuenta-ahorro/cuenta-yape,2026-09-15 11:08:02 +00:00,2026-07-18 09:28:48 +00:00,2026-10-06T19:16:36.606Z,10061916-1987-0381-0000-c011335956d7,research/pibank-expanded-2026-10-06/ranked-08-provider.json,,not_selected_for_capture_plan
BCP,yape registrarse,yape registrarse,880,20,https://www.viabcp.com/cuentas/cuenta-ahorro/cuenta-yape,2026-09-13 13:45:51 +00:00,2026-09-07 15:26:31 +00:00,2026-10-06T19:16:36.606Z,10061916-1987-0381-0000-c011335956d7,research/pibank-expanded-2026-10-06/ranked-08-provider.json,,not_selected_for_capture_plan
BCP,yape registro,yape registro,880,19,https://www.viabcp.com/cuentas/cuenta-ahorro/cuenta-yape,2026-09-12 19:21:40 +00:00,2026-09-07 15:13:31 +00:00,2026-10-06T19:16:36.606Z,10061916-1987-0381-0000-c011335956d7,research/pibank-expanded-2026-10-06/ranked-08-provider.json,,not_selected_for_capture_plan
BCP,abrir cuenta dolares bcp,abrir cuenta dolares bcp,720,1,https://www.viabcp.com/cuenta-dolares,2026-09-16 21:50:58 +00:00,2026-07-20 04:53:08 +00:00,2026-10-06T19:16:36.606Z,10061916-1987-0381-0000-c011335956d7,research/pibank-expanded-2026-10-06/ranked-08-provider.json,,not_selected_for_capture_plan
BCP,afp bcp,afp bcp,720,1,https://www.viabcp.com/cuentas/cuenta-afp,2026-09-15 10:31:54 +00:00,2026-09-10 08:30:56 +00:00,2026-10-06T19:16:36.606Z,10061916-1987-0381-0000-c011335956d7,research/pibank-expanded-2026-10-06/ranked-08-provider.json,,not_selected_for_capture_plan
BCP,aplicaciones yape,aplicaciones yape,720,24,https://www.viabcp.com/cuentas/cuenta-ahorro/cuenta-yape,2026-09-17 18:44:37 +00:00,2026-07-20 03:28:24 +00:00,2026-10-06T19:16:36.606Z,10061916-1987-0381-0000-c011335956d7,research/pibank-expanded-2026-10-06/ranked-08-provider.json,,not_selected_for_capture_plan
BCP,aplicación yape,aplicacion yape,720,34,https://www.viabcp.com/cuentas/cuenta-ahorro/cuenta-yape,2026-09-16 08:44:52 +00:00,2026-09-10 07:50:39 +00:00,2026-10-06T19:16:36.606Z,10061916-1987-0381-0000-c011335956d7,research/pibank-expanded-2026-10-06/ranked-08-provider.json,,not_selected_for_capture_plan
BCP,banco pichincha plazo fijo,banco pichincha plazo fijo,720,50,https://www.viabcp.com/inversiones/deposito-plazo-fijo,2026-09-15 01:43:51 +00:00,2026-07-20 02:50:15 +00:00,2026-10-06T19:16:36.606Z,10061916-1987-0381-0000-c011335956d7,research/pibank-expanded-2026-10-06/ranked-08-provider.json,,not_selected_for_capture_plan
BCP,bcp afp,bcp afp,720,1,https://www.viabcp.com/cuentas/cuenta-afp,2026-09-17 09:42:12 +00:00,2026-09-10 07:05:10 +00:00,2026-10-06T19:16:36.606Z,10061916-1987-0381-0000-c011335956d7,research/pibank-expanded-2026-10-06/ranked-08-provider.json,,not_selected_for_capture_plan
BCP,bcp crear cuenta digital,bcp crear cuenta digital,720,1,https://www.viabcp.com/cuentas/cuenta-ahorro/cuenta-digital-bcp,2026-09-16 00:06:24 +00:00,2026-07-20 02:18:36 +00:00,2026-10-06T19:16:36.606Z,10061916-1987-0381-0000-c011335956d7,research/pibank-expanded-2026-10-06/ranked-08-provider.json,B01,selected_exploratory_family
BCP,cajas de ahorro,cajas de ahorro,720,24,https://www.viabcp.com/cuentas/cuenta-ahorro,2026-09-16 23:52:30 +00:00,2026-09-10 06:32:04 +00:00,2026-10-06T19:16:36.606Z,10061916-1987-0381-0000-c011335956d7,research/pibank-expanded-2026-10-06/ranked-08-provider.json,,not_selected_for_capture_plan
BCP,certificado bancario,certificado bancario,720,1,https://www.viabcp.com/inversiones/deposito-plazo-fijo/certificados-bancarios,2026-09-17 06:23:52 +00:00,2026-07-19 22:38:33 +00:00,2026-10-06T19:16:36.606Z,10061916-1987-0381-0000-c011335956d7,research/pibank-expanded-2026-10-06/ranked-08-provider.json,,not_selected_for_capture_plan
BCP,cheque de gerencia bcp,cheque de gerencia bcp,720,1,https://www.viabcp.com/informacion/todo-sobre-cuentas,2026-09-14 06:20:44 +00:00,2026-07-18 03:12:58 +00:00,2026-10-06T19:16:36.606Z,10061916-1987-0381-0000-c011335956d7,research/pibank-expanded-2026-10-06/ranked-08-provider.json,,not_selected_for_capture_plan
BCP,cheques de gerencia bcp,cheques de gerencia bcp,720,1,https://www.viabcp.com/informacion/todo-sobre-cuentas,2026-09-12 22:03:46 +00:00,2026-09-08 13:56:38 +00:00,2026-10-06T19:16:36.606Z,10061916-1987-0381-0000-c011335956d7,research/pibank-expanded-2026-10-06/ranked-08-provider.json,,not_selected_for_capture_plan
BCP,crear cuenta en dolares bcp,crear cuenta en dolares bcp,720,1,https://www.viabcp.com/cuenta-dolares,2026-09-13 23:04:46 +00:00,2026-07-19 19:34:37 +00:00,2026-10-06T19:16:36.606Z,10061916-1987-0381-0000-c011335956d7,research/pibank-expanded-2026-10-06/ranked-08-provider.json,,not_selected_for_capture_plan
BCP,cuando depositan las utilidades,cuando depositan las utilidades,720,3,https://www.viabcp.com/blog-bcp/deposito-utilidades-como-funciona-ahorros,2026-09-13 09:43:38 +00:00,2026-07-19 19:33:23 +00:00,2026-10-06T19:16:36.606Z,10061916-1987-0381-0000-c011335956d7,research/pibank-expanded-2026-10-06/ranked-08-provider.json,,not_selected_for_capture_plan
BCP,cuenta empresa bcp,cuenta empresa bcp,720,1,https://www.viabcp.com/pymes/cuentas/cuenta-corriente/pyme,2026-09-16 16:03:22 +00:00,2026-09-10 03:47:34 +00:00,2026-10-06T19:16:36.606Z,10061916-1987-0381-0000-c011335956d7,research/pibank-expanded-2026-10-06/ranked-08-provider.json,,not_selected_for_capture_plan
BCP,cuenta por cobrar,cuenta por cobrar,720,10,https://www.viabcp.com/blog-bcp/cuentas-por-cobrar,2026-09-14 20:10:00 +00:00,2026-07-19 19:15:00 +00:00,2026-10-06T19:16:36.606Z,10061916-1987-0381-0000-c011335956d7,research/pibank-expanded-2026-10-06/ranked-08-provider.json,,not_selected_for_capture_plan
BCP,cuenta rolando,cuenta rolando,720,49,https://www.viabcp.com/ayuda-bcp/cuenta-de-ahorros/cuales-son-los-tipos-de-cuentas-de-ahorros,2026-09-14 15:50:00 +00:00,2026-09-10 03:30:35 +00:00,2026-10-06T19:16:36.606Z,10061916-1987-0381-0000-c011335956d7,research/pibank-expanded-2026-10-06/ranked-08-provider.json,,not_selected_for_capture_plan
BCP,cuenta sueldo que es,cuenta sueldo que es,720,1,https://www.viabcp.com/blog-bcp/diferencia-cuenta-sueldo-ahorros,2026-09-13 06:59:39 +00:00,2026-07-19 19:00:05 +00:00,2026-10-06T19:16:36.606Z,10061916-1987-0381-0000-c011335956d7,research/pibank-expanded-2026-10-06/ranked-08-provider.json,,not_selected_for_capture_plan
BCP,cuy bcp,cuy bcp,720,1,https://www.viabcp.com/promos-ahorros-bcp,2026-09-15 04:58:41 +00:00,2026-09-10 03:25:03 +00:00,2026-10-06T19:16:36.606Z,10061916-1987-0381-0000-c011335956d7,research/pibank-expanded-2026-10-06/ranked-08-provider.json,,not_selected_for_capture_plan
BCP,cuy magico bcp,cuy magico bcp,720,1,https://www.viabcp.com/promos-ahorros-bcp,2026-09-17 23:17:42 +00:00,2026-09-10 03:43:08 +00:00,2026-10-06T19:16:36.606Z,10061916-1987-0381-0000-c011335956d7,research/pibank-expanded-2026-10-06/ranked-08-provider.json,,not_selected_for_capture_plan
BCP,depositar,depositar,720,6,https://www.viabcp.com/ayuda-bcp/cuenta-de-ahorros/se-puede-depositar-d%C3%B3lares-a-una-cuenta-soles-bcp,2026-09-15 16:27:45 +00:00,2026-09-10 02:54:01 +00:00,2026-10-06T19:16:36.606Z,10061916-1987-0381-0000-c011335956d7,research/pibank-expanded-2026-10-06/ranked-08-provider.json,,not_selected_for_capture_plan
BCP,oh estado de cuenta,oh estado de cuenta,720,37,https://www.viabcp.com/ayuda-bcp/cuenta-de-ahorros/como-ver-estados-de-cuenta-ahorros-bcp,2026-09-16 06:36:42 +00:00,2026-09-09 06:10:18 +00:00,2026-10-06T19:16:36.606Z,10061916-1987-0381-0000-c011335956d7,research/pibank-expanded-2026-10-06/ranked-08-provider.json,,not_selected_for_capture_plan
BCP,que banco paga más intereses a plazo fijo 2025 perú,que banco paga mas intereses a plazo fijo 2025 peru,720,25,https://www.viabcp.com/inversiones/deposito-plazo-fijo,2026-09-17 15:20:03 +00:00,2026-09-09 02:51:52 +00:00,2026-10-06T19:16:36.606Z,10061916-1987-0381-0000-c011335956d7,research/pibank-expanded-2026-10-06/ranked-08-provider.json,,not_selected_for_capture_plan
BCP,que es cuenta sueldo,que es cuenta sueldo,720,1,https://www.viabcp.com/blog-bcp/diferencia-cuenta-sueldo-ahorros,2026-09-16 19:11:18 +00:00,2026-07-18 20:44:56 +00:00,2026-10-06T19:16:36.606Z,10061916-1987-0381-0000-c011335956d7,research/pibank-expanded-2026-10-06/ranked-08-provider.json,,not_selected_for_capture_plan
BCP,tasa de interes a plazo fijo,tasa de interes a plazo fijo,720,10,https://www.viabcp.com/inversiones/deposito-plazo-fijo,2026-09-17 10:38:40 +00:00,2026-09-08 21:37:51 +00:00,2026-10-06T19:16:36.606Z,10061916-1987-0381-0000-c011335956d7,research/pibank-expanded-2026-10-06/ranked-08-provider.json,,not_selected_for_capture_plan
BCP,tasa de interes plazo fijo,tasa de interes plazo fijo,720,24,https://www.viabcp.com/inversiones/deposito-plazo-fijo,2026-09-12 23:21:55 +00:00,2026-07-18 13:28:00 +00:00,2026-10-06T19:16:36.606Z,10061916-1987-0381-0000-c011335956d7,research/pibank-expanded-2026-10-06/ranked-08-provider.json,,not_selected_for_capture_plan
BCP,tasa de interés plazo fijo,tasa de interes plazo fijo,720,14,https://www.viabcp.com/blog-bcp/que-es-deposito-plazo-fijo-inversion,2026-09-15 15:35:25 +00:00,2026-07-18 13:28:46 +00:00,2026-10-06T19:16:36.606Z,10061916-1987-0381-0000-c011335956d7,research/pibank-expanded-2026-10-06/ranked-08-provider.json,,not_selected_for_capture_plan
BCP,tasas de interés plazo fijo,tasas de interes plazo fijo,720,29,https://www.viabcp.com/blog-bcp/que-es-deposito-plazo-fijo-inversion,2026-09-12 10:54:43 +00:00,2026-09-08 21:36:24 +00:00,2026-10-06T19:16:36.606Z,10061916-1987-0381-0000-c011335956d7,research/pibank-expanded-2026-10-06/ranked-08-provider.json,,not_selected_for_capture_plan
BCP,tipos de cuenta bcp,tipos de cuenta bcp,720,1,https://www.viabcp.com/ayuda-bcp/cuenta-de-ahorros/cuales-son-los-tipos-de-cuentas-de-ahorros,2026-09-17 15:00:29 +00:00,2026-07-16 21:31:15 +00:00,2026-10-06T19:16:36.606Z,10061916-1987-0381-0000-c011335956d7,research/pibank-expanded-2026-10-06/ranked-08-provider.json,,not_selected_for_capture_plan
BCP,transferencia interbancaria bcp,transferencia interbancaria bcp,720,1,https://www.viabcp.com/otros-servicios/envios-nacionales/transferencias-interbancarias-diferidas,2026-09-13 06:03:20 +00:00,2026-07-16 20:54:41 +00:00,2026-10-06T19:16:36.606Z,10061916-1987-0381-0000-c011335956d7,research/pibank-expanded-2026-10-06/ranked-08-provider.json,,not_selected_for_capture_plan
BCP,utilidades 2025,utilidades 2025,720,13,https://www.viabcp.com/blog-bcp/deposito-utilidades-como-funciona-ahorros,2026-09-17 10:48:08 +00:00,2026-09-08 19:33:13 +00:00,2026-10-06T19:16:36.606Z,10061916-1987-0381-0000-c011335956d7,research/pibank-expanded-2026-10-06/ranked-08-provider.json,,not_selected_for_capture_plan
BCP,utilidades cuando pagan,utilidades cuando pagan,720,4,https://www.viabcp.com/blog-bcp/deposito-utilidades-como-funciona-ahorros,2026-09-13 12:28:47 +00:00,2026-07-18 10:51:55 +00:00,2026-10-06T19:16:36.606Z,10061916-1987-0381-0000-c011335956d7,research/pibank-expanded-2026-10-06/ranked-08-provider.json,,not_selected_for_capture_plan
BCP,www viabcp com promos ahorros bcp,www viabcp com promos ahorros bcp,720,1,https://www.viabcp.com/promos-ahorros-bcp,2026-09-15 12:23:37 +00:00,2026-07-18 09:39:24 +00:00,2026-10-06T19:16:36.606Z,10061916-1987-0381-0000-c011335956d7,research/pibank-expanded-2026-10-06/ranked-08-provider.json,,not_selected_for_capture_plan
BCP,yape #perú,yape #peru,720,13,https://www.viabcp.com/cuentas/cuenta-ahorro/cuenta-yape,2026-09-12 21:54:35 +00:00,2026-07-18 09:30:38 +00:00,2026-10-06T19:16:36.606Z,10061916-1987-0381-0000-c011335956d7,research/pibank-expanded-2026-10-06/ranked-08-provider.json,,not_selected_for_capture_plan
BCP,abrir cuenta bcp online,abrir cuenta bcp online,590,1,https://www.viabcp.com/cuentas/cuenta-ahorro/cuenta-digital-bcp,2026-09-17 22:24:00 +00:00,2026-07-26 20:59:06 +00:00,2026-10-06T19:16:36.606Z,10061916-1987-0381-0000-c011335956d7,research/pibank-expanded-2026-10-06/ranked-08-provider.json,B01,selected_exploratory_family
BCP,abrir cuenta sueldo bcp,abrir cuenta sueldo bcp,590,1,https://www.viabcp.com/cuenta-sueldo-bcp,2026-09-16 06:46:59 +00:00,2026-07-26 20:58:18 +00:00,2026-10-06T19:16:36.606Z,10061916-1987-0381-0000-c011335956d7,research/pibank-expanded-2026-10-06/ranked-08-provider.json,,not_selected_for_capture_plan
BCP,bancaria,bancaria,590,9,https://www.viabcp.com/inversiones/deposito-plazo-fijo/certificados-bancarios,2026-09-12 07:13:52 +00:00,2026-07-26 19:20:47 +00:00,2026-10-06T19:16:36.606Z,10061916-1987-0381-0000-c011335956d7,research/pibank-expanded-2026-10-06/ranked-08-provider.json,,not_selected_for_capture_plan
BCP,banco falabella plazo fijo,banco falabella plazo fijo,590,50,https://www.viabcp.com/inversiones/deposito-plazo-fijo,2026-09-12 23:58:25 +00:00,2026-09-10 07:19:09 +00:00,2026-10-06T19:16:36.606Z,10061916-1987-0381-0000-c011335956d7,research/pibank-expanded-2026-10-06/ranked-08-provider.json,,not_selected_for_capture_plan
BCP,bcp swift,bcp swift,590,1,https://www.viabcp.com/empresas/comercio-exterior/pagos-internacionales/transferencias-del-exterior,2026-09-17 04:37:22 +00:00,2026-07-26 19:07:10 +00:00,2026-10-06T19:16:36.606Z,10061916-1987-0381-0000-c011335956d7,research/pibank-expanded-2026-10-06/ranked-08-provider.json,,not_selected_for_capture_plan
BCP,certificado bancario bcp,certificado bancario bcp,590,1,https://www.viabcp.com/inversiones/deposito-plazo-fijo/certificados-bancarios,2026-09-14 20:56:03 +00:00,2026-07-26 13:56:39 +00:00,2026-10-06T19:16:36.606Z,10061916-1987-0381-0000-c011335956d7,research/pibank-expanded-2026-10-06/ranked-08-provider.json,,not_selected_for_capture_plan
BCP,certificado de deposito,certificado de deposito,590,18,https://www.viabcp.com/inversiones/deposito-plazo-fijo/certificados-bancarios,2026-09-17 05:02:30 +00:00,2026-07-26 13:41:43 +00:00,2026-10-06T19:16:36.606Z,10061916-1987-0381-0000-c011335956d7,research/pibank-expanded-2026-10-06/ranked-08-provider.json,,not_selected_for_capture_plan
BCP,chequera,chequera,590,25,https://www.viabcp.com/empresas/cuentas/cuenta-corriente/cheque-con-tope,2026-09-17 13:13:55 +00:00,2026-09-13 19:44:27 +00:00,2026-10-06T19:16:36.606Z,10061916-1987-0381-0000-c011335956d7,research/pibank-expanded-2026-10-06/ranked-08-provider.json,,not_selected_for_capture_plan
BCP,codigo swift del bcp,codigo swift del bcp,590,1,https://www.viabcp.com/empresas/comercio-exterior/pagos-internacionales/transferencias-del-exterior,2026-09-17 09:11:20 +00:00,2026-09-11 17:07:16 +00:00,2026-10-06T19:16:36.606Z,10061916-1987-0381-0000-c011335956d7,research/pibank-expanded-2026-10-06/ranked-08-provider.json,,not_selected_for_capture_plan
BCP,como ahorrar dinero,como ahorrar dinero,590,4,https://www.viabcp.com/blog-bcp/estrategias-como-ahorrar-dinero-en-casa,2026-09-16 20:21:11 +00:00,2026-07-26 12:17:31 +00:00,2026-10-06T19:16:36.606Z,10061916-1987-0381-0000-c011335956d7,research/pibank-expanded-2026-10-06/ranked-08-provider.json,E04,selected_exploratory_family
BCP,como instalar yape,como instalar yape,590,26,https://www.viabcp.com/cuentas/cuenta-ahorro/cuenta-yape,2026-09-17 19:08:36 +00:00,2026-07-26 12:10:26 +00:00,2026-10-06T19:16:36.606Z,10061916-1987-0381-0000-c011335956d7,research/pibank-expanded-2026-10-06/ranked-08-provider.json,,not_selected_for_capture_plan
BCP,como saber mi numero de cuenta,como saber mi numero de cuenta,590,1,https://www.viabcp.com/ayuda-bcp/cuenta-de-ahorros/como-saber-numero-cuenta-ahorros-bcp-y-codigo-interbancario-cci,2026-09-15 11:34:40 +00:00,2026-07-19 20:43:14 +00:00,2026-10-06T19:16:36.606Z,10061916-1987-0381-0000-c011335956d7,research/pibank-expanded-2026-10-06/ranked-08-provider.json,,not_selected_for_capture_plan
BCP,cuando dan las utilidades,cuando dan las utilidades,590,4,https://www.viabcp.com/blog-bcp/deposito-utilidades-como-funciona-ahorros,2026-09-14 05:20:42 +00:00,2026-07-26 11:09:32 +00:00,2026-10-06T19:16:36.606Z,10061916-1987-0381-0000-c011335956d7,research/pibank-expanded-2026-10-06/ranked-08-provider.json,,not_selected_for_capture_plan
BCP,cuando se pagan las utilidades en perú,cuando se pagan las utilidades en peru,590,7,https://www.viabcp.com/blog-bcp/deposito-utilidades-como-funciona-ahorros,2026-09-16 11:04:57 +00:00,2026-07-26 11:08:31 +00:00,2026-10-06T19:16:36.606Z,10061916-1987-0381-0000-c011335956d7,research/pibank-expanded-2026-10-06/ranked-08-provider.json,,not_selected_for_capture_plan
BCP,cuanto tiempo demora una transferencia interbancaria,cuanto tiempo demora una transferencia interbancaria,590,2,https://www.viabcp.com/otros-servicios/envios-nacionales/transferencias-interbancarias-diferidas,2026-09-15 23:40:41 +00:00,2026-07-26 11:14:29 +00:00,2026-10-06T19:16:36.606Z,10061916-1987-0381-0000-c011335956d7,research/pibank-expanded-2026-10-06/ranked-08-provider.json,,not_selected_for_capture_plan
BCP,cuenta de yape,cuenta de yape,590,4,https://www.viabcp.com/cuentas/cuenta-ahorro/cuenta-yape,2026-09-17 04:34:13 +00:00,2026-07-29 07:20:24 +00:00,2026-10-06T19:16:36.606Z,10061916-1987-0381-0000-c011335956d7,research/pibank-expanded-2026-10-06/ranked-08-provider.json,,not_selected_for_capture_plan
BCP,cuenta intangible,cuenta intangible,590,19,https://www.viabcp.com/cuentas/cuenta-afp,2026-09-17 07:08:37 +00:00,2026-07-26 11:08:15 +00:00,2026-10-06T19:16:36.606Z,10061916-1987-0381-0000-c011335956d7,research/pibank-expanded-2026-10-06/ranked-08-provider.json,,not_selected_for_capture_plan
BCP,cómo instalar yape,como instalar yape,590,30,https://www.viabcp.com/cuentas/cuenta-ahorro/cuenta-yape,2026-09-12 23:17:27 +00:00,2026-07-26 10:22:13 +00:00,2026-10-06T19:16:36.606Z,10061916-1987-0381-0000-c011335956d7,research/pibank-expanded-2026-10-06/ranked-08-provider.json,,not_selected_for_capture_plan
BCP,descargar yape para celular,descargar yape para celular,590,24,https://www.viabcp.com/cuentas/cuenta-ahorro/cuenta-yape,2026-09-15 20:19:28 +00:00,2026-07-29 01:46:49 +00:00,2026-10-06T19:16:36.606Z,10061916-1987-0381-0000-c011335956d7,research/pibank-expanded-2026-10-06/ranked-08-provider.json,,not_selected_for_capture_plan
BCP,fondo universitario,fondo universitario,590,12,https://www.viabcp.com/blog-bcp/como-ahorrar-educacion-hijos-inversion,2026-09-15 12:17:49 +00:00,2026-07-21 12:47:09 +00:00,2026-10-06T19:16:36.606Z,10061916-1987-0381-0000-c011335956d7,research/pibank-expanded-2026-10-06/ranked-08-provider.json,,not_selected_for_capture_plan
BCP,numero de cuenta bancaria,numero de cuenta bancaria,590,1,https://www.viabcp.com/ayuda-bcp/cuenta-de-ahorros/como-saber-numero-cuenta-ahorros-bcp-y-codigo-interbancario-cci,2026-09-14 23:09:09 +00:00,2026-09-09 06:07:53 +00:00,2026-10-06T19:16:36.606Z,10061916-1987-0381-0000-c011335956d7,research/pibank-expanded-2026-10-06/ranked-08-provider.json,,not_selected_for_capture_plan
BCP,número de cuenta bancaria,numero de cuenta bancaria,590,1,https://www.viabcp.com/ayuda-bcp/cuenta-de-ahorros/como-saber-numero-cuenta-ahorros-bcp-y-codigo-interbancario-cci,2026-09-13 04:18:26 +00:00,2026-09-09 06:06:06 +00:00,2026-10-06T19:16:36.606Z,10061916-1987-0381-0000-c011335956d7,research/pibank-expanded-2026-10-06/ranked-08-provider.json,,not_selected_for_capture_plan
BCP,número de cuenta banco de la nación,numero de cuenta banco de la nacion,590,21,https://www.viabcp.com/ayuda-bcp/cuenta-de-ahorros/como-saber-numero-cuenta-ahorros-bcp-y-codigo-interbancario-cci,2026-09-15 01:14:37 +00:00,2026-09-10 21:43:58 +00:00,2026-10-06T19:16:36.606Z,10061916-1987-0381-0000-c011335956d7,research/pibank-expanded-2026-10-06/ranked-08-provider.json,,not_selected_for_capture_plan
BCP,plan de ahorro,plan de ahorro,590,3,https://www.viabcp.com/blog-bcp/beneficios-plan-de-ahorro-mejora-finanzas,2026-09-16 18:46:03 +00:00,2026-09-10 18:54:10 +00:00,2026-10-06T19:16:36.606Z,10061916-1987-0381-0000-c011335956d7,research/pibank-expanded-2026-10-06/ranked-08-provider.json,,not_selected_for_capture_plan
BCP,planes de ahorro,planes de ahorro,590,4,https://www.viabcp.com/blog-bcp/beneficios-plan-de-ahorro-mejora-finanzas,2026-09-13 08:08:48 +00:00,2026-07-18 23:04:18 +00:00,2026-10-06T19:16:36.606Z,10061916-1987-0381-0000-c011335956d7,research/pibank-expanded-2026-10-06/ranked-08-provider.json,,not_selected_for_capture_plan
BCP,que es una cuenta de ahorro,que es una cuenta de ahorro,590,3,https://www.viabcp.com/cuentas/cuenta-ahorro,2026-09-14 05:10:22 +00:00,2026-09-10 16:08:56 +00:00,2026-10-06T19:16:36.606Z,10061916-1987-0381-0000-c011335956d7,research/pibank-expanded-2026-10-06/ranked-08-provider.json,E03,selected_exploratory_family
BCP,que son cuenta de ahorro,que son cuenta de ahorro,590,10,https://www.viabcp.com/blog-bcp/como-elegir-cuenta-ahorro-tipos,2026-09-17 12:39:35 +00:00,2026-09-10 15:57:19 +00:00,2026-10-06T19:16:36.606Z,10061916-1987-0381-0000-c011335956d7,research/pibank-expanded-2026-10-06/ranked-08-provider.json,E03,selected_exploratory_family
BCP,que son cuentas de ahorro,que son cuentas de ahorro,590,10,https://www.viabcp.com/blog-bcp/como-elegir-cuenta-ahorro-tipos,2026-09-14 10:27:42 +00:00,2026-07-20 17:27:20 +00:00,2026-10-06T19:16:36.606Z,10061916-1987-0381-0000-c011335956d7,research/pibank-expanded-2026-10-06/ranked-08-provider.json,E03,selected_exploratory_family
BCP,que son cuentas de ahorros,que son cuentas de ahorros,590,10,https://www.viabcp.com/cuentas/cuenta-ahorro,2026-09-16 04:14:52 +00:00,2026-07-20 17:27:02 +00:00,2026-10-06T19:16:36.606Z,10061916-1987-0381-0000-c011335956d7,research/pibank-expanded-2026-10-06/ranked-08-provider.json,E03,selected_exploratory_family
BCP,simulador plazo fijo bcp simulador,simulador plazo fijo bcp simulador,590,1,https://www.viabcp.com/inversiones/deposito-plazo-fijo,2026-09-13 08:03:53 +00:00,2026-07-18 15:40:36 +00:00,2026-10-06T19:16:36.606Z,10061916-1987-0381-0000-c011335956d7,research/pibank-expanded-2026-10-06/ranked-08-provider.json,,not_selected_for_capture_plan
BCP,sorteo bcp,sorteo bcp,590,1,https://www.viabcp.com/sorteos-y-campanas-ahorros,2026-09-16 21:19:37 +00:00,2026-09-10 11:19:47 +00:00,2026-10-06T19:16:36.606Z,10061916-1987-0381-0000-c011335956d7,research/pibank-expanded-2026-10-06/ranked-08-provider.json,,not_selected_for_capture_plan
BCP,transferencias interbancarias,transferencias interbancarias,590,4,https://www.viabcp.com/otros-servicios/envios-nacionales/transferencias-interbancarias-diferidas,2026-09-16 10:27:57 +00:00,2026-09-10 09:45:56 +00:00,2026-10-06T19:16:36.606Z,10061916-1987-0381-0000-c011335956d7,research/pibank-expanded-2026-10-06/ranked-08-provider.json,,not_selected_for_capture_plan
BCP,utilidades cuando se pagan,utilidades cuando se pagan,590,3,https://www.viabcp.com/blog-bcp/deposito-utilidades-como-funciona-ahorros,2026-09-13 17:42:31 +00:00,2026-07-20 06:32:52 +00:00,2026-10-06T19:16:36.606Z,10061916-1987-0381-0000-c011335956d7,research/pibank-expanded-2026-10-06/ranked-08-provider.json,,not_selected_for_capture_plan
BCP,utilidades cuando se pagan 2026,utilidades cuando se pagan 2026,590,5,https://www.viabcp.com/blog-bcp/deposito-utilidades-como-funciona-ahorros,2026-09-14 20:21:58 +00:00,2026-07-20 06:36:06 +00:00,2026-10-06T19:16:36.606Z,10061916-1987-0381-0000-c011335956d7,research/pibank-expanded-2026-10-06/ranked-08-provider.json,,not_selected_for_capture_plan
BCP,yape com pe,yape com pe,590,9,https://www.viabcp.com/cuentas/cuenta-ahorro/cuenta-yape,2026-09-16 19:17:31 +00:00,2026-09-10 08:54:53 +00:00,2026-10-06T19:16:36.606Z,10061916-1987-0381-0000-c011335956d7,research/pibank-expanded-2026-10-06/ranked-08-provider.json,,not_selected_for_capture_plan
BCP,abrir yape,abrir yape,480,17,https://www.viabcp.com/cuentas/cuenta-ahorro/cuenta-yape,2026-09-15 16:46:48 +00:00,2026-08-03 09:27:17 +00:00,2026-10-06T19:16:36.606Z,10061916-1987-0381-0000-c011335956d7,research/pibank-expanded-2026-10-06/ranked-08-provider.json,,not_selected_for_capture_plan
BCP,ahorro casa,ahorro casa,480,3,https://www.viabcp.com/creditos/credito-hipotecario/ahorro-local-fondeo-bcp,2026-09-16 08:12:53 +00:00,2026-09-14 01:16:48 +00:00,2026-10-06T19:16:36.606Z,10061916-1987-0381-0000-c011335956d7,research/pibank-expanded-2026-10-06/ranked-08-provider.json,,not_selected_for_capture_plan
BCP,banco ripley plazo fijo,banco ripley plazo fijo,480,43,https://www.viabcp.com/inversiones/deposito-plazo-fijo,2026-09-17 19:35:38 +00:00,2026-07-26 19:31:47 +00:00,2026-10-06T19:16:36.606Z,10061916-1987-0381-0000-c011335956d7,research/pibank-expanded-2026-10-06/ranked-08-provider.json,,not_selected_for_capture_plan
BCP,bbva simulador plazo fijo,bbva simulador plazo fijo,480,38,https://www.viabcp.com/inversiones/deposito-plazo-fijo,2026-09-16 15:07:43 +00:00,2026-09-13 23:06:28 +00:00,2026-10-06T19:16:36.606Z,10061916-1987-0381-0000-c011335956d7,research/pibank-expanded-2026-10-06/ranked-08-provider.json,,not_selected_for_capture_plan
BCP,bcp cuenta en dolares,bcp cuenta en dolares,480,1,https://www.viabcp.com/cuenta-dolares,2026-09-13 15:02:25 +00:00,2026-09-13 23:08:29 +00:00,2026-10-06T19:16:36.606Z,10061916-1987-0381-0000-c011335956d7,research/pibank-expanded-2026-10-06/ranked-08-provider.json,,not_selected_for_capture_plan
BCP,club ahorro,club ahorro,480,24,https://www.viabcp.com/promos-ahorros-bcp,2026-09-16 06:00:35 +00:00,2026-09-13 18:48:20 +00:00,2026-10-06T19:16:36.606Z,10061916-1987-0381-0000-c011335956d7,research/pibank-expanded-2026-10-06/ranked-08-provider.json,,not_selected_for_capture_plan
BCP,club del ahorro,club del ahorro,480,50,https://www.viabcp.com/ayuda-bcp/cuenta-de-ahorros/cuales-son-los-tipos-de-cuentas-de-ahorros,2026-09-13 08:07:41 +00:00,2026-07-29 12:08:14 +00:00,2026-10-06T19:16:36.606Z,10061916-1987-0381-0000-c011335956d7,research/pibank-expanded-2026-10-06/ranked-08-provider.json,,not_selected_for_capture_plan
BCP,codigo swift de bcp,codigo swift de bcp,480,1,https://www.viabcp.com/empresas/comercio-exterior/pagos-internacionales/transferencias-del-exterior,2026-09-14 03:32:16 +00:00,2026-09-13 18:47:49 +00:00,2026-10-06T19:16:36.606Z,10061916-1987-0381-0000-c011335956d7,research/pibank-expanded-2026-10-06/ranked-08-provider.json,,not_selected_for_capture_plan
BCP,como abrir una cuenta en dolares bcp,como abrir una cuenta en dolares bcp,480,1,https://www.viabcp.com/cuenta-dolares,2026-09-14 04:46:13 +00:00,2026-07-29 11:22:32 +00:00,2026-10-06T19:16:36.606Z,10061916-1987-0381-0000-c011335956d7,research/pibank-expanded-2026-10-06/ranked-08-provider.json,,not_selected_for_capture_plan
BCP,como crear yape en mi celular,como crear yape en mi celular,480,35,https://www.viabcp.com/cuentas/cuenta-ahorro/cuenta-yape,2026-09-12 07:37:02 +00:00,2026-09-13 18:03:36 +00:00,2026-10-06T19:16:36.606Z,10061916-1987-0381-0000-c011335956d7,research/pibank-expanded-2026-10-06/ranked-08-provider.json,,not_selected_for_capture_plan
BCP,como registrarse en yape sin dni,como registrarse en yape sin dni,480,33,https://www.viabcp.com/cuentas/cuenta-ahorro/cuenta-yape,2026-09-14 17:17:32 +00:00,2026-08-04 05:38:45 +00:00,2026-10-06T19:16:36.606Z,10061916-1987-0381-0000-c011335956d7,research/pibank-expanded-2026-10-06/ranked-08-provider.json,,not_selected_for_capture_plan
BCP,como saber mi cuenta bcp,como saber mi cuenta bcp,480,1,https://www.viabcp.com/ayuda-bcp/cuenta-de-ahorros/como-saber-numero-cuenta-ahorros-bcp-y-codigo-interbancario-cci,2026-09-15 22:48:49 +00:00,2026-07-29 10:38:08 +00:00,2026-10-06T19:16:36.606Z,10061916-1987-0381-0000-c011335956d7,research/pibank-expanded-2026-10-06/ranked-08-provider.json,,not_selected_for_capture_plan
BCP,como saber si mi cuenta es de ahorro o corriente,como saber si mi cuenta es de ahorro o corriente,480,1,https://www.viabcp.com/ayuda-bcp/cuenta-de-ahorros/como-saber-que-tipo-cuenta-ahorro-bcp-tengo,2026-09-17 09:59:52 +00:00,2026-07-29 10:36:24 +00:00,2026-10-06T19:16:36.606Z,10061916-1987-0381-0000-c011335956d7,research/pibank-expanded-2026-10-06/ranked-08-provider.json,,not_selected_for_capture_plan
BCP,como se si mi cuenta es de ahorros o corriente,como se si mi cuenta es de ahorros o corriente,480,1,https://www.viabcp.com/ayuda-bcp/cuenta-de-ahorros/como-saber-que-tipo-cuenta-ahorro-bcp-tengo,2026-09-15 19:56:10 +00:00,2026-07-29 10:12:54 +00:00,2026-10-06T19:16:36.606Z,10061916-1987-0381-0000-c011335956d7,research/pibank-expanded-2026-10-06/ranked-08-provider.json,,not_selected_for_capture_plan
BCP,contrato plazo fijo,contrato plazo fijo,480,66,https://www.viabcp.com/inversiones/deposito-plazo-fijo,2026-09-15 05:24:05 +00:00,2026-07-26 11:39:59 +00:00,2026-10-06T19:16:36.606Z,10061916-1987-0381-0000-c011335956d7,research/pibank-expanded-2026-10-06/ranked-08-provider.json,,not_selected_for_capture_plan
BCP,crear cuenta yape,crear cuenta yape,480,7,https://www.viabcp.com/cuentas/cuenta-ahorro/cuenta-yape,2026-09-12 17:34:42 +00:00,2026-07-29 08:25:22 +00:00,2026-10-06T19:16:36.606Z,10061916-1987-0381-0000-c011335956d7,research/pibank-expanded-2026-10-06/ranked-08-provider.json,,not_selected_for_capture_plan
BCP,cual es el numero de cuenta bancaria,cual es el numero de cuenta bancaria,480,1,https://www.viabcp.com/ayuda-bcp/cuenta-de-ahorros/como-saber-numero-cuenta-ahorros-bcp-y-codigo-interbancario-cci,2026-09-13 06:16:16 +00:00,2026-07-29 07:53:12 +00:00,2026-10-06T19:16:36.606Z,10061916-1987-0381-0000-c011335956d7,research/pibank-expanded-2026-10-06/ranked-08-provider.json,,not_selected_for_capture_plan
BCP,cuenta ahorro,cuenta ahorro,480,7,https://www.viabcp.com/blog-bcp/como-elegir-cuenta-ahorro-tipos,2026-09-17 01:50:53 +00:00,2026-09-13 15:56:07 +00:00,2026-10-06T19:16:36.606Z,10061916-1987-0381-0000-c011335956d7,research/pibank-expanded-2026-10-06/ranked-08-provider.json,G01,selected_exploratory_family
BCP,cuenta bancaria bcp,cuenta bancaria bcp,480,1,https://www.viabcp.com/cuentas,2026-09-17 22:39:26 +00:00,2026-09-11 15:09:38 +00:00,2026-10-06T19:16:36.606Z,10061916-1987-0381-0000-c011335956d7,research/pibank-expanded-2026-10-06/ranked-08-provider.json,,not_selected_for_capture_plan
BCP,cuenta bcp con mucho dinero,cuenta bcp con mucho dinero,480,1,https://www.viabcp.com/cuentas/cuenta-ahorro,2026-09-16 10:46:17 +00:00,2026-07-29 07:22:34 +00:00,2026-10-06T19:16:36.606Z,10061916-1987-0381-0000-c011335956d7,research/pibank-expanded-2026-10-06/ranked-08-provider.json,,not_selected_for_capture_plan
BCP,cuenta corriente banco de la nación,cuenta corriente banco de la nacion,480,22,https://www.viabcp.com/cuentas/cuenta-corriente/cuenta-corriente-bcp,2026-09-17 07:02:09 +00:00,2026-07-26 10:50:19 +00:00,2026-10-06T19:16:36.606Z,10061916-1987-0381-0000-c011335956d7,research/pibank-expanded-2026-10-06/ranked-08-provider.json,,not_selected_for_capture_plan
BCP,cuenta en dolares,cuenta en dolares,480,2,https://www.viabcp.com/cuenta-dolares,2026-09-15 05:18:53 +00:00,2026-09-13 16:10:01 +00:00,2026-10-06T19:16:36.606Z,10061916-1987-0381-0000-c011335956d7,research/pibank-expanded-2026-10-06/ranked-08-provider.json,,not_selected_for_capture_plan
BCP,cuenta mancomunada interbank,cuenta mancomunada interbank,480,28,https://www.viabcp.com/blog-bcp/finanzas-en-pareja-consejos-ahorrar-juntos,2026-09-16 14:20:51 +00:00,2026-07-26 10:50:51 +00:00,2026-10-06T19:16:36.606Z,10061916-1987-0381-0000-c011335956d7,research/pibank-expanded-2026-10-06/ranked-08-provider.json,,not_selected_for_capture_plan
BCP,cuenta sueldo bcp descuentos,cuenta sueldo bcp descuentos,480,1,https://www.viabcp.com/cuentas/cuenta-sueldo,2026-09-14 12:02:56 +00:00,2026-09-13 16:09:29 +00:00,2026-10-06T19:16:36.606Z,10061916-1987-0381-0000-c011335956d7,research/pibank-expanded-2026-10-06/ranked-08-provider.json,,not_selected_for_capture_plan
BCP,cuentas bancarias bcp,cuentas bancarias bcp,480,1,https://www.viabcp.com/cuentas,2026-09-16 11:13:20 +00:00,2026-07-26 10:51:42 +00:00,2026-10-06T19:16:36.606Z,10061916-1987-0381-0000-c011335956d7,research/pibank-expanded-2026-10-06/ranked-08-provider.json,,not_selected_for_capture_plan
BCP,código del banco intermediario bcp,codigo del banco intermediario bcp,480,1,https://www.viabcp.com/otros-servicios/envios-internacionales/transferencias-del-exterior,2026-09-12 23:10:41 +00:00,2026-07-29 06:50:03 +00:00,2026-10-06T19:16:36.606Z,10061916-1987-0381-0000-c011335956d7,research/pibank-expanded-2026-10-06/ranked-08-provider.json,,not_selected_for_capture_plan
BCP,depósito a plazo fijo bbva simulador,deposito a plazo fijo bbva simulador,480,43,https://www.viabcp.com/inversiones/deposito-plazo-fijo,2026-09-16 13:15:55 +00:00,2026-07-29 02:52:41 +00:00,2026-10-06T19:16:36.606Z,10061916-1987-0381-0000-c011335956d7,research/pibank-expanded-2026-10-06/ranked-08-provider.json,,not_selected_for_capture_plan
BCP,descuento cuenta sueldo bcp,descuento cuenta sueldo bcp,480,1,https://www.viabcp.com/cuentas/cuenta-sueldo,2026-09-15 03:14:58 +00:00,2026-09-13 14:24:52 +00:00,2026-10-06T19:16:36.606Z,10061916-1987-0381-0000-c011335956d7,research/pibank-expanded-2026-10-06/ranked-08-provider.json,,not_selected_for_capture_plan
BCP,descuentos bcp cuenta sueldo,descuentos bcp cuenta sueldo,480,1,https://www.viabcp.com/cuentas/cuenta-sueldo,2026-09-17 18:15:58 +00:00,2026-07-26 09:30:04 +00:00,2026-10-06T19:16:36.606Z,10061916-1987-0381-0000-c011335956d7,research/pibank-expanded-2026-10-06/ranked-08-provider.json,,not_selected_for_capture_plan
BCP,descuentos cuenta sueldo bcp,descuentos cuenta sueldo bcp,480,1,https://www.viabcp.com/cuentas/cuenta-sueldo,2026-09-13 09:45:12 +00:00,2026-09-13 14:24:41 +00:00,2026-10-06T19:16:36.606Z,10061916-1987-0381-0000-c011335956d7,research/pibank-expanded-2026-10-06/ranked-08-provider.json,,not_selected_for_capture_plan
BCP,eliminar cuenta bcp,eliminar cuenta bcp,480,1,https://www.viabcp.com/ayuda-bcp/cuenta-de-ahorros/como-elimino-mi-cuenta-ahorros-bcp,2026-09-13 22:16:48 +00:00,2026-09-13 11:21:27 +00:00,2026-10-06T19:16:36.606Z,10061916-1987-0381-0000-c011335956d7,research/pibank-expanded-2026-10-06/ranked-08-provider.json,,not_selected_for_capture_plan
BCP,funcion economica de la familia,funcion economica de la familia,480,23,https://www.viabcp.com/blog-bcp/por-que-ahorrar-invertir-familia,2026-09-17 22:08:13 +00:00,2026-07-07 10:28:33 +00:00,2026-10-06T19:16:36.606Z,10061916-1987-0381-0000-c011335956d7,research/pibank-expanded-2026-10-06/ranked-08-provider.json,,not_selected_for_capture_plan
BCP,funcion económica de la familia,funcion economica de la familia,480,21,https://www.viabcp.com/blog-bcp/por-que-ahorrar-invertir-familia,2026-09-14 19:41:03 +00:00,2026-07-07 10:28:57 +00:00,2026-10-06T19:16:36.606Z,10061916-1987-0381-0000-c011335956d7,research/pibank-expanded-2026-10-06/ranked-08-provider.json,,not_selected_for_capture_plan
BCP,funciones de la familia economica,funciones de la familia economica,480,33,https://www.viabcp.com/blog-bcp/por-que-ahorrar-invertir-familia,2026-09-16 11:28:20 +00:00,2026-07-07 10:27:50 +00:00,2026-10-06T19:16:36.606Z,10061916-1987-0381-0000-c011335956d7,research/pibank-expanded-2026-10-06/ranked-08-provider.json,,not_selected_for_capture_plan
BCP,funciones de la familia económica,funciones de la familia economica,480,33,https://www.viabcp.com/blog-bcp/por-que-ahorrar-invertir-familia,2026-09-16 00:28:56 +00:00,2026-07-07 10:13:41 +00:00,2026-10-06T19:16:36.606Z,10061916-1987-0381-0000-c011335956d7,research/pibank-expanded-2026-10-06/ranked-08-provider.json,,not_selected_for_capture_plan
BCP,función económica de la familia,funcion economica de la familia,480,22,https://www.viabcp.com/blog-bcp/por-que-ahorrar-invertir-familia,2026-09-15 16:54:35 +00:00,2026-08-03 12:41:07 +00:00,2026-10-06T19:16:36.606Z,10061916-1987-0381-0000-c011335956d7,research/pibank-expanded-2026-10-06/ranked-08-provider.json,,not_selected_for_capture_plan
BCP,limite de transferencia bcp,limite de transferencia bcp,480,1,https://www.viabcp.com/ayuda-bcp/banca-movil/cual-monto-maximo-transferencias-bcp,2026-09-13 21:43:04 +00:00,2026-07-21 04:34:23 +00:00,2026-10-06T19:16:36.606Z,10061916-1987-0381-0000-c011335956d7,research/pibank-expanded-2026-10-06/ranked-08-provider.json,,not_selected_for_capture_plan
BCP,límite de transferencia bcp,limite de transferencia bcp,480,1,https://www.viabcp.com/ayuda-bcp/banca-movil/cual-monto-maximo-transferencias-bcp,2026-09-17 14:02:07 +00:00,2026-09-11 01:02:03 +00:00,2026-10-06T19:16:36.606Z,10061916-1987-0381-0000-c011335956d7,research/pibank-expanded-2026-10-06/ranked-08-provider.json,,not_selected_for_capture_plan
BCP,numero de cuenta interbank,numero de cuenta interbank,480,46,https://www.viabcp.com/ayuda-bcp/cuenta-de-ahorros/como-saber-numero-cuenta-ahorros-bcp-y-codigo-interbancario-cci,2026-09-16 09:26:37 +00:00,2026-09-12 19:09:15 +00:00,2026-10-06T19:16:36.606Z,10061916-1987-0381-0000-c011335956d7,research/pibank-expanded-2026-10-06/ranked-08-provider.json,,not_selected_for_capture_plan
BCP,pago diferido,pago diferido,480,12,https://www.viabcp.com/otros-servicios/envios-nacionales/transferencias-interbancarias-diferidas,2026-09-17 15:14:22 +00:00,2026-07-20 22:28:58 +00:00,2026-10-06T19:16:36.606Z,10061916-1987-0381-0000-c011335956d7,research/pibank-expanded-2026-10-06/ranked-08-provider.json,,not_selected_for_capture_plan
BCP,pagos diferidos,pagos diferidos,480,9,https://www.viabcp.com/otros-servicios/envios-nacionales/transferencias-interbancarias-diferidas,2026-09-15 02:40:41 +00:00,2026-07-20 22:13:20 +00:00,2026-10-06T19:16:36.606Z,10061916-1987-0381-0000-c011335956d7,research/pibank-expanded-2026-10-06/ranked-08-provider.json,,not_selected_for_capture_plan
BCP,plazo fijo banco ripley,plazo fijo banco ripley,480,52,https://www.viabcp.com/inversiones/deposito-plazo-fijo,2026-09-12 13:59:56 +00:00,2026-09-10 18:49:46 +00:00,2026-10-06T19:16:36.606Z,10061916-1987-0381-0000-c011335956d7,research/pibank-expanded-2026-10-06/ranked-08-provider.json,,not_selected_for_capture_plan
BCP,plazo fijo dolares,plazo fijo dolares,480,4,https://www.viabcp.com/inversiones/deposito-plazo-fijo/plazo-fijo-dolares,2026-09-15 01:22:07 +00:00,2026-09-12 15:05:02 +00:00,2026-10-06T19:16:36.606Z,10061916-1987-0381-0000-c011335956d7,research/pibank-expanded-2026-10-06/ranked-08-provider.json,,not_selected_for_capture_plan
BCP,puedo tener dos cuentas de yape,puedo tener dos cuentas de yape,480,36,https://www.viabcp.com/cuentas/cuenta-ahorro/cuenta-yape,2026-09-16 21:50:58 +00:00,2026-09-12 13:19:47 +00:00,2026-10-06T19:16:36.606Z,10061916-1987-0381-0000-c011335956d7,research/pibank-expanded-2026-10-06/ranked-08-provider.json,,not_selected_for_capture_plan
BCP,puedo tener dos cuentas de yape con el mismo dni,puedo tener dos cuentas de yape con el mismo dni,480,32,https://www.viabcp.com/cuentas/cuenta-ahorro/cuenta-yape,2026-09-15 08:48:22 +00:00,2026-07-27 13:49:42 +00:00,2026-10-06T19:16:36.606Z,10061916-1987-0381-0000-c011335956d7,research/pibank-expanded-2026-10-06/ranked-08-provider.json,,not_selected_for_capture_plan
BCP,que banco paga mas intereses,que banco paga mas intereses,480,17,https://www.viabcp.com/inversiones/deposito-plazo-fijo/pago-de-intereses-mensuales,2026-09-12 22:01:21 +00:00,2026-07-20 19:30:20 +00:00,2026-10-06T19:16:36.606Z,10061916-1987-0381-0000-c011335956d7,research/pibank-expanded-2026-10-06/ranked-08-provider.json,,not_selected_for_capture_plan
BCP,que es cheque de gerencia,que es cheque de gerencia,480,13,https://www.viabcp.com/informacion/todo-sobre-cuentas,2026-09-17 10:06:33 +00:00,2026-09-12 12:53:44 +00:00,2026-10-06T19:16:36.606Z,10061916-1987-0381-0000-c011335956d7,research/pibank-expanded-2026-10-06/ranked-08-provider.json,,not_selected_for_capture_plan
BCP,que es cuenta bancaria,que es cuenta bancaria,480,6,https://www.viabcp.com/cuentas,2026-09-12 08:22:45 +00:00,2026-07-27 13:37:31 +00:00,2026-10-06T19:16:36.606Z,10061916-1987-0381-0000-c011335956d7,research/pibank-expanded-2026-10-06/ranked-08-provider.json,,not_selected_for_capture_plan
BCP,que es código swift bcp,que es codigo swift bcp,480,1,https://www.viabcp.com/empresas/comercio-exterior/pagos-internacionales/transferencias-del-exterior,2026-09-12 03:29:14 +00:00,2026-09-12 13:02:07 +00:00,2026-10-06T19:16:36.606Z,10061916-1987-0381-0000-c011335956d7,research/pibank-expanded-2026-10-06/ranked-08-provider.json,,not_selected_for_capture_plan
BCP,que es el cheque de gerencia,que es el cheque de gerencia,480,9,https://www.viabcp.com/informacion/todo-sobre-cuentas,2026-09-13 18:27:24 +00:00,2026-07-27 13:53:11 +00:00,2026-10-06T19:16:36.606Z,10061916-1987-0381-0000-c011335956d7,research/pibank-expanded-2026-10-06/ranked-08-provider.json,,not_selected_for_capture_plan
BCP,que es un cheque de gerencia,que es un cheque de gerencia,480,14,https://www.viabcp.com/informacion/todo-sobre-cuentas,2026-09-16 14:30:39 +00:00,2026-09-12 12:13:32 +00:00,2026-10-06T19:16:36.606Z,10061916-1987-0381-0000-c011335956d7,research/pibank-expanded-2026-10-06/ranked-08-provider.json,,not_selected_for_capture_plan
BCP,que es una cuenta bancaria,que es una cuenta bancaria,480,36,https://www.viabcp.com/cuentas,2026-09-15 11:36:04 +00:00,2026-09-12 11:48:01 +00:00,2026-10-06T19:16:36.606Z,10061916-1987-0381-0000-c011335956d7,research/pibank-expanded-2026-10-06/ranked-08-provider.json,,not_selected_for_capture_plan
BCP,que son cheques de gerencia,que son cheques de gerencia,480,24,https://www.viabcp.com/informacion/todo-sobre-cuentas,2026-09-12 10:55:46 +00:00,2026-09-12 11:16:23 +00:00,2026-10-06T19:16:36.606Z,10061916-1987-0381-0000-c011335956d7,research/pibank-expanded-2026-10-06/ranked-08-provider.json,,not_selected_for_capture_plan
BCP,qué es un cheque de gerencia,que es un cheque de gerencia,480,18,https://www.viabcp.com/informacion/todo-sobre-cuentas,2026-09-13 10:28:27 +00:00,2026-09-12 10:39:00 +00:00,2026-10-06T19:16:36.606Z,10061916-1987-0381-0000-c011335956d7,research/pibank-expanded-2026-10-06/ranked-08-provider.json,,not_selected_for_capture_plan
BCP,simulador plazo fijo interbank,simulador plazo fijo interbank,480,45,https://www.viabcp.com/inversiones/deposito-plazo-fijo,2026-09-15 14:47:19 +00:00,2026-07-20 11:40:25 +00:00,2026-10-06T19:16:36.606Z,10061916-1987-0381-0000-c011335956d7,research/pibank-expanded-2026-10-06/ranked-08-provider.json,,not_selected_for_capture_plan
BCP,tasas plazo fijo,tasas plazo fijo,480,28,https://www.viabcp.com/inversiones/deposito-plazo-fijo,2026-09-13 09:54:59 +00:00,2026-07-20 09:16:53 +00:00,2026-10-06T19:16:36.606Z,10061916-1987-0381-0000-c011335956d7,research/pibank-expanded-2026-10-06/ranked-08-provider.json,,not_selected_for_capture_plan
BCP,tipo de cuenta,tipo de cuenta,480,1,https://www.viabcp.com/ayuda-bcp/cuenta-de-ahorros/cuales-son-los-tipos-de-cuentas-de-ahorros,2026-09-15 11:36:04 +00:00,2026-09-12 03:13:40 +00:00,2026-10-06T19:16:36.606Z,10061916-1987-0381-0000-c011335956d7,research/pibank-expanded-2026-10-06/ranked-08-provider.json,,not_selected_for_capture_plan
BCP,transferencia a terceros bcp,transferencia a terceros bcp,480,1,https://www.viabcp.com/ayuda-bcp/operaciones-digitales/como-realizo-transferencias-entre-cuentas-propias-o-terceros,2026-09-14 20:29:01 +00:00,2026-09-12 02:25:04 +00:00,2026-10-06T19:16:36.606Z,10061916-1987-0381-0000-c011335956d7,research/pibank-expanded-2026-10-06/ranked-08-provider.json,,not_selected_for_capture_plan
BCP,transferencias a terceros bcp,transferencias a terceros bcp,480,1,https://www.viabcp.com/ayuda-bcp/operaciones-digitales/como-realizo-transferencias-entre-cuentas-propias-o-terceros,2026-09-14 10:25:42 +00:00,2026-09-12 02:26:35 +00:00,2026-10-06T19:16:36.606Z,10061916-1987-0381-0000-c011335956d7,research/pibank-expanded-2026-10-06/ranked-08-provider.json,,not_selected_for_capture_plan
BCP,yape instalar,yape instalar,480,27,https://www.viabcp.com/cuentas/cuenta-ahorro/cuenta-yape,2026-09-15 22:53:40 +00:00,2026-09-11 23:41:27 +00:00,2026-10-06T19:16:36.606Z,10061916-1987-0381-0000-c011335956d7,research/pibank-expanded-2026-10-06/ranked-08-provider.json,,not_selected_for_capture_plan
BCP,yape yape,yape yape,480,18,https://www.viabcp.com/cuentas/cuenta-ahorro/cuenta-yape,2026-09-13 13:38:14 +00:00,2026-07-30 02:11:36 +00:00,2026-10-06T19:16:36.606Z,10061916-1987-0381-0000-c011335956d7,research/pibank-expanded-2026-10-06/ranked-08-provider.json,,not_selected_for_capture_plan
BCP,100 pesos mexicanos a dolares,100 pesos mexicanos a dolares,390,58,https://www.viabcp.com/cuenta-dolares,2026-09-12 23:37:39 +00:00,2026-09-17 00:33:47 +00:00,2026-10-06T19:16:36.606Z,10061916-1987-0381-0000-c011335956d7,research/pibank-expanded-2026-10-06/ranked-08-provider.json,,not_selected_for_capture_plan
BCP,10000 pesos mexicanos en dolares,10000 pesos mexicanos en dolares,390,67,https://www.viabcp.com/cuenta-dolares,2026-09-16 20:12:22 +00:00,2026-09-17 00:32:55 +00:00,2026-10-06T19:16:36.606Z,10061916-1987-0381-0000-c011335956d7,research/pibank-expanded-2026-10-06/ranked-08-provider.json,,not_selected_for_capture_plan
BCP,11 dolares en soles,11 dolares en soles,390,86,https://www.viabcp.com/blog-bcp/abrir-cuenta-dolares-bcp,2026-09-16 18:33:08 +00:00,2026-09-17 00:31:38 +00:00,2026-10-06T19:16:36.606Z,10061916-1987-0381-0000-c011335956d7,research/pibank-expanded-2026-10-06/ranked-08-provider.json,,not_selected_for_capture_plan
BCP,180 mil dolares en soles,180 mil dolares en soles,390,74,https://www.viabcp.com/blog-bcp/abrir-cuenta-dolares-bcp,2026-09-13 20:39:22 +00:00,2026-09-17 00:38:16 +00:00,2026-10-06T19:16:36.606Z,10061916-1987-0381-0000-c011335956d7,research/pibank-expanded-2026-10-06/ranked-08-provider.json,,not_selected_for_capture_plan
BCP,240 soles a dolares,240 soles a dolares,390,92,https://www.viabcp.com/blog-bcp/abrir-cuenta-dolares-bcp,2026-09-16 08:30:34 +00:00,2026-09-17 00:16:49 +00:00,2026-10-06T19:16:36.606Z,10061916-1987-0381-0000-c011335956d7,research/pibank-expanded-2026-10-06/ranked-08-provider.json,,not_selected_for_capture_plan
BCP,2700 soles a dolares,2700 soles a dolares,390,64,https://www.viabcp.com/cuenta-dolares,2026-09-17 02:53:05 +00:00,2026-09-17 00:29:31 +00:00,2026-10-06T19:16:36.606Z,10061916-1987-0381-0000-c011335956d7,research/pibank-expanded-2026-10-06/ranked-08-provider.json,,not_selected_for_capture_plan
BCP,345 dolares a soles,345 dolares a soles,390,67,https://www.viabcp.com/blog-bcp/abrir-cuenta-dolares-bcp,2026-09-14 10:03:24 +00:00,2026-09-17 00:12:43 +00:00,2026-10-06T19:16:36.606Z,10061916-1987-0381-0000-c011335956d7,research/pibank-expanded-2026-10-06/ranked-08-provider.json,,not_selected_for_capture_plan
BCP,3900 dolares a soles,3900 dolares a soles,390,77,https://www.viabcp.com/blog-bcp/abrir-cuenta-dolares-bcp,2026-09-12 14:54:34 +00:00,2026-09-17 00:11:04 +00:00,2026-10-06T19:16:36.606Z,10061916-1987-0381-0000-c011335956d7,research/pibank-expanded-2026-10-06/ranked-08-provider.json,,not_selected_for_capture_plan
BCP,50000 soles a dolares,50000 soles a dolares,390,68,https://www.viabcp.com/blog-bcp/abrir-cuenta-dolares-bcp,2026-09-12 19:43:40 +00:00,2026-09-17 00:03:08 +00:00,2026-10-06T19:16:36.606Z,10061916-1987-0381-0000-c011335956d7,research/pibank-expanded-2026-10-06/ranked-08-provider.json,,not_selected_for_capture_plan
BCP,abrir cuenta corriente bcp,abrir cuenta corriente bcp,390,1,https://www.viabcp.com/pymes/cuentas/cuenta-corriente/pyme,2026-09-15 23:21:19 +00:00,2026-09-16 23:50:25 +00:00,2026-10-06T19:16:36.606Z,10061916-1987-0381-0000-c011335956d7,research/pibank-expanded-2026-10-06/ranked-08-provider.json,,not_selected_for_capture_plan
BCP,abrir cuenta en dolares interbank,abrir cuenta en dolares interbank,390,32,https://www.viabcp.com/cuenta-dolares,2026-09-15 20:37:58 +00:00,2026-08-01 17:56:41 +00:00,2026-10-06T19:16:36.606Z,10061916-1987-0381-0000-c011335956d7,research/pibank-expanded-2026-10-06/ranked-08-provider.json,,not_selected_for_capture_plan
BCP,actualizar datos bcp,actualizar datos bcp,390,1,https://www.viabcp.com/ayuda-bcp/cuenta-de-ahorros/como-actualizar-correo-celular-asociado-cuenta-ahorro-bcp,2026-09-17 13:40:51 +00:00,2026-09-14 01:41:12 +00:00,2026-10-06T19:16:36.606Z,10061916-1987-0381-0000-c011335956d7,research/pibank-expanded-2026-10-06/ranked-08-provider.json,,not_selected_for_capture_plan
BCP,ahorrar dinero,ahorrar dinero,390,4,https://www.viabcp.com/blog-bcp/estrategias-como-ahorrar-dinero-en-casa,2026-09-16 06:00:35 +00:00,2026-09-16 22:57:44 +00:00,2026-10-06T19:16:36.606Z,10061916-1987-0381-0000-c011335956d7,research/pibank-expanded-2026-10-06/ranked-08-provider.json,E04,selected_exploratory_family
BCP,ahorrar en inglés,ahorrar en ingles,390,84,https://www.viabcp.com/blog-bcp/como-ahorrar-educacion-hijos-inversion,2026-09-15 15:14:41 +00:00,2026-09-16 22:57:44 +00:00,2026-10-06T19:16:36.606Z,10061916-1987-0381-0000-c011335956d7,research/pibank-expanded-2026-10-06/ranked-08-provider.json,,not_selected_for_capture_plan
BCP,aperturar cuenta interbank,aperturar cuenta interbank,390,23,https://www.viabcp.com/ayuda-bcp/cuenta-de-ahorros/como-abrir-cuenta-ahorros-bcp-para-ninos,2026-09-16 16:09:30 +00:00,2026-09-16 21:18:08 +00:00,2026-10-06T19:16:36.606Z,10061916-1987-0381-0000-c011335956d7,research/pibank-expanded-2026-10-06/ranked-08-provider.json,,not_selected_for_capture_plan
BCP,bcp ahorros,bcp ahorros,390,1,https://www.viabcp.com/cuentas/cuenta-ahorro,2026-09-15 15:56:09 +00:00,2026-07-29 19:59:08 +00:00,2026-10-06T19:16:36.606Z,10061916-1987-0381-0000-c011335956d7,research/pibank-expanded-2026-10-06/ranked-08-provider.json,B01,selected_exploratory_family
BCP,bcp cuenta empresa,bcp cuenta empresa,390,1,https://www.viabcp.com/pymes/cuentas/cuenta-corriente/pyme,2026-09-16 02:44:32 +00:00,2026-09-16 19:12:28 +00:00,2026-10-06T19:16:36.606Z,10061916-1987-0381-0000-c011335956d7,research/pibank-expanded-2026-10-06/ranked-08-provider.json,,not_selected_for_capture_plan
BCP,bcp deposito a plazo fijo,bcp deposito a plazo fijo,390,1,https://www.viabcp.com/inversiones/deposito-plazo-fijo,2026-09-16 11:57:12 +00:00,2026-08-01 11:34:07 +00:00,2026-10-06T19:16:36.606Z,10061916-1987-0381-0000-c011335956d7,research/pibank-expanded-2026-10-06/ranked-08-provider.json,,not_selected_for_capture_plan
BCP,bcp sorteos,bcp sorteos,390,1,https://www.viabcp.com/sorteos-y-campanas-ahorros,2026-09-12 03:35:44 +00:00,2026-08-01 11:35:33 +00:00,2026-10-06T19:16:36.606Z,10061916-1987-0381-0000-c011335956d7,research/pibank-expanded-2026-10-06/ranked-08-provider.json,,not_selected_for_capture_plan
BCP,cencosud tarjeta estado de cuenta,cencosud tarjeta estado de cuenta,390,37,https://www.viabcp.com/ayuda-bcp/tarjetas/como-ver-estado-de-cuenta-de-mi-tarjeta-de-credito-bcp,2026-09-17 16:39:26 +00:00,2026-09-16 14:53:48 +00:00,2026-10-06T19:16:36.606Z,10061916-1987-0381-0000-c011335956d7,research/pibank-expanded-2026-10-06/ranked-08-provider.json,,not_selected_for_capture_plan
BCP,cheque diferido,cheque diferido,390,17,https://www.viabcp.com/informacion/todo-sobre-cuentas,2026-09-16 13:48:45 +00:00,2026-09-16 14:21:10 +00:00,2026-10-06T19:16:36.606Z,10061916-1987-0381-0000-c011335956d7,research/pibank-expanded-2026-10-06/ranked-08-provider.json,,not_selected_for_capture_plan
BCP,codigo interbancario caja arequipa,codigo interbancario caja arequipa,390,27,https://www.viabcp.com/ayuda-bcp/cuenta-de-ahorros/como-saber-numero-cuenta-ahorros-bcp-y-codigo-interbancario-cci,2026-09-12 05:42:43 +00:00,2026-09-16 13:03:12 +00:00,2026-10-06T19:16:36.606Z,10061916-1987-0381-0000-c011335956d7,research/pibank-expanded-2026-10-06/ranked-08-provider.json,,not_selected_for_capture_plan
BCP,como descargar yape,como descargar yape,390,22,https://www.viabcp.com/cuentas/cuenta-ahorro/cuenta-yape,2026-09-17 12:00:14 +00:00,2026-07-29 11:18:25 +00:00,2026-10-06T19:16:36.606Z,10061916-1987-0381-0000-c011335956d7,research/pibank-expanded-2026-10-06/ranked-08-provider.json,,not_selected_for_capture_plan
BCP,como invertir mi dinero,como invertir mi dinero,390,13,https://www.viabcp.com/blog-bcp/donde-colocar-primeros-ahorros,2026-09-14 09:53:11 +00:00,2026-08-01 06:45:33 +00:00,2026-10-06T19:16:36.606Z,10061916-1987-0381-0000-c011335956d7,research/pibank-expanded-2026-10-06/ranked-08-provider.json,,not_selected_for_capture_plan
BCP,como saber cual es mi numero de cuenta bcp,como saber cual es mi numero de cuenta bcp,390,1,https://www.viabcp.com/ayuda-bcp/cuenta-de-ahorros/como-saber-numero-cuenta-ahorros-bcp-y-codigo-interbancario-cci,2026-09-13 11:22:35 +00:00,2026-08-01 06:54:02 +00:00,2026-10-06T19:16:36.606Z,10061916-1987-0381-0000-c011335956d7,research/pibank-expanded-2026-10-06/ranked-08-provider.json,,not_selected_for_capture_plan
BCP,como saber mi numero de cuenta del bcp,como saber mi numero de cuenta del bcp,390,1,https://www.viabcp.com/ayuda-bcp/cuenta-de-ahorros/como-saber-numero-cuenta-ahorros-bcp-y-codigo-interbancario-cci,2026-09-14 12:50:27 +00:00,2026-08-01 06:39:25 +00:00,2026-10-06T19:16:36.606Z,10061916-1987-0381-0000-c011335956d7,research/pibank-expanded-2026-10-06/ranked-08-provider.json,,not_selected_for_capture_plan
BCP,como saber mi numero de cuenta interbank,como saber mi numero de cuenta interbank,390,40,https://www.viabcp.com/ayuda-bcp/cuenta-de-ahorros/como-saber-numero-cuenta-ahorros-bcp-y-codigo-interbancario-cci,2026-09-15 00:48:21 +00:00,2026-09-16 11:56:39 +00:00,2026-10-06T19:16:36.606Z,10061916-1987-0381-0000-c011335956d7,research/pibank-expanded-2026-10-06/ranked-08-provider.json,,not_selected_for_capture_plan
BCP,como ver mi licencia de conducir virtual,como ver mi licencia de conducir virtual,390,62,https://www.viabcp.com/ayuda-bcp/cuenta-de-ahorros/como-saber-numero-cuenta-ahorros-bcp-y-codigo-interbancario-cci,2026-09-17 01:43:33 +00:00,2026-09-19 19:04:33 +00:00,2026-10-06T19:16:36.606Z,10061916-1987-0381-0000-c011335956d7,research/pibank-expanded-2026-10-06/ranked-08-provider.json,,not_selected_for_capture_plan
BCP,crear cuenta de ahorros bcp digital,crear cuenta de ahorros bcp digital,390,1,https://www.viabcp.com/cuentas/cuenta-ahorro/cuenta-digital-bcp,2026-09-16 13:43:33 +00:00,2026-09-16 10:14:47 +00:00,2026-10-06T19:16:36.606Z,10061916-1987-0381-0000-c011335956d7,research/pibank-expanded-2026-10-06/ranked-08-provider.json,B01,selected_exploratory_family
BCP,crear cuenta sueldo bcp,crear cuenta sueldo bcp,390,1,https://www.viabcp.com/cuenta-sueldo-bcp,2026-09-17 05:57:00 +00:00,2026-09-16 10:03:25 +00:00,2026-10-06T19:16:36.606Z,10061916-1987-0381-0000-c011335956d7,research/pibank-expanded-2026-10-06/ranked-08-provider.json,,not_selected_for_capture_plan
BCP,cts oh en línea,cts oh en linea,390,28,https://www.viabcp.com/cuentas/cuenta-sueldo/cuenta-cts-bcp,2026-09-17 22:04:41 +00:00,2026-09-16 09:40:56 +00:00,2026-10-06T19:16:36.606Z,10061916-1987-0381-0000-c011335956d7,research/pibank-expanded-2026-10-06/ranked-08-provider.json,,not_selected_for_capture_plan
BCP,cual es el número de cuenta bancaria bcp,cual es el numero de cuenta bancaria bcp,390,1,https://www.viabcp.com/ayuda-bcp/cuenta-de-ahorros/como-saber-numero-cuenta-ahorros-bcp-y-codigo-interbancario-cci,2026-09-14 07:18:35 +00:00,2026-09-16 09:48:09 +00:00,2026-10-06T19:16:36.606Z,10061916-1987-0381-0000-c011335956d7,research/pibank-expanded-2026-10-06/ranked-08-provider.json,,not_selected_for_capture_plan
BCP,cuando se pagan las utilidades 2026 perú,cuando se pagan las utilidades 2026 peru,390,10,https://www.viabcp.com/blog-bcp/deposito-utilidades-como-funciona-ahorros,2026-09-16 07:34:09 +00:00,2026-09-16 09:35:00 +00:00,2026-10-06T19:16:36.606Z,10061916-1987-0381-0000-c011335956d7,research/pibank-expanded-2026-10-06/ranked-08-provider.json,,not_selected_for_capture_plan
BCP,cuenta de ahorro a plazo fijo,cuenta de ahorro a plazo fijo,390,2,https://www.viabcp.com/inversiones/deposito-plazo-fijo,2026-09-15 06:04:40 +00:00,2026-09-16 09:04:09 +00:00,2026-10-06T19:16:36.606Z,10061916-1987-0381-0000-c011335956d7,research/pibank-expanded-2026-10-06/ranked-08-provider.json,,not_selected_for_capture_plan
BCP,cuenta de alto rendimiento peru,cuenta de alto rendimiento peru,390,18,https://www.viabcp.com/blog-bcp/como-elegir-cuenta-ahorro-tipos,2026-09-16 00:22:46 +00:00,2026-08-01 02:47:33 +00:00,2026-10-06T19:16:36.606Z,10061916-1987-0381-0000-c011335956d7,research/pibank-expanded-2026-10-06/ranked-08-provider.json,C01,selected_exploratory_family
BCP,cuentas de ahorro a plazo fijo,cuentas de ahorro a plazo fijo,390,5,https://www.viabcp.com/inversiones/deposito-plazo-fijo,2026-09-13 15:44:36 +00:00,2026-08-01 02:43:02 +00:00,2026-10-06T19:16:36.606Z,10061916-1987-0381-0000-c011335956d7,research/pibank-expanded-2026-10-06/ranked-08-provider.json,,not_selected_for_capture_plan
BCP,cuentas de ahorro plazo fijo,cuentas de ahorro plazo fijo,390,14,https://www.viabcp.com/inversiones/deposito-plazo-fijo,2026-09-13 00:59:21 +00:00,2026-08-01 02:42:39 +00:00,2026-10-06T19:16:36.606Z,10061916-1987-0381-0000-c011335956d7,research/pibank-expanded-2026-10-06/ranked-08-provider.json,,not_selected_for_capture_plan
BCP,cuentas de alto rendimiento peru,cuentas de alto rendimiento peru,390,13,https://www.viabcp.com/blog-bcp/como-elegir-cuenta-ahorro-tipos,2026-09-15 04:16:36 +00:00,2026-09-16 09:03:03 +00:00,2026-10-06T19:16:36.606Z,10061916-1987-0381-0000-c011335956d7,research/pibank-expanded-2026-10-06/ranked-08-provider.json,C01,selected_exploratory_family
BCP,código swift bcp paypal,codigo swift bcp paypal,390,1,https://www.viabcp.com/empresas/comercio-exterior/pagos-internacionales/transferencias-del-exterior,2026-09-15 18:51:40 +00:00,2026-07-29 06:49:16 +00:00,2026-10-06T19:16:36.606Z,10061916-1987-0381-0000-c011335956d7,research/pibank-expanded-2026-10-06/ranked-08-provider.json,,not_selected_for_capture_plan
BCP,cómo descargar yape,como descargar yape,390,22,https://www.viabcp.com/cuentas/cuenta-ahorro/cuenta-yape,2026-09-12 12:17:05 +00:00,2026-07-29 06:43:13 +00:00,2026-10-06T19:16:36.606Z,10061916-1987-0381-0000-c011335956d7,research/pibank-expanded-2026-10-06/ranked-08-provider.json,,not_selected_for_capture_plan
BCP,cómo pasar,como pasar,390,35,https://www.viabcp.com/ayuda-bcp/operaciones-digitales/como-realizo-transferencias-entre-cuentas-propias-o-terceros,2026-09-12 09:18:54 +00:00,2026-09-16 08:21:31 +00:00,2026-10-06T19:16:36.606Z,10061916-1987-0381-0000-c011335956d7,research/pibank-expanded-2026-10-06/ranked-08-provider.json,,not_selected_for_capture_plan
BCP,cómo saber dni con nombre,como saber dni con nombre,390,52,https://www.viabcp.com/ayuda-bcp/cuenta-de-ahorros/como-saber-numero-cuenta-ahorros-bcp-y-codigo-interbancario-cci,2026-09-13 04:10:27 +00:00,2026-09-19 14:57:19 +00:00,2026-10-06T19:16:36.606Z,10061916-1987-0381-0000-c011335956d7,research/pibank-expanded-2026-10-06/ranked-08-provider.json,,not_selected_for_capture_plan
BCP,dónde comer cerca de mí,donde comer cerca de mi,390,43,https://www.viabcp.com/ayuda-bcp/cuenta-de-ahorros/como-saber-numero-cuenta-ahorros-bcp-y-codigo-interbancario-cci,2026-09-13 10:28:27 +00:00,2026-09-19 10:26:13 +00:00,2026-10-06T19:16:36.606Z,10061916-1987-0381-0000-c011335956d7,research/pibank-expanded-2026-10-06/ranked-08-provider.json,,not_selected_for_capture_plan
BCP,en cuenta,en cuenta,390,12,https://www.viabcp.com/cuentas,2026-09-13 07:11:36 +00:00,2026-07-31 20:24:04 +00:00,2026-10-06T19:16:36.606Z,10061916-1987-0381-0000-c011335956d7,research/pibank-expanded-2026-10-06/ranked-08-provider.json,,not_selected_for_capture_plan
BCP,en que banco puedo ahorrar mi dinero y ganar intereses,en que banco puedo ahorrar mi dinero y ganar intereses,390,16,https://www.viabcp.com/blog-bcp/como-elegir-cuenta-ahorro-tipos,2026-09-14 06:37:02 +00:00,2026-09-16 03:20:06 +00:00,2026-10-06T19:16:36.606Z,10061916-1987-0381-0000-c011335956d7,research/pibank-expanded-2026-10-06/ranked-08-provider.json,C03,selected_exploratory_family
BCP,en que invertir mi dinero,en que invertir mi dinero,390,29,https://www.viabcp.com/blog-bcp/donde-colocar-primeros-ahorros,2026-09-14 08:15:52 +00:00,2026-09-13 11:09:04 +00:00,2026-10-06T19:16:36.606Z,10061916-1987-0381-0000-c011335956d7,research/pibank-expanded-2026-10-06/ranked-08-provider.json,,not_selected_for_capture_plan
BCP,en que puedo invertir mi dinero,en que puedo invertir mi dinero,390,21,https://www.viabcp.com/blog-bcp/donde-colocar-primeros-ahorros,2026-09-15 12:24:38 +00:00,2026-09-16 03:19:14 +00:00,2026-10-06T19:16:36.606Z,10061916-1987-0381-0000-c011335956d7,research/pibank-expanded-2026-10-06/ranked-08-provider.json,,not_selected_for_capture_plan
BCP,en que puedo invertir mi dinero para multiplicarlo,en que puedo invertir mi dinero para multiplicarlo,390,7,https://www.viabcp.com/blog-bcp/donde-colocar-primeros-ahorros,2026-09-15 23:10:56 +00:00,2026-09-16 03:29:33 +00:00,2026-10-06T19:16:36.606Z,10061916-1987-0381-0000-c011335956d7,research/pibank-expanded-2026-10-06/ranked-08-provider.json,,not_selected_for_capture_plan
BCP,financiera oh plazo fijo,financiera oh plazo fijo,390,40,https://www.viabcp.com/inversiones/deposito-plazo-fijo,2026-09-13 14:33:21 +00:00,2026-07-28 19:49:22 +00:00,2026-10-06T19:16:36.606Z,10061916-1987-0381-0000-c011335956d7,research/pibank-expanded-2026-10-06/ranked-08-provider.json,,not_selected_for_capture_plan
BCP,gasolinera cercana a mí,gasolinera cercana a mi,390,86,https://www.viabcp.com/ayuda-bcp/cuenta-de-ahorros/como-saber-numero-cuenta-ahorros-bcp-y-codigo-interbancario-cci,2026-09-17 11:21:10 +00:00,2026-09-19 02:56:03 +00:00,2026-10-06T19:16:36.606Z,10061916-1987-0381-0000-c011335956d7,research/pibank-expanded-2026-10-06/ranked-08-provider.json,,not_selected_for_capture_plan
BCP,interes a plazo fijo,interes a plazo fijo,390,12,https://www.viabcp.com/blog-bcp/que-es-deposito-plazo-fijo-inversion,2026-09-14 21:04:46 +00:00,2026-09-15 20:25:42 +00:00,2026-10-06T19:16:36.606Z,10061916-1987-0381-0000-c011335956d7,research/pibank-expanded-2026-10-06/ranked-08-provider.json,,not_selected_for_capture_plan
BCP,interes plazo fijo,interes plazo fijo,390,15,https://www.viabcp.com/inversiones/deposito-plazo-fijo,2026-09-16 21:40:37 +00:00,2026-09-15 20:28:08 +00:00,2026-10-06T19:16:36.606Z,10061916-1987-0381-0000-c011335956d7,research/pibank-expanded-2026-10-06/ranked-08-provider.json,,not_selected_for_capture_plan
BCP,mejores tasas a plazo fijo,mejores tasas a plazo fijo,390,35,https://www.viabcp.com/inversiones/deposito-plazo-fijo,2026-09-14 09:45:38 +00:00,2026-09-15 05:42:26 +00:00,2026-10-06T19:16:36.606Z,10061916-1987-0381-0000-c011335956d7,research/pibank-expanded-2026-10-06/ranked-08-provider.json,,not_selected_for_capture_plan
BCP,mi numero de cuenta bcp,mi numero de cuenta bcp,390,1,https://www.viabcp.com/ayuda-bcp/cuenta-de-ahorros/como-saber-numero-cuenta-ahorros-bcp-y-codigo-interbancario-cci,2026-09-16 18:22:59 +00:00,2026-07-30 23:16:39 +00:00,2026-10-06T19:16:36.606Z,10061916-1987-0381-0000-c011335956d7,research/pibank-expanded-2026-10-06/ranked-08-provider.json,,not_selected_for_capture_plan
BCP,numero de cuenta bancaria bcp,numero de cuenta bancaria bcp,390,1,https://www.viabcp.com/ayuda-bcp/cuenta-de-ahorros/como-saber-numero-cuenta-ahorros-bcp-y-codigo-interbancario-cci,2026-09-16 16:14:08 +00:00,2026-09-15 02:09:34 +00:00,2026-10-06T19:16:36.606Z,10061916-1987-0381-0000-c011335956d7,research/pibank-expanded-2026-10-06/ranked-08-provider.json,,not_selected_for_capture_plan
BCP,número de cuenta bcp ejemplo,numero de cuenta bcp ejemplo,390,1,https://www.viabcp.com/ayuda-bcp/cuenta-de-ahorros/como-saber-numero-cuenta-ahorros-bcp-y-codigo-interbancario-cci,2026-09-13 23:58:41 +00:00,2026-07-30 21:08:27 +00:00,2026-10-06T19:16:36.606Z,10061916-1987-0381-0000-c011335956d7,research/pibank-expanded-2026-10-06/ranked-08-provider.json,,not_selected_for_capture_plan
BCP,pago utilidades 2026,pago utilidades 2026,390,2,https://www.viabcp.com/blog-bcp/deposito-utilidades-como-funciona-ahorros,2026-09-13 14:16:59 +00:00,2026-07-30 20:37:29 +00:00,2026-10-06T19:16:36.606Z,10061916-1987-0381-0000-c011335956d7,research/pibank-expanded-2026-10-06/ranked-08-provider.json,,not_selected_for_capture_plan
BCP,pichincha plazo fijo,pichincha plazo fijo,390,74,https://www.viabcp.com/blog-bcp/que-es-deposito-plazo-fijo-inversion,2026-09-14 05:09:29 +00:00,2026-08-03 10:29:16 +00:00,2026-10-06T19:16:36.606Z,10061916-1987-0381-0000-c011335956d7,research/pibank-expanded-2026-10-06/ranked-08-provider.json,,not_selected_for_capture_plan
BCP,plazo fijo intereses,plazo fijo intereses,390,15,https://www.viabcp.com/inversiones/deposito-plazo-fijo/pago-de-intereses-mensuales,2026-09-13 13:59:36 +00:00,2026-09-14 21:53:41 +00:00,2026-10-06T19:16:36.606Z,10061916-1987-0381-0000-c011335956d7,research/pibank-expanded-2026-10-06/ranked-08-provider.json,,not_selected_for_capture_plan
BCP,que es cuenta mancomunada,que es cuenta mancomunada,390,8,https://www.viabcp.com/blog-bcp/finanzas-en-pareja-consejos-ahorrar-juntos,2026-09-13 06:51:56 +00:00,2026-08-02 16:10:28 +00:00,2026-10-06T19:16:36.606Z,10061916-1987-0381-0000-c011335956d7,research/pibank-expanded-2026-10-06/ranked-08-provider.json,,not_selected_for_capture_plan
BCP,que es transferencia diferida,que es transferencia diferida,390,2,https://www.viabcp.com/otros-servicios/envios-nacionales/transferencias-interbancarias-diferidas,2026-09-17 13:04:38 +00:00,2026-09-12 12:00:37 +00:00,2026-10-06T19:16:36.606Z,10061916-1987-0381-0000-c011335956d7,research/pibank-expanded-2026-10-06/ranked-08-provider.json,,not_selected_for_capture_plan
BCP,que es un deposito a plazo fijo,que es un deposito a plazo fijo,390,2,https://www.viabcp.com/blog-bcp/que-es-deposito-plazo-fijo-inversion,2026-09-17 20:01:32 +00:00,2026-09-14 18:38:00 +00:00,2026-10-06T19:16:36.606Z,10061916-1987-0381-0000-c011335956d7,research/pibank-expanded-2026-10-06/ranked-08-provider.json,,not_selected_for_capture_plan
BCP,que son fondos mutuos,que son fondos mutuos,390,1,https://www.viabcp.com/blog-bcp/conviene-ahorrar-en-fondos-mutuos,2026-09-16 09:42:04 +00:00,2026-09-14 17:28:46 +00:00,2026-10-06T19:16:36.606Z,10061916-1987-0381-0000-c011335956d7,research/pibank-expanded-2026-10-06/ranked-08-provider.json,,not_selected_for_capture_plan
BCP,quiero saber mi número de cuenta bcp,quiero saber mi numero de cuenta bcp,390,1,https://www.viabcp.com/ayuda-bcp/cuenta-de-ahorros/como-saber-numero-cuenta-ahorros-bcp-y-codigo-interbancario-cci,2026-09-16 14:47:55 +00:00,2026-07-30 13:06:26 +00:00,2026-10-06T19:16:36.606Z,10061916-1987-0381-0000-c011335956d7,research/pibank-expanded-2026-10-06/ranked-08-provider.json,,not_selected_for_capture_plan
BCP,quiero ver por,quiero ver por,390,30,https://www.viabcp.com/ayuda-bcp/operaciones-digitales/como-ver-saldos-movimientos-cuenta-ahorro-bcp,2026-09-15 05:38:23 +00:00,2026-09-14 17:08:53 +00:00,2026-10-06T19:16:36.606Z,10061916-1987-0381-0000-c011335956d7,research/pibank-expanded-2026-10-06/ranked-08-provider.json,,not_selected_for_capture_plan
BCP,qué es transferencia diferida,que es transferencia diferida,390,2,https://www.viabcp.com/otros-servicios/envios-nacionales/transferencias-interbancarias-diferidas,2026-09-16 13:03:18 +00:00,2026-09-12 10:45:01 +00:00,2026-10-06T19:16:36.606Z,10061916-1987-0381-0000-c011335956d7,research/pibank-expanded-2026-10-06/ranked-08-provider.json,,not_selected_for_capture_plan
BCP,tipos de cuenta bbva,tipos de cuenta bbva,390,24,https://www.viabcp.com/ayuda-bcp/cuenta-de-ahorros/cuales-son-los-tipos-de-cuentas-de-ahorros,2026-09-16 00:22:46 +00:00,2026-07-30 06:12:32 +00:00,2026-10-06T19:16:36.606Z,10061916-1987-0381-0000-c011335956d7,research/pibank-expanded-2026-10-06/ranked-08-provider.json,,not_selected_for_capture_plan
BCP,transferencia al exterior bcp,transferencia al exterior bcp,390,1,https://www.viabcp.com/empresas/comercio-exterior/pagos-internacionales/transferencias-al-exterior,2026-09-15 01:06:58 +00:00,2026-07-26 23:54:50 +00:00,2026-10-06T19:16:36.606Z,10061916-1987-0381-0000-c011335956d7,research/pibank-expanded-2026-10-06/ranked-08-provider.json,,not_selected_for_capture_plan
BCP,utilidades 2026 perú,utilidades 2026 peru,390,12,https://www.viabcp.com/blog-bcp/deposito-utilidades-como-funciona-ahorros,2026-09-15 20:47:47 +00:00,2026-08-01 20:42:20 +00:00,2026-10-06T19:16:36.606Z,10061916-1987-0381-0000-c011335956d7,research/pibank-expanded-2026-10-06/ranked-08-provider.json,,not_selected_for_capture_plan
BCP,yape oficial,yape oficial,390,13,https://www.viabcp.com/cuentas/cuenta-ahorro/cuenta-yape,2026-09-13 22:11:51 +00:00,2026-07-30 02:10:55 +00:00,2026-10-06T19:16:36.606Z,10061916-1987-0381-0000-c011335956d7,research/pibank-expanded-2026-10-06/ranked-08-provider.json,,not_selected_for_capture_plan
BCP,1 millon de soles a dolares,1 millon de soles a dolares,320,53,https://www.viabcp.com/cuenta-dolares,2026-09-17 19:53:12 +00:00,2026-09-20 02:53:47 +00:00,2026-10-06T19:16:36.606Z,10061916-1987-0381-0000-c011335956d7,research/pibank-expanded-2026-10-06/ranked-08-provider.json,,not_selected_for_capture_plan
BCP,10 mil dólares,10 mil dolares,320,41,https://www.viabcp.com/cuenta-dolares,2026-09-17 11:45:56 +00:00,2026-09-20 02:49:06 +00:00,2026-10-06T19:16:36.606Z,10061916-1987-0381-0000-c011335956d7,research/pibank-expanded-2026-10-06/ranked-08-provider.json,,not_selected_for_capture_plan
BCP,10 millones de pesos colombianos a dolares,10 millones de pesos colombianos a dolares,320,49,https://www.viabcp.com/cuenta-dolares,2026-09-14 17:36:00 +00:00,2026-09-20 02:49:03 +00:00,2026-10-06T19:16:36.606Z,10061916-1987-0381-0000-c011335956d7,research/pibank-expanded-2026-10-06/ranked-08-provider.json,,not_selected_for_capture_plan
BCP,12.78 dolares a soles,12.78 dolares a soles,320,72,https://www.viabcp.com/blog-bcp/abrir-cuenta-dolares-bcp,2026-09-15 17:18:40 +00:00,2026-09-20 02:40:43 +00:00,2026-10-06T19:16:36.606Z,10061916-1987-0381-0000-c011335956d7,research/pibank-expanded-2026-10-06/ranked-08-provider.json,,not_selected_for_capture_plan
BCP,20 dolares a pesos,20 dolares a pesos,320,50,https://www.viabcp.com/cuenta-dolares,2026-09-13 23:24:08 +00:00,2026-09-20 02:39:00 +00:00,2026-10-06T19:16:36.606Z,10061916-1987-0381-0000-c011335956d7,research/pibank-expanded-2026-10-06/ranked-08-provider.json,,not_selected_for_capture_plan
BCP,200.000 dolares a soles,200.000 dolares a soles,320,58,https://www.viabcp.com/cuenta-dolares,2026-09-15 02:41:23 +00:00,2026-09-17 00:18:58 +00:00,2026-10-06T19:16:36.606Z,10061916-1987-0381-0000-c011335956d7,research/pibank-expanded-2026-10-06/ranked-08-provider.json,,not_selected_for_capture_plan
BCP,248 dolares a soles,248 dolares a soles,320,67,https://www.viabcp.com/blog-bcp/abrir-cuenta-dolares-bcp,2026-09-12 01:52:38 +00:00,2026-09-20 02:35:59 +00:00,2026-10-06T19:16:36.606Z,10061916-1987-0381-0000-c011335956d7,research/pibank-expanded-2026-10-06/ranked-08-provider.json,,not_selected_for_capture_plan
BCP,270 soles a dolares,270 soles a dolares,320,49,https://www.viabcp.com/cuenta-dolares,2026-09-12 06:57:12 +00:00,2026-09-20 02:20:05 +00:00,2026-10-06T19:16:36.606Z,10061916-1987-0381-0000-c011335956d7,research/pibank-expanded-2026-10-06/ranked-08-provider.json,,not_selected_for_capture_plan
BCP,3 soles a dolar,3 soles a dolar,320,67,https://www.viabcp.com/cuenta-dolares,2026-09-13 17:26:51 +00:00,2026-09-20 02:17:14 +00:00,2026-10-06T19:16:36.606Z,10061916-1987-0381-0000-c011335956d7,research/pibank-expanded-2026-10-06/ranked-08-provider.json,,not_selected_for_capture_plan
BCP,33 mil dolares a soles,33 mil dolares a soles,320,57,https://www.viabcp.com/cuenta-dolares,2026-09-17 02:21:34 +00:00,2026-09-20 02:28:43 +00:00,2026-10-06T19:16:36.606Z,10061916-1987-0381-0000-c011335956d7,research/pibank-expanded-2026-10-06/ranked-08-provider.json,,not_selected_for_capture_plan
BCP,425 dolares a soles,425 dolares a soles,320,45,https://www.viabcp.com/cuenta-dolares,2026-09-17 22:39:26 +00:00,2026-09-20 02:08:03 +00:00,2026-10-06T19:16:36.606Z,10061916-1987-0381-0000-c011335956d7,research/pibank-expanded-2026-10-06/ranked-08-provider.json,,not_selected_for_capture_plan
BCP,4900 dolares a soles,4900 dolares a soles,320,58,https://www.viabcp.com/cuenta-dolares,2026-09-12 00:29:58 +00:00,2026-09-20 02:07:00 +00:00,2026-10-06T19:16:36.606Z,10061916-1987-0381-0000-c011335956d7,research/pibank-expanded-2026-10-06/ranked-08-provider.json,,not_selected_for_capture_plan
BCP,abrir cuenta bcp dólares,abrir cuenta bcp dolares,320,1,https://www.viabcp.com/cuenta-dolares,2026-09-14 04:03:21 +00:00,2026-09-20 01:33:14 +00:00,2026-10-06T19:16:36.606Z,10061916-1987-0381-0000-c011335956d7,research/pibank-expanded-2026-10-06/ranked-08-provider.json,,not_selected_for_capture_plan
BCP,abrir cuenta en dólares bcp desde la app,abrir cuenta en dolares bcp desde la app,320,1,https://www.viabcp.com/cuenta-dolares,2026-09-16 23:59:28 +00:00,2026-09-20 01:32:52 +00:00,2026-10-06T19:16:36.606Z,10061916-1987-0381-0000-c011335956d7,research/pibank-expanded-2026-10-06/ranked-08-provider.json,,not_selected_for_capture_plan
BCP,ahorro casa bcp,ahorro casa bcp,320,1,https://www.viabcp.com/creditos/credito-hipotecario/ahorro-local-fondeo-bcp,2026-09-15 18:13:08 +00:00,2026-09-20 00:24:03 +00:00,2026-10-06T19:16:36.606Z,10061916-1987-0381-0000-c011335956d7,research/pibank-expanded-2026-10-06/ranked-08-provider.json,,not_selected_for_capture_plan
BCP,apertura cuenta corriente bcp,apertura cuenta corriente bcp,320,1,https://www.viabcp.com/empresas/cuentas/cuenta-corriente/persona-juridica,2026-09-13 19:30:30 +00:00,2026-09-19 22:19:09 +00:00,2026-10-06T19:16:36.606Z,10061916-1987-0381-0000-c011335956d7,research/pibank-expanded-2026-10-06/ranked-08-provider.json,,not_selected_for_capture_plan
BCP,ayahuasca beneficios,ayahuasca beneficios,320,65,https://www.viabcp.com/ayuda-bcp/cuenta-de-ahorros/cuales-son-los-beneficios-de-abrir-una-cuenta-digital-bcp,2026-09-17 03:41:19 +00:00,2026-09-19 20:40:28 +00:00,2026-10-06T19:16:36.606Z,10061916-1987-0381-0000-c011335956d7,research/pibank-expanded-2026-10-06/ranked-08-provider.json,,not_selected_for_capture_plan
BCP,bcp direccion,bcp direccion,320,1,https://www.viabcp.com/empresas/comercio-exterior/pagos-internacionales/transferencias-del-exterior,2026-09-14 21:38:05 +00:00,2026-07-04 08:02:07 +00:00,2026-10-06T19:16:36.606Z,10061916-1987-0381-0000-c011335956d7,research/pibank-expanded-2026-10-06/ranked-08-provider.json,,not_selected_for_capture_plan
BCP,beneficios cuenta sueldo,beneficios cuenta sueldo,320,1,https://www.viabcp.com/cuentas/cuenta-sueldo,2026-09-15 19:20:42 +00:00,2026-08-09 23:12:52 +00:00,2026-10-06T19:16:36.606Z,10061916-1987-0381-0000-c011335956d7,research/pibank-expanded-2026-10-06/ranked-08-provider.json,,not_selected_for_capture_plan
BCP,binppepl,binppepl,320,17,https://www.viabcp.com/empresas/comercio-exterior/pagos-internacionales/transferencias-del-exterior,2026-09-15 16:55:58 +00:00,2026-08-01 11:09:41 +00:00,2026-10-06T19:16:36.606Z,10061916-1987-0381-0000-c011335956d7,research/pibank-expanded-2026-10-06/ranked-08-provider.json,,not_selected_for_capture_plan
BCP,centro de ayuda yape,centro de ayuda yape,320,22,https://www.viabcp.com/cuentas/cuenta-ahorro/cuenta-yape,2026-09-17 07:47:42 +00:00,2026-07-06 08:28:44 +00:00,2026-10-06T19:16:36.606Z,10061916-1987-0381-0000-c011335956d7,research/pibank-expanded-2026-10-06/ranked-08-provider.json,,not_selected_for_capture_plan
BCP,centro.de ayuda yape,centro.de ayuda yape,320,24,https://www.viabcp.com/cuentas/cuenta-ahorro/cuenta-yape,2026-09-13 08:16:25 +00:00,2026-07-06 08:22:51 +00:00,2026-10-06T19:16:36.606Z,10061916-1987-0381-0000-c011335956d7,research/pibank-expanded-2026-10-06/ranked-08-provider.json,,not_selected_for_capture_plan
BCP,cheque bcp,cheque bcp,320,1,https://www.viabcp.com/empresas/cuentas/cuenta-corriente/cheque-con-tope,2026-09-17 10:48:47 +00:00,2026-07-01 01:21:33 +00:00,2026-10-06T19:16:36.606Z,10061916-1987-0381-0000-c011335956d7,research/pibank-expanded-2026-10-06/ranked-08-provider.json,,not_selected_for_capture_plan
BCP,cheque de gerencia no negociable,cheque de gerencia no negociable,320,9,https://www.viabcp.com/informacion/todo-sobre-cuentas,2026-09-15 19:42:08 +00:00,2026-07-04 05:22:17 +00:00,2026-10-06T19:16:36.606Z,10061916-1987-0381-0000-c011335956d7,research/pibank-expanded-2026-10-06/ranked-08-provider.json,,not_selected_for_capture_plan
BCP,cheques bcp,cheques bcp,320,1,https://www.viabcp.com/empresas/cuentas/cuenta-corriente/cheque-con-tope,2026-09-12 21:57:46 +00:00,2026-07-01 02:39:28 +00:00,2026-10-06T19:16:36.606Z,10061916-1987-0381-0000-c011335956d7,research/pibank-expanded-2026-10-06/ranked-08-provider.json,,not_selected_for_capture_plan
BCP,comida fitness cerca de mi,comida fitness cerca de mi,320,66,https://www.viabcp.com/ayuda-bcp/cuenta-de-ahorros/como-saber-numero-cuenta-ahorros-bcp-y-codigo-interbancario-cci,2026-09-17 11:04:49 +00:00,2026-09-19 20:12:00 +00:00,2026-10-06T19:16:36.606Z,10061916-1987-0381-0000-c011335956d7,research/pibank-expanded-2026-10-06/ranked-08-provider.json,,not_selected_for_capture_plan
BCP,como cambiar mi correo de yape,como cambiar mi correo de yape,320,12,https://www.viabcp.com/ayuda-bcp/cuenta-de-ahorros/como-actualizar-correo-celular-asociado-cuenta-ahorro-bcp,2026-09-12 19:05:51 +00:00,2026-08-01 07:05:55 +00:00,2026-10-06T19:16:36.606Z,10061916-1987-0381-0000-c011335956d7,research/pibank-expanded-2026-10-06/ranked-08-provider.json,,not_selected_for_capture_plan
BCP,como crear un yape,como crear un yape,320,21,https://www.viabcp.com/cuentas/cuenta-ahorro/cuenta-yape,2026-09-15 22:07:48 +00:00,2026-08-04 06:51:27 +00:00,2026-10-06T19:16:36.606Z,10061916-1987-0381-0000-c011335956d7,research/pibank-expanded-2026-10-06/ranked-08-provider.json,,not_selected_for_capture_plan
BCP,como invertir,como invertir,320,17,https://www.viabcp.com/blog-bcp/donde-colocar-primeros-ahorros,2026-09-13 01:53:08 +00:00,2026-08-04 05:58:44 +00:00,2026-10-06T19:16:36.606Z,10061916-1987-0381-0000-c011335956d7,research/pibank-expanded-2026-10-06/ranked-08-provider.json,,not_selected_for_capture_plan
BCP,como puedo saber,como puedo saber,320,32,https://www.viabcp.com/ayuda-bcp/cuenta-de-ahorros/como-saber-saldo-cuenta-ahorros-bcp,2026-09-13 19:43:20 +00:00,2026-09-19 19:30:03 +00:00,2026-10-06T19:16:36.606Z,10061916-1987-0381-0000-c011335956d7,research/pibank-expanded-2026-10-06/ranked-08-provider.json,,not_selected_for_capture_plan
BCP,como rastrear un numero de telefono,como rastrear un numero de telefono,320,45,https://www.viabcp.com/ayuda-bcp/cuenta-de-ahorros/como-saber-numero-cuenta-ahorros-bcp-y-codigo-interbancario-cci,2026-09-12 15:15:53 +00:00,2026-09-19 19:19:44 +00:00,2026-10-06T19:16:36.606Z,10061916-1987-0381-0000-c011335956d7,research/pibank-expanded-2026-10-06/ranked-08-provider.json,,not_selected_for_capture_plan
BCP,como recuperar yape,como recuperar yape,320,23,https://www.viabcp.com/cuentas/cuenta-ahorro/cuenta-yape,2026-09-15 00:28:34 +00:00,2026-08-01 06:54:08 +00:00,2026-10-06T19:16:36.606Z,10061916-1987-0381-0000-c011335956d7,research/pibank-expanded-2026-10-06/ranked-08-provider.json,,not_selected_for_capture_plan
BCP,como saber cuantos vehículos tengo a mi nombre,como saber cuantos vehiculos tengo a mi nombre,320,55,https://www.viabcp.com/ayuda-bcp/cuenta-de-ahorros/como-saber-numero-cuenta-ahorros-bcp-y-codigo-interbancario-cci,2026-09-15 09:00:30 +00:00,2026-09-19 19:25:26 +00:00,2026-10-06T19:16:36.606Z,10061916-1987-0381-0000-c011335956d7,research/pibank-expanded-2026-10-06/ranked-08-provider.json,,not_selected_for_capture_plan
BCP,como saber donde estoy asegurado,como saber donde estoy asegurado,320,19,https://www.viabcp.com/ayuda-bcp/cuenta-de-ahorros/como-saber-saldo-cuenta-ahorros-bcp,2026-09-14 22:11:48 +00:00,2026-09-19 19:20:42 +00:00,2026-10-06T19:16:36.606Z,10061916-1987-0381-0000-c011335956d7,research/pibank-expanded-2026-10-06/ranked-08-provider.json,,not_selected_for_capture_plan
BCP,como saber mi cuenta de bcp,como saber mi cuenta de bcp,320,1,https://www.viabcp.com/ayuda-bcp/cuenta-de-ahorros/como-saber-numero-cuenta-ahorros-bcp-y-codigo-interbancario-cci,2026-09-12 11:35:05 +00:00,2026-09-19 19:30:16 +00:00,2026-10-06T19:16:36.606Z,10061916-1987-0381-0000-c011335956d7,research/pibank-expanded-2026-10-06/ranked-08-provider.json,,not_selected_for_capture_plan
BCP,como saber mi numero de cuenta banco de la nacion,como saber mi numero de cuenta banco de la nacion,320,40,https://www.viabcp.com/ayuda-bcp/cuenta-de-ahorros/como-saber-numero-cuenta-ahorros-bcp-y-codigo-interbancario-cci,2026-09-15 02:31:26 +00:00,2026-08-04 05:34:51 +00:00,2026-10-06T19:16:36.606Z,10061916-1987-0381-0000-c011335956d7,research/pibank-expanded-2026-10-06/ranked-08-provider.json,,not_selected_for_capture_plan
BCP,como saber mi número de cuenta banco de la nación,como saber mi numero de cuenta banco de la nacion,320,33,https://www.viabcp.com/ayuda-bcp/cuenta-de-ahorros/como-saber-numero-cuenta-ahorros-bcp-y-codigo-interbancario-cci,2026-09-16 19:47:45 +00:00,2026-08-04 05:38:45 +00:00,2026-10-06T19:16:36.606Z,10061916-1987-0381-0000-c011335956d7,research/pibank-expanded-2026-10-06/ranked-08-provider.json,,not_selected_for_capture_plan
BCP,como saber mi ubigeo,como saber mi ubigeo,320,28,https://www.viabcp.com/ayuda-bcp/cuenta-de-ahorros/como-saber-saldo-cuenta-ahorros-bcp,2026-09-17 23:43:39 +00:00,2026-09-19 19:22:41 +00:00,2026-10-06T19:16:36.606Z,10061916-1987-0381-0000-c011335956d7,research/pibank-expanded-2026-10-06/ranked-08-provider.json,,not_selected_for_capture_plan
BCP,como saber mis dias fertiles,como saber mis dias fertiles,320,31,https://www.viabcp.com/ayuda-bcp/cuenta-de-ahorros/como-saber-saldo-cuenta-ahorros-bcp,2026-09-17 18:31:22 +00:00,2026-09-19 19:23:58 +00:00,2026-10-06T19:16:36.606Z,10061916-1987-0381-0000-c011335956d7,research/pibank-expanded-2026-10-06/ranked-08-provider.json,,not_selected_for_capture_plan
BCP,como saber numero de cuenta bcp,como saber numero de cuenta bcp,320,1,https://www.viabcp.com/ayuda-bcp/cuenta-de-ahorros/como-saber-numero-cuenta-ahorros-bcp-y-codigo-interbancario-cci,2026-09-13 18:41:54 +00:00,2026-08-04 05:36:15 +00:00,2026-10-06T19:16:36.606Z,10061916-1987-0381-0000-c011335956d7,research/pibank-expanded-2026-10-06/ranked-08-provider.json,,not_selected_for_capture_plan
BCP,como saber si estoy censado,como saber si estoy censado,320,35,https://www.viabcp.com/ayuda-bcp/cuenta-de-ahorros/como-saber-saldo-cuenta-ahorros-bcp,2026-09-13 14:43:52 +00:00,2026-09-19 19:27:11 +00:00,2026-10-06T19:16:36.606Z,10061916-1987-0381-0000-c011335956d7,research/pibank-expanded-2026-10-06/ranked-08-provider.json,,not_selected_for_capture_plan
BCP,como saber si estoy en extrema pobreza,como saber si estoy en extrema pobreza,320,36,https://www.viabcp.com/ayuda-bcp/cuenta-de-ahorros/como-saber-saldo-cuenta-ahorros-bcp,2026-09-15 18:21:43 +00:00,2026-09-19 19:28:01 +00:00,2026-10-06T19:16:36.606Z,10061916-1987-0381-0000-c011335956d7,research/pibank-expanded-2026-10-06/ranked-08-provider.json,,not_selected_for_capture_plan
BCP,como saber si mi hija es autista,como saber si mi hija es autista,320,31,https://www.viabcp.com/ayuda-bcp/cuenta-de-ahorros/como-saber-saldo-cuenta-ahorros-bcp,2026-09-17 16:04:55 +00:00,2026-09-19 19:15:02 +00:00,2026-10-06T19:16:36.606Z,10061916-1987-0381-0000-c011335956d7,research/pibank-expanded-2026-10-06/ranked-08-provider.json,,not_selected_for_capture_plan
BCP,como saber si mi hijo es autista,como saber si mi hijo es autista,320,31,https://www.viabcp.com/ayuda-bcp/cuenta-de-ahorros/como-saber-saldo-cuenta-ahorros-bcp,2026-09-12 20:48:37 +00:00,2026-09-19 19:15:03 +00:00,2026-10-06T19:16:36.606Z,10061916-1987-0381-0000-c011335956d7,research/pibank-expanded-2026-10-06/ranked-08-provider.json,,not_selected_for_capture_plan
BCP,como saber si mi telefono esta intervenido,como saber si mi telefono esta intervenido,320,66,https://www.viabcp.com/ayuda-bcp/cuenta-de-ahorros/como-saber-numero-cuenta-ahorros-bcp-y-codigo-interbancario-cci,2026-09-14 23:12:38 +00:00,2026-09-19 19:24:27 +00:00,2026-10-06T19:16:36.606Z,10061916-1987-0381-0000-c011335956d7,research/pibank-expanded-2026-10-06/ranked-08-provider.json,,not_selected_for_capture_plan
BCP,como saber si tengo brevete,como saber si tengo brevete,320,28,https://www.viabcp.com/ayuda-bcp/cuenta-de-ahorros/como-saber-saldo-cuenta-ahorros-bcp,2026-09-12 08:40:31 +00:00,2026-09-19 19:14:42 +00:00,2026-10-06T19:16:36.606Z,10061916-1987-0381-0000-c011335956d7,research/pibank-expanded-2026-10-06/ranked-08-provider.json,,not_selected_for_capture_plan
BCP,como saber si tengo essalud con mi dni,como saber si tengo essalud con mi dni,320,37,https://www.viabcp.com/ayuda-bcp/cuenta-de-ahorros/como-saber-saldo-cuenta-ahorros-bcp,2026-09-16 19:54:36 +00:00,2026-09-19 19:24:32 +00:00,2026-10-06T19:16:36.606Z,10061916-1987-0381-0000-c011335956d7,research/pibank-expanded-2026-10-06/ranked-08-provider.json,,not_selected_for_capture_plan
BCP,como saber tu numero claro,como saber tu numero claro,320,28,https://www.viabcp.com/ayuda-bcp/cuenta-de-ahorros/como-saber-saldo-cuenta-ahorros-bcp,2026-09-15 02:35:38 +00:00,2026-09-19 19:14:10 +00:00,2026-10-06T19:16:36.606Z,10061916-1987-0381-0000-c011335956d7,research/pibank-expanded-2026-10-06/ranked-08-provider.json,,not_selected_for_capture_plan
BCP,como saber tu numero movistar,como saber tu numero movistar,320,53,https://www.viabcp.com/ayuda-bcp/cuenta-de-ahorros/como-saber-numero-cuenta-ahorros-bcp-y-codigo-interbancario-cci,2026-09-17 16:54:27 +00:00,2026-09-19 19:14:01 +00:00,2026-10-06T19:16:36.606Z,10061916-1987-0381-0000-c011335956d7,research/pibank-expanded-2026-10-06/ranked-08-provider.json,,not_selected_for_capture_plan
BCP,como sacar mi numero de cuenta bcp,como sacar mi numero de cuenta bcp,320,1,https://www.viabcp.com/ayuda-bcp/cuenta-de-ahorros/como-saber-numero-cuenta-ahorros-bcp-y-codigo-interbancario-cci,2026-09-17 20:13:52 +00:00,2026-09-19 19:27:35 +00:00,2026-10-06T19:16:36.606Z,10061916-1987-0381-0000-c011335956d7,research/pibank-expanded-2026-10-06/ranked-08-provider.json,,not_selected_for_capture_plan
BCP,como se juega la tinka en peru,como se juega la tinka en peru,320,83,https://www.viabcp.com/ayuda-bcp/cuenta-de-ahorros/como-saber-numero-cuenta-ahorros-bcp-y-codigo-interbancario-cci,2026-09-17 11:13:05 +00:00,2026-09-19 19:01:04 +00:00,2026-10-06T19:16:36.606Z,10061916-1987-0381-0000-c011335956d7,research/pibank-expanded-2026-10-06/ranked-08-provider.json,,not_selected_for_capture_plan
BCP,como va mi solicitud de retiro afp integra,como va mi solicitud de retiro afp integra,320,64,https://www.viabcp.com/ayuda-bcp/cuenta-de-ahorros/como-saber-numero-cuenta-ahorros-bcp-y-codigo-interbancario-cci,2026-09-14 17:11:00 +00:00,2026-09-19 19:04:52 +00:00,2026-10-06T19:16:36.606Z,10061916-1987-0381-0000-c011335956d7,research/pibank-expanded-2026-10-06/ranked-08-provider.json,,not_selected_for_capture_plan
BCP,como ver mi estado de cuenta bcp en mi celular,como ver mi estado de cuenta bcp en mi celular,320,1,https://www.viabcp.com/ayuda-bcp/cuenta-de-ahorros/como-ver-estados-de-cuenta-ahorros-bcp,2026-09-14 11:09:14 +00:00,2026-08-04 04:37:29 +00:00,2026-10-06T19:16:36.606Z,10061916-1987-0381-0000-c011335956d7,research/pibank-expanded-2026-10-06/ranked-08-provider.json,,not_selected_for_capture_plan
BCP,como ver mi saldo en movistar,como ver mi saldo en movistar,320,58,https://www.viabcp.com/ayuda-bcp/cuenta-de-ahorros/como-saber-numero-cuenta-ahorros-bcp-y-codigo-interbancario-cci,2026-09-13 03:44:18 +00:00,2026-09-19 19:03:49 +00:00,2026-10-06T19:16:36.606Z,10061916-1987-0381-0000-c011335956d7,research/pibank-expanded-2026-10-06/ranked-08-provider.json,,not_selected_for_capture_plan
BCP,consulta número de placa,consulta numero de placa,320,59,https://www.viabcp.com/ayuda-bcp/cuenta-de-ahorros/como-saber-numero-cuenta-ahorros-bcp-y-codigo-interbancario-cci,2026-09-15 23:10:56 +00:00,2026-09-19 18:17:28 +00:00,2026-10-06T19:16:36.606Z,10061916-1987-0381-0000-c011335956d7,research/pibank-expanded-2026-10-06/ranked-08-provider.json,,not_selected_for_capture_plan
BCP,cual es abdomen,cual es abdomen,320,82,https://www.viabcp.com/ayuda-bcp/cuenta-de-ahorros/como-saber-numero-cuenta-ahorros-bcp-y-codigo-interbancario-cci,2026-09-17 16:18:28 +00:00,2026-09-19 16:40:10 +00:00,2026-10-06T19:16:36.606Z,10061916-1987-0381-0000-c011335956d7,research/pibank-expanded-2026-10-06/ranked-08-provider.json,,not_selected_for_capture_plan
BCP,cual es el correo electronico,cual es el correo electronico,320,54,https://www.viabcp.com/ayuda-bcp/cuenta-de-ahorros/como-saber-numero-cuenta-ahorros-bcp-y-codigo-interbancario-cci,2026-09-16 14:11:06 +00:00,2026-09-19 16:40:54 +00:00,2026-10-06T19:16:36.606Z,10061916-1987-0381-0000-c011335956d7,research/pibank-expanded-2026-10-06/ranked-08-provider.json,,not_selected_for_capture_plan
BCP,cual es el código swift,cual es el codigo swift,320,56,https://www.viabcp.com/ayuda-bcp/cuenta-de-ahorros/como-saber-numero-cuenta-ahorros-bcp-y-codigo-interbancario-cci,2026-09-15 02:05:34 +00:00,2026-09-19 16:40:03 +00:00,2026-10-06T19:16:36.606Z,10061916-1987-0381-0000-c011335956d7,research/pibank-expanded-2026-10-06/ranked-08-provider.json,,not_selected_for_capture_plan
BCP,cual es el número de cuenta,cual es el numero de cuenta,320,1,https://www.viabcp.com/ayuda-bcp/cuenta-de-ahorros/como-saber-numero-cuenta-ahorros-bcp-y-codigo-interbancario-cci,2026-09-16 20:50:49 +00:00,2026-09-19 16:39:00 +00:00,2026-10-06T19:16:36.606Z,10061916-1987-0381-0000-c011335956d7,research/pibank-expanded-2026-10-06/ranked-08-provider.json,,not_selected_for_capture_plan
BCP,cual es el satélite de la tierra,cual es el satelite de la tierra,320,69,https://www.viabcp.com/ayuda-bcp/cuenta-de-ahorros/como-saber-numero-cuenta-ahorros-bcp-y-codigo-interbancario-cci,2026-09-16 14:43:55 +00:00,2026-09-19 16:38:51 +00:00,2026-10-06T19:16:36.606Z,10061916-1987-0381-0000-c011335956d7,research/pibank-expanded-2026-10-06/ranked-08-provider.json,,not_selected_for_capture_plan
BCP,cual es el valor de x,cual es el valor de x,320,53,https://www.viabcp.com/ayuda-bcp/cuenta-de-ahorros/como-saber-numero-cuenta-ahorros-bcp-y-codigo-interbancario-cci,2026-09-12 20:08:36 +00:00,2026-09-19 16:38:21 +00:00,2026-10-06T19:16:36.606Z,10061916-1987-0381-0000-c011335956d7,research/pibank-expanded-2026-10-06/ranked-08-provider.json,,not_selected_for_capture_plan
BCP,cual es la diferencia entre etica y moral,cual es la diferencia entre etica y moral,320,84,https://www.viabcp.com/ayuda-bcp/cuenta-de-ahorros/como-saber-numero-cuenta-ahorros-bcp-y-codigo-interbancario-cci,2026-09-13 05:32:25 +00:00,2026-09-19 16:37:51 +00:00,2026-10-06T19:16:36.606Z,10061916-1987-0381-0000-c011335956d7,research/pibank-expanded-2026-10-06/ranked-08-provider.json,,not_selected_for_capture_plan
BCP,cual es la funcion del tallo,cual es la funcion del tallo,320,62,https://www.viabcp.com/ayuda-bcp/cuenta-de-ahorros/como-saber-numero-cuenta-ahorros-bcp-y-codigo-interbancario-cci,2026-09-12 23:38:32 +00:00,2026-09-19 16:37:23 +00:00,2026-10-06T19:16:36.606Z,10061916-1987-0381-0000-c011335956d7,research/pibank-expanded-2026-10-06/ranked-08-provider.json,,not_selected_for_capture_plan
BCP,cual es la izquierda,cual es la izquierda,320,71,https://www.viabcp.com/ayuda-bcp/cuenta-de-ahorros/como-saber-numero-cuenta-ahorros-bcp-y-codigo-interbancario-cci,2026-09-12 02:20:45 +00:00,2026-09-19 16:36:42 +00:00,2026-10-06T19:16:36.606Z,10061916-1987-0381-0000-c011335956d7,research/pibank-expanded-2026-10-06/ranked-08-provider.json,,not_selected_for_capture_plan
BCP,cual es la mejor marca de laptop,cual es la mejor marca de laptop,320,54,https://www.viabcp.com/ayuda-bcp/cuenta-de-ahorros/como-saber-numero-cuenta-ahorros-bcp-y-codigo-interbancario-cci,2026-09-17 17:29:37 +00:00,2026-09-19 16:36:45 +00:00,2026-10-06T19:16:36.606Z,10061916-1987-0381-0000-c011335956d7,research/pibank-expanded-2026-10-06/ranked-08-provider.json,,not_selected_for_capture_plan
BCP,cual es la raíz cuadrada de 5,cual es la raiz cuadrada de 5,320,55,https://www.viabcp.com/ayuda-bcp/cuenta-de-ahorros/como-saber-numero-cuenta-ahorros-bcp-y-codigo-interbancario-cci,2026-09-14 11:46:31 +00:00,2026-09-19 16:36:11 +00:00,2026-10-06T19:16:36.606Z,10061916-1987-0381-0000-c011335956d7,research/pibank-expanded-2026-10-06/ranked-08-provider.json,,not_selected_for_capture_plan
BCP,cual es mejor marca de laptop,cual es mejor marca de laptop,320,48,https://www.viabcp.com/ayuda-bcp/cuenta-de-ahorros/como-saber-numero-cuenta-ahorros-bcp-y-codigo-interbancario-cci,2026-09-12 08:35:36 +00:00,2026-09-19 16:35:47 +00:00,2026-10-06T19:16:36.606Z,10061916-1987-0381-0000-c011335956d7,research/pibank-expanded-2026-10-06/ranked-08-provider.json,,not_selected_for_capture_plan
BCP,cual es precio,cual es precio,320,73,https://www.viabcp.com/ayuda-bcp/cuenta-de-ahorros/como-saber-numero-cuenta-ahorros-bcp-y-codigo-interbancario-cci,2026-09-17 22:28:50 +00:00,2026-09-19 16:35:58 +00:00,2026-10-06T19:16:36.606Z,10061916-1987-0381-0000-c011335956d7,research/pibank-expanded-2026-10-06/ranked-08-provider.json,,not_selected_for_capture_plan
BCP,cual es significado de la vida,cual es significado de la vida,320,68,https://www.viabcp.com/ayuda-bcp/cuenta-de-ahorros/como-saber-numero-cuenta-ahorros-bcp-y-codigo-interbancario-cci,2026-09-16 22:36:49 +00:00,2026-09-19 16:35:41 +00:00,2026-10-06T19:16:36.606Z,10061916-1987-0381-0000-c011335956d7,research/pibank-expanded-2026-10-06/ranked-08-provider.json,,not_selected_for_capture_plan
BCP,cuando depositan las utilidades 2026,cuando depositan las utilidades 2026,320,3,https://www.viabcp.com/blog-bcp/deposito-utilidades-como-funciona-ahorros,2026-09-17 11:34:44 +00:00,2026-08-03 23:42:32 +00:00,2026-10-06T19:16:36.606Z,10061916-1987-0381-0000-c011335956d7,research/pibank-expanded-2026-10-06/ranked-08-provider.json,,not_selected_for_capture_plan
BCP,cuanto dinero puedo tener en yape con dni,cuanto dinero puedo tener en yape con dni,320,38,https://www.viabcp.com/cuentas/cuenta-ahorro/cuenta-yape,2026-09-15 11:08:59 +00:00,2026-09-19 16:19:33 +00:00,2026-10-06T19:16:36.606Z,10061916-1987-0381-0000-c011335956d7,research/pibank-expanded-2026-10-06/ranked-08-provider.json,,not_selected_for_capture_plan
BCP,cuanto es 11 dolares en soles,cuanto es 11 dolares en soles,320,28,https://www.viabcp.com/blog-bcp/abrir-cuenta-dolares-bcp,2026-09-14 23:09:09 +00:00,2026-09-19 16:18:17 +00:00,2026-10-06T19:16:36.606Z,10061916-1987-0381-0000-c011335956d7,research/pibank-expanded-2026-10-06/ranked-08-provider.json,,not_selected_for_capture_plan
BCP,cuanto es 200 dólares,cuanto es 200 dolares,320,50,https://www.viabcp.com/blog-bcp/abrir-cuenta-dolares-bcp,2026-09-14 19:52:05 +00:00,2026-09-19 16:18:02 +00:00,2026-10-06T19:16:36.606Z,10061916-1987-0381-0000-c011335956d7,research/pibank-expanded-2026-10-06/ranked-08-provider.json,,not_selected_for_capture_plan
BCP,cuanto está el dólar en argentina,cuanto esta el dolar en argentina,320,82,https://www.viabcp.com/cuenta-dolares,2026-09-16 05:37:53 +00:00,2026-09-19 16:15:46 +00:00,2026-10-06T19:16:36.606Z,10061916-1987-0381-0000-c011335956d7,research/pibank-expanded-2026-10-06/ranked-08-provider.json,,not_selected_for_capture_plan
BCP,cuanto gana un abogado en perú,cuanto gana un abogado en peru,320,37,https://www.viabcp.com/millas-bcp-ahorro,2026-09-16 07:59:35 +00:00,2026-09-19 16:15:13 +00:00,2026-10-06T19:16:36.606Z,10061916-1987-0381-0000-c011335956d7,research/pibank-expanded-2026-10-06/ranked-08-provider.json,,not_selected_for_capture_plan
BCP,cuanto gana un arquitecto,cuanto gana un arquitecto,320,39,https://www.viabcp.com/millas-bcp-ahorro,2026-09-17 09:11:45 +00:00,2026-09-19 16:15:12 +00:00,2026-10-06T19:16:36.606Z,10061916-1987-0381-0000-c011335956d7,research/pibank-expanded-2026-10-06/ranked-08-provider.json,,not_selected_for_capture_plan
BCP,cuanto gana un topografo en peru,cuanto gana un topografo en peru,320,27,https://www.viabcp.com/millas-bcp-ahorro,2026-09-17 14:45:49 +00:00,2026-09-19 16:14:30 +00:00,2026-10-06T19:16:36.606Z,10061916-1987-0381-0000-c011335956d7,research/pibank-expanded-2026-10-06/ranked-08-provider.json,,not_selected_for_capture_plan
BCP,cuenta a plazo fijo bcp,cuenta a plazo fijo bcp,320,1,https://www.viabcp.com/inversiones/deposito-plazo-fijo,2026-09-12 07:34:43 +00:00,2026-08-01 02:46:08 +00:00,2026-10-06T19:16:36.606Z,10061916-1987-0381-0000-c011335956d7,research/pibank-expanded-2026-10-06/ranked-08-provider.json,,not_selected_for_capture_plan
BCP,cuenta bcp con dinero,cuenta bcp con dinero,320,1,https://www.viabcp.com/cuentas,2026-09-17 11:56:58 +00:00,2026-08-01 02:46:54 +00:00,2026-10-06T19:16:36.606Z,10061916-1987-0381-0000-c011335956d7,research/pibank-expanded-2026-10-06/ranked-08-provider.json,,not_selected_for_capture_plan
BCP,cuenta cts bbva,cuenta cts bbva,320,41,https://www.viabcp.com/cuentas/cuenta-sueldo/cuenta-cts-bcp,2026-09-12 22:56:26 +00:00,2026-09-19 16:02:50 +00:00,2026-10-06T19:16:36.606Z,10061916-1987-0381-0000-c011335956d7,research/pibank-expanded-2026-10-06/ranked-08-provider.json,,not_selected_for_capture_plan
BCP,cuenta ganadora,cuenta ganadora,320,9,https://www.viabcp.com/cuentas/cuenta-ahorro/cuenta-premio-bcp,2026-09-12 09:55:58 +00:00,2026-09-19 16:01:27 +00:00,2026-10-06T19:16:36.606Z,10061916-1987-0381-0000-c011335956d7,research/pibank-expanded-2026-10-06/ranked-08-provider.json,,not_selected_for_capture_plan
BCP,cuenta ilimitada bcp,cuenta ilimitada bcp,320,1,https://www.viabcp.com/cuentas/cuenta-ahorro/cuenta-ilimitada-bcp,2026-09-16 01:11:39 +00:00,2026-08-01 02:45:27 +00:00,2026-10-06T19:16:36.606Z,10061916-1987-0381-0000-c011335956d7,research/pibank-expanded-2026-10-06/ranked-08-provider.json,,not_selected_for_capture_plan
BCP,cuenta joven,cuenta joven,320,5,https://www.viabcp.com/ayuda-bcp/cuenta-de-ahorros/como-abrir-cuenta-ahorros-bcp-para-ninos,2026-09-14 00:11:58 +00:00,2026-08-03 23:15:22 +00:00,2026-10-06T19:16:36.606Z,10061916-1987-0381-0000-c011335956d7,research/pibank-expanded-2026-10-06/ranked-08-provider.json,,not_selected_for_capture_plan
BCP,cuenta leonisa perú,cuenta leonisa peru,320,29,https://www.viabcp.com/ayuda-bcp/cuenta-de-ahorros/como-abro-una-cuenta-de-ahorros,2026-09-15 05:02:27 +00:00,2026-09-19 16:00:31 +00:00,2026-10-06T19:16:36.606Z,10061916-1987-0381-0000-c011335956d7,research/pibank-expanded-2026-10-06/ranked-08-provider.json,,not_selected_for_capture_plan
BCP,cuenta millonaria,cuenta millonaria,320,5,https://www.viabcp.com/cuentas/cuenta-ahorro/cuenta-premio-bcp,2026-09-12 08:30:41 +00:00,2026-09-19 16:00:35 +00:00,2026-10-06T19:16:36.606Z,10061916-1987-0381-0000-c011335956d7,research/pibank-expanded-2026-10-06/ranked-08-provider.json,,not_selected_for_capture_plan
BCP,cuentas bcp con dinero,cuentas bcp con dinero,320,1,https://www.viabcp.com/cuentas,2026-09-16 21:50:58 +00:00,2026-09-16 09:02:58 +00:00,2026-10-06T19:16:36.606Z,10061916-1987-0381-0000-c011335956d7,research/pibank-expanded-2026-10-06/ranked-08-provider.json,,not_selected_for_capture_plan
BCP,cuentas de,cuentas de,320,8,https://www.viabcp.com/ayuda-bcp/cuenta-de-ahorros/cuales-son-los-tipos-de-cuentas-de-ahorros,2026-09-12 23:58:25 +00:00,2026-08-03 23:32:05 +00:00,2026-10-06T19:16:36.606Z,10061916-1987-0381-0000-c011335956d7,research/pibank-expanded-2026-10-06/ranked-08-provider.json,,not_selected_for_capture_plan
BCP,cuál es la capital de ayacucho,cual es la capital de ayacucho,320,72,https://www.viabcp.com/ayuda-bcp/cuenta-de-ahorros/como-saber-numero-cuenta-ahorros-bcp-y-codigo-interbancario-cci,2026-09-16 08:50:53 +00:00,2026-09-19 15:50:08 +00:00,2026-10-06T19:16:36.606Z,10061916-1987-0381-0000-c011335956d7,research/pibank-expanded-2026-10-06/ranked-08-provider.json,,not_selected_for_capture_plan
BCP,código de la sucursal bcp,codigo de la sucursal bcp,320,1,https://www.viabcp.com/empresas/comercio-exterior/pagos-internacionales/transferencias-del-exterior,2026-09-17 15:00:57 +00:00,2026-09-19 15:28:34 +00:00,2026-10-06T19:16:36.606Z,10061916-1987-0381-0000-c011335956d7,research/pibank-expanded-2026-10-06/ranked-08-provider.json,,not_selected_for_capture_plan
BCP,cómo averiguar dónde me toca votar,como averiguar donde me toca votar,320,85,https://www.viabcp.com/ayuda-bcp/cuenta-de-ahorros/como-saber-numero-cuenta-ahorros-bcp-y-codigo-interbancario-cci,2026-09-15 18:04:12 +00:00,2026-09-19 15:23:19 +00:00,2026-10-06T19:16:36.606Z,10061916-1987-0381-0000-c011335956d7,research/pibank-expanded-2026-10-06/ranked-08-provider.json,,not_selected_for_capture_plan
BCP,cómo comunicarme con yape,como comunicarme con yape,320,33,https://www.viabcp.com/cuentas/cuenta-ahorro/cuenta-yape,2026-09-14 03:35:47 +00:00,2026-08-03 22:50:53 +00:00,2026-10-06T19:16:36.606Z,10061916-1987-0381-0000-c011335956d7,research/pibank-expanded-2026-10-06/ranked-08-provider.json,,not_selected_for_capture_plan
BCP,cómo se dice número en inglés,como se dice numero en ingles,320,33,https://www.viabcp.com/ayuda-bcp/cuenta-de-ahorros/como-saber-numero-cuenta-ahorros-bcp-y-codigo-interbancario-cci,2026-09-17 10:08:16 +00:00,2026-09-19 14:50:50 +00:00,2026-10-06T19:16:36.606Z,10061916-1987-0381-0000-c011335956d7,research/pibank-expanded-2026-10-06/ranked-08-provider.json,,not_selected_for_capture_plan
BCP,cómo tener yape,como tener yape,320,25,https://www.viabcp.com/cuentas/cuenta-ahorro/cuenta-yape,2026-09-12 02:06:49 +00:00,2026-09-19 14:47:20 +00:00,2026-10-06T19:16:36.606Z,10061916-1987-0381-0000-c011335956d7,research/pibank-expanded-2026-10-06/ranked-08-provider.json,,not_selected_for_capture_plan
BCP,depositos a plazo fijo quien paga mas,depositos a plazo fijo quien paga mas,320,70,https://www.viabcp.com/blog-bcp/diferencia-entre-fondos-mutuos-y-deposito-a-plazo-fijo,2026-09-12 04:07:50 +00:00,2026-09-19 13:29:06 +00:00,2026-10-06T19:16:36.606Z,10061916-1987-0381-0000-c011335956d7,research/pibank-expanded-2026-10-06/ranked-08-provider.json,,not_selected_for_capture_plan
BCP,donde es mi mesa de votacion,donde es mi mesa de votacion,320,71,https://www.viabcp.com/ayuda-bcp/cuenta-de-ahorros/como-saber-numero-cuenta-ahorros-bcp-y-codigo-interbancario-cci,2026-09-13 09:02:59 +00:00,2026-09-19 11:11:16 +00:00,2026-10-06T19:16:36.606Z,10061916-1987-0381-0000-c011335956d7,research/pibank-expanded-2026-10-06/ranked-08-provider.json,,not_selected_for_capture_plan
BCP,donde invertir mi dinero,donde invertir mi dinero,320,17,https://www.viabcp.com/blog-bcp/donde-colocar-primeros-ahorros,2026-09-15 16:36:33 +00:00,2026-07-31 21:33:21 +00:00,2026-10-06T19:16:36.606Z,10061916-1987-0381-0000-c011335956d7,research/pibank-expanded-2026-10-06/ranked-08-provider.json,,not_selected_for_capture_plan
BCP,donde sacar mi carnet de sanidad,donde sacar mi carnet de sanidad,320,68,https://www.viabcp.com/ayuda-bcp/cuenta-de-ahorros/como-saber-numero-cuenta-ahorros-bcp-y-codigo-interbancario-cci,2026-09-13 15:46:16 +00:00,2026-09-19 10:55:47 +00:00,2026-10-06T19:16:36.606Z,10061916-1987-0381-0000-c011335956d7,research/pibank-expanded-2026-10-06/ranked-08-provider.json,,not_selected_for_capture_plan
BCP,electro sur este numero,electro sur este numero,320,66,https://www.viabcp.com/ayuda-bcp/cuenta-de-ahorros/como-saber-numero-cuenta-ahorros-bcp-y-codigo-interbancario-cci,2026-09-13 20:42:54 +00:00,2026-09-19 09:04:53 +00:00,2026-10-06T19:16:36.606Z,10061916-1987-0381-0000-c011335956d7,research/pibank-expanded-2026-10-06/ranked-08-provider.json,,not_selected_for_capture_plan
BCP,emergencia de bomberos,emergencia de bomberos,320,74,https://www.viabcp.com/blog-bcp/como-ahorrar-fondos-emergencia,2026-09-17 04:57:22 +00:00,2026-09-19 08:42:30 +00:00,2026-10-06T19:16:36.606Z,10061916-1987-0381-0000-c011335956d7,research/pibank-expanded-2026-10-06/ranked-08-provider.json,,not_selected_for_capture_plan
BCP,emergencia y desastres,emergencia y desastres,320,44,https://www.viabcp.com/blog-bcp/como-ahorrar-fondos-emergencia,2026-09-13 05:01:54 +00:00,2026-09-19 08:42:39 +00:00,2026-10-06T19:16:36.606Z,10061916-1987-0381-0000-c011335956d7,research/pibank-expanded-2026-10-06/ranked-08-provider.json,,not_selected_for_capture_plan
BCP,enel numero de telefono,enel numero de telefono,320,68,https://www.viabcp.com/ayuda-bcp/cuenta-de-ahorros/como-saber-numero-cuenta-ahorros-bcp-y-codigo-interbancario-cci,2026-09-15 23:18:38 +00:00,2026-09-19 08:28:46 +00:00,2026-10-06T19:16:36.606Z,10061916-1987-0381-0000-c011335956d7,research/pibank-expanded-2026-10-06/ranked-08-provider.json,,not_selected_for_capture_plan
BCP,estados de cuenta cencosud,estados de cuenta cencosud,320,44,https://www.viabcp.com/ayuda-bcp/cuenta-de-ahorros,2026-09-16 05:09:37 +00:00,2026-09-19 07:11:29 +00:00,2026-10-06T19:16:36.606Z,10061916-1987-0381-0000-c011335956d7,research/pibank-expanded-2026-10-06/ranked-08-provider.json,,not_selected_for_capture_plan
BCP,fondo blanquiazul,fondo blanquiazul,320,92,https://www.viabcp.com/blog-bcp/como-ahorrar-fondos-emergencia,2026-09-12 18:11:08 +00:00,2026-09-19 04:46:48 +00:00,2026-10-06T19:16:36.606Z,10061916-1987-0381-0000-c011335956d7,research/pibank-expanded-2026-10-06/ranked-08-provider.json,,not_selected_for_capture_plan
BCP,fondo complementario de jubilación minera 2026,fondo complementario de jubilacion minera 2026,320,35,https://www.viabcp.com/blog-bcp/planificacion-jubilacion-ingresos-pasivos-ahorro,2026-09-12 16:12:06 +00:00,2026-09-19 04:46:11 +00:00,2026-10-06T19:16:36.606Z,10061916-1987-0381-0000-c011335956d7,research/pibank-expanded-2026-10-06/ranked-08-provider.json,,not_selected_for_capture_plan
BCP,fondo mi vivienda en lima,fondo mi vivienda en lima,320,69,https://www.viabcp.com/ayuda-bcp/cuenta-de-ahorros/como-saber-numero-cuenta-ahorros-bcp-y-codigo-interbancario-cci,2026-09-13 16:41:28 +00:00,2026-09-19 04:54:07 +00:00,2026-10-06T19:16:36.606Z,10061916-1987-0381-0000-c011335956d7,research/pibank-expanded-2026-10-06/ranked-08-provider.json,,not_selected_for_capture_plan
BCP,fondos de pantalla de color,fondos de pantalla de color,320,54,https://www.viabcp.com/blog-bcp/diferencia-entre-fondos-mutuos-y-deposito-a-plazo-fijo,2026-09-17 01:02:54 +00:00,2026-09-19 04:51:28 +00:00,2026-10-06T19:16:36.606Z,10061916-1987-0381-0000-c011335956d7,research/pibank-expanded-2026-10-06/ranked-08-provider.json,,not_selected_for_capture_plan
BCP,hazlo por mí,hazlo por mi,320,59,https://www.viabcp.com/ayuda-bcp/cuenta-de-ahorros/como-saber-numero-cuenta-ahorros-bcp-y-codigo-interbancario-cci,2026-09-14 20:13:45 +00:00,2026-09-19 01:08:00 +00:00,2026-10-06T19:16:36.606Z,10061916-1987-0381-0000-c011335956d7,research/pibank-expanded-2026-10-06/ranked-08-provider.json,,not_selected_for_capture_plan
BCP,ingenieria civil cuanto gana,ingenieria civil cuanto gana,320,38,https://www.viabcp.com/millas-bcp-ahorro,2026-09-17 02:27:06 +00:00,2026-09-18 22:02:01 +00:00,2026-10-06T19:16:36.606Z,10061916-1987-0381-0000-c011335956d7,research/pibank-expanded-2026-10-06/ranked-08-provider.json,,not_selected_for_capture_plan
BCP,kebab cerca de mí,kebab cerca de mi,320,72,https://www.viabcp.com/ayuda-bcp/cuenta-de-ahorros/como-saber-numero-cuenta-ahorros-bcp-y-codigo-interbancario-cci,2026-09-16 02:02:30 +00:00,2026-09-18 21:17:30 +00:00,2026-10-06T19:16:36.606Z,10061916-1987-0381-0000-c011335956d7,research/pibank-expanded-2026-10-06/ranked-08-provider.json,,not_selected_for_capture_plan
BCP,la mejor versión de mí,la mejor version de mi,320,59,https://www.viabcp.com/ayuda-bcp/cuenta-de-ahorros/como-saber-numero-cuenta-ahorros-bcp-y-codigo-interbancario-cci,2026-09-17 00:25:03 +00:00,2026-09-18 20:45:08 +00:00,2026-10-06T19:16:36.606Z,10061916-1987-0381-0000-c011335956d7,research/pibank-expanded-2026-10-06/ranked-08-provider.json,,not_selected_for_capture_plan
BCP,la positiva numero,la positiva numero,320,58,https://www.viabcp.com/ayuda-bcp/cuenta-de-ahorros/como-saber-numero-cuenta-ahorros-bcp-y-codigo-interbancario-cci,2026-09-16 19:30:44 +00:00,2026-09-18 20:43:55 +00:00,2026-10-06T19:16:36.606Z,10061916-1987-0381-0000-c011335956d7,research/pibank-expanded-2026-10-06/ranked-08-provider.json,,not_selected_for_capture_plan
BCP,matico beneficios,matico beneficios,320,73,https://www.viabcp.com/promos-ahorros-bcp,2026-09-13 17:35:45 +00:00,2026-08-02 22:45:53 +00:00,2026-10-06T19:16:36.606Z,10061916-1987-0381-0000-c011335956d7,research/pibank-expanded-2026-10-06/ranked-08-provider.json,,not_selected_for_capture_plan
BCP,mejor tasa de interes a plazo fijo,mejor tasa de interes a plazo fijo,320,18,https://www.viabcp.com/inversiones/deposito-plazo-fijo,2026-09-12 18:16:36 +00:00,2026-09-18 18:42:23 +00:00,2026-10-06T19:16:36.606Z,10061916-1987-0381-0000-c011335956d7,research/pibank-expanded-2026-10-06/ranked-08-provider.json,,not_selected_for_capture_plan
BCP,mejores cuentas de ahorro peru,mejores cuentas de ahorro peru,320,14,https://www.viabcp.com/blog-bcp/como-elegir-cuenta-ahorro-tipos,2026-09-12 20:56:31 +00:00,2026-08-02 22:49:53 +00:00,2026-10-06T19:16:36.606Z,10061916-1987-0381-0000-c011335956d7,research/pibank-expanded-2026-10-06/ranked-08-provider.json,G03,selected_exploratory_family
BCP,multiplicacion y division de numeros enteros,multiplicacion y division de numeros enteros,320,83,https://www.viabcp.com/ayuda-bcp/cuenta-de-ahorros/como-saber-numero-cuenta-ahorros-bcp-y-codigo-interbancario-cci,2026-09-13 11:48:22 +00:00,2026-09-18 18:12:06 +00:00,2026-10-06T19:16:36.606Z,10061916-1987-0381-0000-c011335956d7,research/pibank-expanded-2026-10-06/ranked-08-provider.json,,not_selected_for_capture_plan
BCP,numero afp prima,numero afp prima,320,58,https://www.viabcp.com/ayuda-bcp/cuenta-de-ahorros/como-saber-numero-cuenta-ahorros-bcp-y-codigo-interbancario-cci,2026-09-15 16:20:18 +00:00,2026-09-18 10:02:46 +00:00,2026-10-06T19:16:36.606Z,10061916-1987-0381-0000-c011335956d7,research/pibank-expanded-2026-10-06/ranked-08-provider.json,,not_selected_for_capture_plan
BCP,numero de la upn,numero de la upn,320,81,https://www.viabcp.com/ayuda-bcp/cuenta-de-ahorros/como-saber-numero-cuenta-ahorros-bcp-y-codigo-interbancario-cci,2026-09-14 11:40:29 +00:00,2026-09-18 10:00:05 +00:00,2026-10-06T19:16:36.606Z,10061916-1987-0381-0000-c011335956d7,research/pibank-expanded-2026-10-06/ranked-08-provider.json,,not_selected_for_capture_plan
BCP,numero de netflix peru,numero de netflix peru,320,53,https://www.viabcp.com/ayuda-bcp/cuenta-de-ahorros/como-saber-numero-cuenta-ahorros-bcp-y-codigo-interbancario-cci,2026-09-13 12:56:58 +00:00,2026-09-18 10:00:17 +00:00,2026-10-06T19:16:36.606Z,10061916-1987-0381-0000-c011335956d7,research/pibank-expanded-2026-10-06/ranked-08-provider.json,,not_selected_for_capture_plan
BCP,numero de oncosalud,numero de oncosalud,320,69,https://www.viabcp.com/ayuda-bcp/cuenta-de-ahorros/como-saber-numero-cuenta-ahorros-bcp-y-codigo-interbancario-cci,2026-09-16 03:17:35 +00:00,2026-09-18 09:59:57 +00:00,2026-10-06T19:16:36.606Z,10061916-1987-0381-0000-c011335956d7,research/pibank-expanded-2026-10-06/ranked-08-provider.json,,not_selected_for_capture_plan
BCP,numero de telefono de western union,numero de telefono de western union,320,94,https://www.viabcp.com/ayuda-bcp/cuenta-de-ahorros/como-saber-numero-cuenta-ahorros-bcp-y-codigo-interbancario-cci,2026-09-12 01:23:45 +00:00,2026-09-18 09:59:36 +00:00,2026-10-06T19:16:36.606Z,10061916-1987-0381-0000-c011335956d7,research/pibank-expanded-2026-10-06/ranked-08-provider.json,,not_selected_for_capture_plan
BCP,numeros ganadores de la tinka hoy,numeros ganadores de la tinka hoy,320,76,https://www.viabcp.com/ayuda-bcp/cuenta-de-ahorros/como-saber-numero-cuenta-ahorros-bcp-y-codigo-interbancario-cci,2026-09-17 16:28:29 +00:00,2026-09-18 10:12:36 +00:00,2026-10-06T19:16:36.606Z,10061916-1987-0381-0000-c011335956d7,research/pibank-expanded-2026-10-06/ranked-08-provider.json,,not_selected_for_capture_plan
BCP,número de cuenta de bcp,numero de cuenta de bcp,320,1,https://www.viabcp.com/ayuda-bcp/cuenta-de-ahorros/como-saber-numero-cuenta-ahorros-bcp-y-codigo-interbancario-cci,2026-09-16 11:24:27 +00:00,2026-08-02 20:21:35 +00:00,2026-10-06T19:16:36.606Z,10061916-1987-0381-0000-c011335956d7,research/pibank-expanded-2026-10-06/ranked-08-provider.json,,not_selected_for_capture_plan
BCP,organizate bcp,organizate bcp,320,1,https://www.viabcp.com/blog-bcp/metas-ahorro-como-ahorrar-dinero,2026-09-15 21:11:33 +00:00,2026-07-30 20:46:48 +00:00,2026-10-06T19:16:36.606Z,10061916-1987-0381-0000-c011335956d7,research/pibank-expanded-2026-10-06/ranked-08-provider.json,,not_selected_for_capture_plan
BCP,osiptel numero celular,osiptel numero celular,320,77,https://www.viabcp.com/ayuda-bcp/cuenta-de-ahorros/como-saber-numero-cuenta-ahorros-bcp-y-codigo-interbancario-cci,2026-09-15 11:05:09 +00:00,2026-09-18 09:10:16 +00:00,2026-10-06T19:16:36.606Z,10061916-1987-0381-0000-c011335956d7,research/pibank-expanded-2026-10-06/ranked-08-provider.json,,not_selected_for_capture_plan
BCP,pago de utilidades 2026 perú,pago de utilidades 2026 peru,320,11,https://www.viabcp.com/blog-bcp/deposito-utilidades-como-funciona-ahorros,2026-09-17 12:13:39 +00:00,2026-08-02 20:01:38 +00:00,2026-10-06T19:16:36.606Z,10061916-1987-0381-0000-c011335956d7,research/pibank-expanded-2026-10-06/ranked-08-provider.json,,not_selected_for_capture_plan
BCP,pagos saga falabella,pagos saga falabella,320,37,https://www.viabcp.com/otros-servicios/envios-nacionales/transferencias-interbancarias-diferidas,2026-09-12 07:37:02 +00:00,2026-07-30 20:37:28 +00:00,2026-10-06T19:16:36.606Z,10061916-1987-0381-0000-c011335956d7,research/pibank-expanded-2026-10-06/ranked-08-provider.json,,not_selected_for_capture_plan
BCP,para que sirve la moringa y como se toma,para que sirve la moringa y como se toma,320,79,https://www.viabcp.com/ayuda-bcp/cuenta-de-ahorros/como-saber-numero-cuenta-ahorros-bcp-y-codigo-interbancario-cci,2026-09-17 01:51:23 +00:00,2026-09-21 08:18:26 +00:00,2026-10-06T19:16:36.606Z,10061916-1987-0381-0000-c011335956d7,research/pibank-expanded-2026-10-06/ranked-08-provider.json,,not_selected_for_capture_plan
BCP,plan de ahorro en soles,plan de ahorro en soles,320,4,https://www.viabcp.com/blog-bcp/beneficios-plan-de-ahorro-mejora-finanzas,2026-09-13 08:10:56 +00:00,2026-07-30 18:54:13 +00:00,2026-10-06T19:16:36.606Z,10061916-1987-0381-0000-c011335956d7,research/pibank-expanded-2026-10-06/ranked-08-provider.json,,not_selected_for_capture_plan
BCP,premios y sorteos,premios y sorteos,320,14,https://www.viabcp.com/promos-ahorros-bcp,2026-09-13 14:19:30 +00:00,2026-09-18 03:05:18 +00:00,2026-10-06T19:16:36.606Z,10061916-1987-0381-0000-c011335956d7,research/pibank-expanded-2026-10-06/ranked-08-provider.json,,not_selected_for_capture_plan
BCP,puedo tener 2 yapes,puedo tener 2 yapes,320,24,https://www.viabcp.com/ayuda-bcp/cuenta-de-ahorros/dos-cuentas-misma-tarjeta-bcp,2026-09-16 17:39:56 +00:00,2026-08-02 16:44:12 +00:00,2026-10-06T19:16:36.606Z,10061916-1987-0381-0000-c011335956d7,research/pibank-expanded-2026-10-06/ranked-08-provider.json,,not_selected_for_capture_plan
BCP,que banco paga mas en plazo fijo,que banco paga mas en plazo fijo,320,29,https://www.viabcp.com/inversiones/deposito-plazo-fijo,2026-09-14 21:04:46 +00:00,2026-08-02 16:22:17 +00:00,2026-10-06T19:16:36.606Z,10061916-1987-0381-0000-c011335956d7,research/pibank-expanded-2026-10-06/ranked-08-provider.json,,not_selected_for_capture_plan
BCP,que es una transferencia diferida,que es una transferencia diferida,320,2,https://www.viabcp.com/otros-servicios/envios-nacionales/transferencias-interbancarias-diferidas,2026-09-16 17:03:45 +00:00,2026-08-02 15:42:14 +00:00,2026-10-06T19:16:36.606Z,10061916-1987-0381-0000-c011335956d7,research/pibank-expanded-2026-10-06/ranked-08-provider.json,,not_selected_for_capture_plan
BCP,que numero es ix,que numero es ix,320,83,https://www.viabcp.com/ayuda-bcp/cuenta-de-ahorros/como-saber-numero-cuenta-ahorros-bcp-y-codigo-interbancario-cci,2026-09-12 17:55:27 +00:00,2026-09-17 23:53:26 +00:00,2026-10-06T19:16:36.606Z,10061916-1987-0381-0000-c011335956d7,research/pibank-expanded-2026-10-06/ranked-08-provider.json,,not_selected_for_capture_plan
BCP,que numero es septiembre,que numero es septiembre,320,86,https://www.viabcp.com/ayuda-bcp/cuenta-de-ahorros/como-saber-numero-cuenta-ahorros-bcp-y-codigo-interbancario-cci,2026-09-16 06:03:50 +00:00,2026-09-17 23:52:48 +00:00,2026-10-06T19:16:36.606Z,10061916-1987-0381-0000-c011335956d7,research/pibank-expanded-2026-10-06/ranked-08-provider.json,,not_selected_for_capture_plan
BCP,que son los fondos mutuos,que son los fondos mutuos,320,1,https://www.viabcp.com/blog-bcp/conviene-ahorrar-en-fondos-mutuos,2026-09-15 23:30:11 +00:00,2026-08-02 15:14:57 +00:00,2026-10-06T19:16:36.606Z,10061916-1987-0381-0000-c011335956d7,research/pibank-expanded-2026-10-06/ranked-08-provider.json,,not_selected_for_capture_plan
BCP,recarga bitel 10 soles beneficios,recarga bitel 10 soles beneficios,320,67,https://www.viabcp.com/ayuda-bcp/cuenta-de-ahorros/cuales-son-los-beneficios-de-abrir-una-cuenta-digital-bcp,2026-09-13 16:37:23 +00:00,2026-09-17 22:54:29 +00:00,2026-10-06T19:16:36.606Z,10061916-1987-0381-0000-c011335956d7,research/pibank-expanded-2026-10-06/ranked-08-provider.json,,not_selected_for_capture_plan
BCP,reparticion de utilidades,reparticion de utilidades,320,28,https://www.viabcp.com/blog-bcp/deposito-utilidades-como-funciona-ahorros,2026-09-15 09:08:48 +00:00,2026-09-17 22:42:13 +00:00,2026-10-06T19:16:36.606Z,10061916-1987-0381-0000-c011335956d7,research/pibank-expanded-2026-10-06/ranked-08-provider.json,,not_selected_for_capture_plan
BCP,saber el numero de dni,saber el numero de dni,320,32,https://www.viabcp.com/ayuda-bcp/cuenta-de-ahorros/como-saber-saldo-cuenta-ahorros-bcp,2026-09-17 17:29:37 +00:00,2026-09-17 15:11:47 +00:00,2026-10-06T19:16:36.606Z,10061916-1987-0381-0000-c011335956d7,research/pibank-expanded-2026-10-06/ranked-08-provider.json,,not_selected_for_capture_plan
BCP,simulador de deposito a plazo fijo,simulador de deposito a plazo fijo,320,4,https://www.viabcp.com/inversiones/deposito-plazo-fijo,2026-09-12 10:17:51 +00:00,2026-09-17 12:28:15 +00:00,2026-10-06T19:16:36.606Z,10061916-1987-0381-0000-c011335956d7,research/pibank-expanded-2026-10-06/ranked-08-provider.json,,not_selected_for_capture_plan
BCP,simulador de depósito a plazo fijo,simulador de deposito a plazo fijo,320,30,https://www.viabcp.com/inversiones/deposito-plazo-fijo,2026-09-13 16:22:31 +00:00,2026-07-03 04:07:30 +00:00,2026-10-06T19:16:36.606Z,10061916-1987-0381-0000-c011335956d7,research/pibank-expanded-2026-10-06/ranked-08-provider.json,,not_selected_for_capture_plan
BCP,soporte de yape,soporte de yape,320,20,https://www.viabcp.com/cuentas/cuenta-ahorro/cuenta-yape,2026-09-17 14:55:39 +00:00,2026-08-02 11:28:56 +00:00,2026-10-06T19:16:36.606Z,10061916-1987-0381-0000-c011335956d7,research/pibank-expanded-2026-10-06/ranked-08-provider.json,,not_selected_for_capture_plan
BCP,swift code bcp,swift code bcp,320,1,https://www.viabcp.com/empresas/comercio-exterior/pagos-internacionales/transferencias-del-exterior,2026-09-16 14:30:39 +00:00,2026-08-02 10:13:03 +00:00,2026-10-06T19:16:36.606Z,10061916-1987-0381-0000-c011335956d7,research/pibank-expanded-2026-10-06/ranked-08-provider.json,,not_selected_for_capture_plan
BCP,tarjeta de ahorro,tarjeta de ahorro,320,1,https://www.viabcp.com/cuentas/cuenta-ahorro,2026-09-13 14:40:57 +00:00,2026-08-02 09:30:31 +00:00,2026-10-06T19:16:36.606Z,10061916-1987-0381-0000-c011335956d7,research/pibank-expanded-2026-10-06/ranked-08-provider.json,,not_selected_for_capture_plan
BCP,tipos de ahorro,tipos de ahorro,320,6,https://www.viabcp.com/ayuda-bcp/cuenta-de-ahorros/cuales-son-los-tipos-de-cuentas-de-ahorros,2026-09-16 01:52:55 +00:00,2026-07-30 06:13:32 +00:00,2026-10-06T19:16:36.606Z,10061916-1987-0381-0000-c011335956d7,research/pibank-expanded-2026-10-06/ranked-08-provider.json,,not_selected_for_capture_plan
BCP,tipos de ahorros,tipos de ahorros,320,18,https://www.viabcp.com/blog-bcp/como-elegir-cuenta-ahorro-tipos,2026-09-17 20:39:50 +00:00,2026-09-17 07:20:01 +00:00,2026-10-06T19:16:36.606Z,10061916-1987-0381-0000-c011335956d7,research/pibank-expanded-2026-10-06/ranked-08-provider.json,,not_selected_for_capture_plan
BCP,tottus a que hora abre,tottus a que hora abre,320,45,https://www.viabcp.com/cuenta-dolares,2026-09-14 20:29:01 +00:00,2026-09-17 06:14:26 +00:00,2026-10-06T19:16:36.606Z,10061916-1987-0381-0000-c011335956d7,research/pibank-expanded-2026-10-06/ranked-08-provider.json,,not_selected_for_capture_plan
BCP,transferencia diferida bcp,transferencia diferida bcp,320,1,https://www.viabcp.com/otros-servicios/envios-nacionales/transferencias-interbancarias-diferidas,2026-09-16 08:59:43 +00:00,2026-08-01 21:30:04 +00:00,2026-10-06T19:16:36.606Z,10061916-1987-0381-0000-c011335956d7,research/pibank-expanded-2026-10-06/ranked-08-provider.json,,not_selected_for_capture_plan
BCP,transferencias diferidas bcp,transferencias diferidas bcp,320,1,https://www.viabcp.com/otros-servicios/envios-nacionales/transferencias-interbancarias-diferidas,2026-09-15 03:38:50 +00:00,2026-09-17 05:59:01 +00:00,2026-10-06T19:16:36.606Z,10061916-1987-0381-0000-c011335956d7,research/pibank-expanded-2026-10-06/ranked-08-provider.json,,not_selected_for_capture_plan
BCP,transferencias interbancarias bcp,transferencias interbancarias bcp,320,1,https://www.viabcp.com/otros-servicios/envios-nacionales/transferencias-interbancarias-diferidas,2026-09-17 06:57:23 +00:00,2026-09-14 06:38:25 +00:00,2026-10-06T19:16:36.606Z,10061916-1987-0381-0000-c011335956d7,research/pibank-expanded-2026-10-06/ranked-08-provider.json,,not_selected_for_capture_plan
BCP,ver saldo claro,ver saldo claro,320,27,https://www.viabcp.com/ayuda-bcp/cuenta-de-ahorros/como-saber-saldo-cuenta-ahorros-bcp,2026-09-13 23:50:23 +00:00,2026-09-17 03:34:12 +00:00,2026-10-06T19:16:36.606Z,10061916-1987-0381-0000-c011335956d7,research/pibank-expanded-2026-10-06/ranked-08-provider.json,,not_selected_for_capture_plan
BCP,yape actualizar,yape actualizar,320,17,https://www.viabcp.com/cuentas/cuenta-ahorro/cuenta-yape,2026-09-15 23:43:11 +00:00,2026-08-01 19:37:38 +00:00,2026-10-06T19:16:36.606Z,10061916-1987-0381-0000-c011335956d7,research/pibank-expanded-2026-10-06/ranked-08-provider.json,,not_selected_for_capture_plan
BCP,yape bcp con dni,yape bcp con dni,320,7,https://www.viabcp.com/cuentas/cuenta-ahorro/cuenta-yape,2026-09-14 17:45:45 +00:00,2026-08-10 02:52:30 +00:00,2026-10-06T19:16:36.606Z,10061916-1987-0381-0000-c011335956d7,research/pibank-expanded-2026-10-06/ranked-08-provider.json,,not_selected_for_capture_plan
BCP,yape saldo 0,yape saldo 0,320,21,https://www.viabcp.com/cuentas/cuenta-ahorro/cuenta-yape,2026-09-15 03:55:44 +00:00,2026-08-01 19:26:10 +00:00,2026-10-06T19:16:36.606Z,10061916-1987-0381-0000-c011335956d7,research/pibank-expanded-2026-10-06/ranked-08-provider.json,,not_selected_for_capture_plan
BCP,abrir cuenta dolares interbank,abrir cuenta dolares interbank,260,33,https://www.viabcp.com/cuenta-dolares,2026-09-16 06:19:34 +00:00,2026-08-14 00:27:02 +00:00,2026-10-06T19:16:36.606Z,10061916-1987-0381-0000-c011335956d7,research/pibank-expanded-2026-10-06/ranked-08-provider.json,,not_selected_for_capture_plan
BCP,abrir cuenta dólares interbank,abrir cuenta dolares interbank,260,35,https://www.viabcp.com/cuenta-dolares,2026-09-13 15:30:07 +00:00,2026-09-23 16:05:16 +00:00,2026-10-06T19:16:36.606Z,10061916-1987-0381-0000-c011335956d7,research/pibank-expanded-2026-10-06/ranked-08-provider.json,,not_selected_for_capture_plan
BCP,abrir cuenta en dolares,abrir cuenta en dolares,260,1,https://www.viabcp.com/cuenta-dolares,2026-09-15 06:11:49 +00:00,2026-09-23 16:05:08 +00:00,2026-10-06T19:16:36.606Z,10061916-1987-0381-0000-c011335956d7,research/pibank-expanded-2026-10-06/ranked-08-provider.json,,not_selected_for_capture_plan
BCP,academia de boxeo cerca de mi,academia de boxeo cerca de mi,260,63,https://www.viabcp.com/ayuda-bcp/cuenta-de-ahorros/como-saber-numero-cuenta-ahorros-bcp-y-codigo-interbancario-cci,2026-09-15 14:13:47 +00:00,2026-09-20 01:40:16 +00:00,2026-10-06T19:16:36.606Z,10061916-1987-0381-0000-c011335956d7,research/pibank-expanded-2026-10-06/ranked-08-provider.json,,not_selected_for_capture_plan
BCP,ahorro e inversión,ahorro e inversion,260,13,https://www.viabcp.com/blog-bcp/ahorrar-o-invertir-descubre-mejor-opcion,2026-09-13 22:09:37 +00:00,2026-09-23 15:05:58 +00:00,2026-10-06T19:16:36.606Z,10061916-1987-0381-0000-c011335956d7,research/pibank-expanded-2026-10-06/ranked-08-provider.json,,not_selected_for_capture_plan
BCP,ahorros e inversion,ahorros e inversion,260,9,https://www.viabcp.com/blog-bcp/ahorrar-o-invertir-descubre-mejor-opcion,2026-09-17 21:51:09 +00:00,2026-08-13 20:13:39 +00:00,2026-10-06T19:16:36.606Z,10061916-1987-0381-0000-c011335956d7,research/pibank-expanded-2026-10-06/ranked-08-provider.json,,not_selected_for_capture_plan
BCP,alfombras cerca de mi,alfombras cerca de mi,260,56,https://www.viabcp.com/ayuda-bcp/cuenta-de-ahorros/como-saber-numero-cuenta-ahorros-bcp-y-codigo-interbancario-cci,2026-09-14 22:47:35 +00:00,2026-09-23 14:21:48 +00:00,2026-10-06T19:16:36.606Z,10061916-1987-0381-0000-c011335956d7,research/pibank-expanded-2026-10-06/ranked-08-provider.json,,not_selected_for_capture_plan
BCP,apertura cuenta sueldo bcp,apertura cuenta sueldo bcp,260,1,https://www.viabcp.com/cuenta-sueldo-bcp,2026-09-15 01:42:50 +00:00,2026-09-23 13:38:29 +00:00,2026-10-06T19:22:42.646Z,10061922-1987-0381-0000-9919d76c08e4,research/pibank-expanded-2026-10-06/ranked-08-page2-provider.json,,not_selected_for_capture_plan
BCP,aperturar cuenta banco de la nación,aperturar cuenta banco de la nacion,260,51,https://www.viabcp.com/abrir-cuenta,2026-09-15 06:23:50 +00:00,2026-09-23 13:39:24 +00:00,2026-10-06T19:22:42.646Z,10061922-1987-0381-0000-9919d76c08e4,research/pibank-expanded-2026-10-06/ranked-08-page2-provider.json,,not_selected_for_capture_plan
BCP,auna numero,auna numero,260,63,https://www.viabcp.com/ayuda-bcp/cuenta-de-ahorros/como-saber-numero-cuenta-ahorros-bcp-y-codigo-interbancario-cci,2026-09-15 15:54:23 +00:00,2026-09-23 12:42:58 +00:00,2026-10-06T19:22:42.646Z,10061922-1987-0381-0000-9919d76c08e4,research/pibank-expanded-2026-10-06/ranked-08-page2-provider.json,,not_selected_for_capture_plan
BCP,bajar yape,bajar yape,260,23,https://www.viabcp.com/cuentas/cuenta-ahorro/cuenta-yape,2026-09-12 17:27:25 +00:00,2026-08-13 17:50:20 +00:00,2026-10-06T19:22:42.646Z,10061922-1987-0381-0000-9919d76c08e4,research/pibank-expanded-2026-10-06/ranked-08-page2-provider.json,,not_selected_for_capture_plan
BCP,banco de credito del peru direccion,banco de credito del peru direccion,260,1,https://www.viabcp.com/empresas/comercio-exterior/pagos-internacionales/transferencias-del-exterior,2026-09-14 18:33:37 +00:00,2026-09-23 12:08:53 +00:00,2026-10-06T19:22:42.646Z,10061922-1987-0381-0000-9919d76c08e4,research/pibank-expanded-2026-10-06/ranked-08-page2-provider.json,,not_selected_for_capture_plan
BCP,banco falabella cts,banco falabella cts,260,48,https://www.viabcp.com/cuentas/cuenta-sueldo/cuenta-cts-bcp,2026-09-17 23:21:44 +00:00,2026-08-13 17:31:07 +00:00,2026-10-06T19:22:42.646Z,10061922-1987-0381-0000-9919d76c08e4,research/pibank-expanded-2026-10-06/ranked-08-page2-provider.json,,not_selected_for_capture_plan
BCP,banco ripley cuenta de ahorros,banco ripley cuenta de ahorros,260,28,https://www.viabcp.com/ayuda-bcp/cuenta-de-ahorros/como-abro-una-cuenta-de-ahorros,2026-09-13 05:30:43 +00:00,2026-09-23 12:08:42 +00:00,2026-10-06T19:22:42.646Z,10061922-1987-0381-0000-9919d76c08e4,research/pibank-expanded-2026-10-06/ranked-08-page2-provider.json,,not_selected_for_capture_plan
BCP,bcp cuenta dolares,bcp cuenta dolares,260,1,https://www.viabcp.com/cuenta-dolares,2026-09-14 07:15:41 +00:00,2026-08-09 23:11:26 +00:00,2026-10-06T19:22:42.646Z,10061922-1987-0381-0000-9919d76c08e4,research/pibank-expanded-2026-10-06/ranked-08-page2-provider.json,,not_selected_for_capture_plan
BCP,bcp retiro de afp,bcp retiro de afp,260,1,https://www.viabcp.com/cuentas/cuenta-afp,2026-09-17 06:50:37 +00:00,2026-09-23 11:51:01 +00:00,2026-10-06T19:22:42.646Z,10061922-1987-0381-0000-9919d76c08e4,research/pibank-expanded-2026-10-06/ranked-08-page2-provider.json,,not_selected_for_capture_plan
BCP,bm0085 bcp,bm0085 bcp,260,1,https://www.viabcp.com/blog-bcp/errores-transferencias-bancarias-que-hacer,2026-09-14 01:03:36 +00:00,2026-08-13 16:51:07 +00:00,2026-10-06T19:22:42.646Z,10061922-1987-0381-0000-9919d76c08e4,research/pibank-expanded-2026-10-06/ranked-08-page2-provider.json,,not_selected_for_capture_plan
BCP,cable indeco numero 12,cable indeco numero 12,260,37,https://www.viabcp.com/ayuda-bcp/cuenta-de-ahorros/como-saber-numero-cuenta-ahorros-bcp-y-codigo-interbancario-cci,2026-09-13 00:29:41 +00:00,2026-09-23 10:41:22 +00:00,2026-10-06T19:22:42.646Z,10061922-1987-0381-0000-9919d76c08e4,research/pibank-expanded-2026-10-06/ranked-08-page2-provider.json,,not_selected_for_capture_plan
BCP,cambio dolar a peso chileno,cambio dolar a peso chileno,260,55,https://www.viabcp.com/cuenta-dolares,2026-09-16 13:03:18 +00:00,2026-09-23 10:21:36 +00:00,2026-10-06T19:22:42.646Z,10061922-1987-0381-0000-9919d76c08e4,research/pibank-expanded-2026-10-06/ranked-08-page2-provider.json,,not_selected_for_capture_plan
BCP,carta orden bcp,carta orden bcp,260,1,https://www.viabcp.com/empresas/cuentas/cuenta-corriente/atencion-carta-orden,2026-09-17 12:54:01 +00:00,2026-08-13 14:57:25 +00:00,2026-10-06T19:22:42.646Z,10061922-1987-0381-0000-9919d76c08e4,research/pibank-expanded-2026-10-06/ranked-08-page2-provider.json,,not_selected_for_capture_plan
BCP,cero numero,cero numero,260,54,https://www.viabcp.com/ayuda-bcp/cuenta-de-ahorros/como-saber-numero-cuenta-ahorros-bcp-y-codigo-interbancario-cci,2026-09-16 08:50:53 +00:00,2026-09-23 03:36:34 +00:00,2026-10-06T19:22:42.646Z,10061922-1987-0381-0000-9919d76c08e4,research/pibank-expanded-2026-10-06/ranked-08-page2-provider.json,,not_selected_for_capture_plan
BCP,circo del cuy mágico,circo del cuy magico,260,2,https://www.viabcp.com/blog-bcp/circo-cuy-magico-premios-ahorro,2026-09-14 20:17:36 +00:00,2026-09-23 02:25:14 +00:00,2026-10-06T19:22:42.646Z,10061922-1987-0381-0000-9919d76c08e4,research/pibank-expanded-2026-10-06/ranked-08-page2-provider.json,,not_selected_for_capture_plan
BCP,circo la chola chabuca,circo la chola chabuca,260,36,https://www.viabcp.com/blog-bcp/circo-cuy-magico-premios-ahorro,2026-09-13 08:14:50 +00:00,2026-09-23 02:27:08 +00:00,2026-10-06T19:22:42.646Z,10061922-1987-0381-0000-9919d76c08e4,research/pibank-expanded-2026-10-06/ranked-08-page2-provider.json,,not_selected_for_capture_plan
BCP,cmr falabella estado de cuenta,cmr falabella estado de cuenta,260,12,https://www.viabcp.com/ayuda-bcp/cuenta-de-ahorros/como-abro-una-cuenta-de-ahorros,2026-09-15 20:43:24 +00:00,2026-09-23 02:06:56 +00:00,2026-10-06T19:22:42.646Z,10061922-1987-0381-0000-9919d76c08e4,research/pibank-expanded-2026-10-06/ranked-08-page2-provider.json,,not_selected_for_capture_plan
BCP,cmr numero,cmr numero,260,65,https://www.viabcp.com/ayuda-bcp/cuenta-de-ahorros/como-saber-numero-cuenta-ahorros-bcp-y-codigo-interbancario-cci,2026-09-12 08:48:34 +00:00,2026-09-23 02:16:51 +00:00,2026-10-06T19:22:42.646Z,10061922-1987-0381-0000-9919d76c08e4,research/pibank-expanded-2026-10-06/ranked-08-page2-provider.json,,not_selected_for_capture_plan
BCP,codigo de sucursal bcp,codigo de sucursal bcp,260,1,https://www.viabcp.com/empresas/comercio-exterior/pagos-internacionales/transferencias-del-exterior,2026-09-16 22:54:24 +00:00,2026-08-13 12:59:37 +00:00,2026-10-06T19:22:42.646Z,10061922-1987-0381-0000-9919d76c08e4,research/pibank-expanded-2026-10-06/ranked-08-page2-provider.json,,not_selected_for_capture_plan
BCP,como abrir cuenta en dolares bcp,como abrir cuenta en dolares bcp,260,1,https://www.viabcp.com/cuenta-dolares,2026-09-12 22:06:35 +00:00,2026-09-23 00:38:33 +00:00,2026-10-06T19:22:42.646Z,10061922-1987-0381-0000-9919d76c08e4,research/pibank-expanded-2026-10-06/ranked-08-page2-provider.json,,not_selected_for_capture_plan
BCP,como ahorrar,como ahorrar,260,5,https://www.viabcp.com/blog-bcp/estrategias-como-ahorrar-dinero-en-casa,2026-09-17 19:40:58 +00:00,2026-09-23 00:37:07 +00:00,2026-10-06T19:22:42.646Z,10061922-1987-0381-0000-9919d76c08e4,research/pibank-expanded-2026-10-06/ranked-08-page2-provider.json,E04,selected_exploratory_family
BCP,como bloquear llamadas de números desconocidos,como bloquear llamadas de numeros desconocidos,260,57,https://www.viabcp.com/ayuda-bcp/cuenta-de-ahorros/como-saber-numero-cuenta-ahorros-bcp-y-codigo-interbancario-cci,2026-09-17 16:28:29 +00:00,2026-09-23 00:34:03 +00:00,2026-10-06T19:22:42.646Z,10061922-1987-0381-0000-9919d76c08e4,research/pibank-expanded-2026-10-06/ranked-08-page2-provider.json,,not_selected_for_capture_plan
BCP,como crear mi yape,como crear mi yape,260,20,https://www.viabcp.com/cuentas/cuenta-ahorro/cuenta-yape,2026-09-16 12:43:25 +00:00,2026-08-13 12:11:32 +00:00,2026-10-06T19:22:42.646Z,10061922-1987-0381-0000-9919d76c08e4,research/pibank-expanded-2026-10-06/ranked-08-page2-provider.json,,not_selected_for_capture_plan
BCP,como crear una cuenta de yape,como crear una cuenta de yape,260,18,https://www.viabcp.com/cuentas/cuenta-ahorro/cuenta-yape,2026-09-13 05:16:48 +00:00,2026-08-13 12:00:17 +00:00,2026-10-06T19:22:42.646Z,10061922-1987-0381-0000-9919d76c08e4,research/pibank-expanded-2026-10-06/ranked-08-page2-provider.json,,not_selected_for_capture_plan
BCP,como crear yape con tarjeta bcp,como crear yape con tarjeta bcp,260,7,https://www.viabcp.com/cuentas/cuenta-ahorro/cuenta-yape,2026-09-17 12:03:00 +00:00,2026-08-04 06:53:02 +00:00,2026-10-06T19:22:42.646Z,10061922-1987-0381-0000-9919d76c08e4,research/pibank-expanded-2026-10-06/ranked-08-page2-provider.json,,not_selected_for_capture_plan
BCP,como descargar yape en mi celular,como descargar yape en mi celular,260,42,https://www.viabcp.com/cuentas/cuenta-ahorro/cuenta-yape,2026-09-13 00:30:14 +00:00,2026-08-13 12:09:52 +00:00,2026-10-06T19:22:42.646Z,10061922-1987-0381-0000-9919d76c08e4,research/pibank-expanded-2026-10-06/ranked-08-page2-provider.json,,not_selected_for_capture_plan
BCP,como instalar yape en el celular,como instalar yape en el celular,260,36,https://www.viabcp.com/cuentas/cuenta-ahorro/cuenta-yape,2026-09-13 18:22:29 +00:00,2026-08-13 11:54:09 +00:00,2026-10-06T19:22:42.646Z,10061922-1987-0381-0000-9919d76c08e4,research/pibank-expanded-2026-10-06/ranked-08-page2-provider.json,,not_selected_for_capture_plan
BCP,como la primera vez pelicula,como la primera vez pelicula,260,71,https://www.viabcp.com/blog-bcp/abrir-primera-cuenta-ahorro-requisitos,2026-09-14 09:45:38 +00:00,2026-09-23 00:12:21 +00:00,2026-10-06T19:22:42.646Z,10061922-1987-0381-0000-9919d76c08e4,research/pibank-expanded-2026-10-06/ranked-08-page2-provider.json,,not_selected_for_capture_plan
BCP,como saber cual es mi número bitel,como saber cual es mi numero bitel,260,59,https://www.viabcp.com/ayuda-bcp/cuenta-de-ahorros/como-saber-numero-cuenta-ahorros-bcp-y-codigo-interbancario-cci,2026-09-13 04:00:46 +00:00,2026-09-23 00:02:02 +00:00,2026-10-06T19:22:42.646Z,10061922-1987-0381-0000-9919d76c08e4,research/pibank-expanded-2026-10-06/ranked-08-page2-provider.json,,not_selected_for_capture_plan
BCP,como saber cuantos números tengo en claro,como saber cuantos numeros tengo en claro,260,25,https://www.viabcp.com/ayuda-bcp/cuenta-de-ahorros/como-saber-saldo-cuenta-ahorros-bcp,2026-09-13 10:36:35 +00:00,2026-09-23 00:04:19 +00:00,2026-10-06T19:22:42.646Z,10061922-1987-0381-0000-9919d76c08e4,research/pibank-expanded-2026-10-06/ranked-08-page2-provider.json,,not_selected_for_capture_plan
BCP,como saber desde cuando estoy afiliado a la onp,como saber desde cuando estoy afiliado a la onp,260,79,https://www.viabcp.com/ayuda-bcp/cuenta-de-ahorros/como-saber-numero-cuenta-ahorros-bcp-y-codigo-interbancario-cci,2026-09-15 23:30:11 +00:00,2026-09-23 00:05:57 +00:00,2026-10-06T19:22:42.646Z,10061922-1987-0381-0000-9919d76c08e4,research/pibank-expanded-2026-10-06/ranked-08-page2-provider.json,,not_selected_for_capture_plan
BCP,como saber el numero de cuenta de mi tarjeta bcp,como saber el numero de cuenta de mi tarjeta bcp,260,1,https://www.viabcp.com/ayuda-bcp/cuenta-de-ahorros/como-saber-numero-cuenta-ahorros-bcp-y-codigo-interbancario-cci,2026-09-13 06:56:47 +00:00,2026-09-23 00:01:59 +00:00,2026-10-06T19:22:42.646Z,10061922-1987-0381-0000-9919d76c08e4,research/pibank-expanded-2026-10-06/ranked-08-page2-provider.json,,not_selected_for_capture_plan
BCP,como saber el número de cuenta de mi tarjeta bcp,como saber el numero de cuenta de mi tarjeta bcp,260,1,https://www.viabcp.com/ayuda-bcp/cuenta-de-ahorros/como-saber-numero-cuenta-ahorros-bcp-y-codigo-interbancario-cci,2026-09-13 23:59:48 +00:00,2026-08-13 11:59:57 +00:00,2026-10-06T19:22:42.646Z,10061922-1987-0381-0000-9919d76c08e4,research/pibank-expanded-2026-10-06/ranked-08-page2-provider.json,,not_selected_for_capture_plan
BCP,como saber la contraseña de facebook,como saber la contrasena de facebook,260,63,https://www.viabcp.com/ayuda-bcp/cuenta-de-ahorros/como-saber-numero-cuenta-ahorros-bcp-y-codigo-interbancario-cci,2026-09-17 13:48:35 +00:00,2026-09-23 00:01:52 +00:00,2026-10-06T19:22:42.646Z,10061922-1987-0381-0000-9919d76c08e4,research/pibank-expanded-2026-10-06/ranked-08-page2-provider.json,,not_selected_for_capture_plan
BCP,como saber mi número de cuenta bcp en yape,como saber mi numero de cuenta bcp en yape,260,1,https://www.viabcp.com/ayuda-bcp/cuenta-de-ahorros/como-saber-numero-cuenta-ahorros-bcp-y-codigo-interbancario-cci,2026-09-13 07:17:29 +00:00,2026-09-23 00:06:03 +00:00,2026-10-06T19:22:42.646Z,10061922-1987-0381-0000-9919d76c08e4,research/pibank-expanded-2026-10-06/ranked-08-page2-provider.json,,not_selected_for_capture_plan
BCP,como saber mi número de cuenta bcp por internet,como saber mi numero de cuenta bcp por internet,260,1,https://www.viabcp.com/ayuda-bcp/cuenta-de-ahorros/como-saber-numero-cuenta-ahorros-bcp-y-codigo-interbancario-cci,2026-09-13 10:36:35 +00:00,2026-08-13 11:47:41 +00:00,2026-10-06T19:22:42.646Z,10061922-1987-0381-0000-9919d76c08e4,research/pibank-expanded-2026-10-06/ranked-08-page2-provider.json,,not_selected_for_capture_plan
BCP,como saber mi número de cuenta de interbank,como saber mi numero de cuenta de interbank,260,39,https://www.viabcp.com/ayuda-bcp/cuenta-de-ahorros/como-saber-numero-cuenta-ahorros-bcp-y-codigo-interbancario-cci,2026-09-17 12:51:35 +00:00,2026-08-13 11:57:02 +00:00,2026-10-06T19:22:42.646Z,10061922-1987-0381-0000-9919d76c08e4,research/pibank-expanded-2026-10-06/ranked-08-page2-provider.json,,not_selected_for_capture_plan
BCP,como saber mi número de cuenta interbank con mi dni,como saber mi numero de cuenta interbank con mi dni,260,32,https://www.viabcp.com/ayuda-bcp/cuenta-de-ahorros/como-saber-numero-cuenta-ahorros-bcp-y-codigo-interbancario-cci,2026-09-13 04:45:37 +00:00,2026-09-23 00:01:52 +00:00,2026-10-06T19:22:42.646Z,10061922-1987-0381-0000-9919d76c08e4,research/pibank-expanded-2026-10-06/ranked-08-page2-provider.json,,not_selected_for_capture_plan
BCP,como saber mi número de libreta militar perú,como saber mi numero de libreta militar peru,260,25,https://www.viabcp.com/ayuda-bcp/cuenta-de-ahorros/como-saber-saldo-cuenta-ahorros-bcp,2026-09-17 19:10:34 +00:00,2026-09-23 00:01:54 +00:00,2026-10-06T19:22:42.646Z,10061922-1987-0381-0000-9919d76c08e4,research/pibank-expanded-2026-10-06/ranked-08-page2-provider.json,,not_selected_for_capture_plan
BCP,como saber mi número de movistar perú,como saber mi numero de movistar peru,260,68,https://www.viabcp.com/ayuda-bcp/cuenta-de-ahorros/como-saber-numero-cuenta-ahorros-bcp-y-codigo-interbancario-cci,2026-09-16 22:00:45 +00:00,2026-09-23 00:05:31 +00:00,2026-10-06T19:22:42.646Z,10061922-1987-0381-0000-9919d76c08e4,research/pibank-expanded-2026-10-06/ranked-08-page2-provider.json,,not_selected_for_capture_plan
BCP,como saber mi número de ruc con mi dni,como saber mi numero de ruc con mi dni,260,65,https://www.viabcp.com/ayuda-bcp/cuenta-de-ahorros/como-saber-numero-cuenta-ahorros-bcp-y-codigo-interbancario-cci,2026-09-13 20:52:52 +00:00,2026-09-23 00:05:19 +00:00,2026-10-06T19:22:42.646Z,10061922-1987-0381-0000-9919d76c08e4,research/pibank-expanded-2026-10-06/ranked-08-page2-provider.json,,not_selected_for_capture_plan
BCP,como saber que,como saber que,260,16,https://www.viabcp.com/ayuda-bcp/cuenta-de-ahorros/como-saber-numero-cuenta-ahorros-bcp-y-codigo-interbancario-cci,2026-09-16 06:26:47 +00:00,2026-08-13 11:57:16 +00:00,2026-10-06T19:22:42.646Z,10061922-1987-0381-0000-9919d76c08e4,research/pibank-expanded-2026-10-06/ranked-08-page2-provider.json,,not_selected_for_capture_plan
BCP,como saber que operador es un número perú,como saber que operador es un numero peru,260,49,https://www.viabcp.com/ayuda-bcp/cuenta-de-ahorros/como-saber-numero-cuenta-ahorros-bcp-y-codigo-interbancario-cci,2026-09-17 04:11:49 +00:00,2026-09-23 00:01:45 +00:00,2026-10-06T19:22:42.646Z,10061922-1987-0381-0000-9919d76c08e4,research/pibank-expanded-2026-10-06/ranked-08-page2-provider.json,,not_selected_for_capture_plan
BCP,como saber quien te deja de seguir en instagram,como saber quien te deja de seguir en instagram,260,45,https://www.viabcp.com/ayuda-bcp/cuenta-de-ahorros/como-saber-numero-cuenta-ahorros-bcp-y-codigo-interbancario-cci,2026-09-16 07:43:25 +00:00,2026-09-23 00:02:04 +00:00,2026-10-06T19:22:42.646Z,10061922-1987-0381-0000-9919d76c08e4,research/pibank-expanded-2026-10-06/ranked-08-page2-provider.json,,not_selected_for_capture_plan
BCP,como saber si mi airpods son originales,como saber si mi airpods son originales,260,37,https://www.viabcp.com/ayuda-bcp/cuenta-de-ahorros/como-saber-numero-cuenta-ahorros-bcp-y-codigo-interbancario-cci,2026-09-16 20:10:00 +00:00,2026-09-23 00:01:48 +00:00,2026-10-06T19:22:42.646Z,10061922-1987-0381-0000-9919d76c08e4,research/pibank-expanded-2026-10-06/ranked-08-page2-provider.json,,not_selected_for_capture_plan
BCP,como saber si mi distrito-es pobre o pobre extremo,como saber si mi distrito-es pobre o pobre extremo,260,66,https://www.viabcp.com/ayuda-bcp/cuenta-de-ahorros/como-saber-numero-cuenta-ahorros-bcp-y-codigo-interbancario-cci,2026-09-16 17:30:35 +00:00,2026-09-23 00:01:47 +00:00,2026-10-06T19:22:42.646Z,10061922-1987-0381-0000-9919d76c08e4,research/pibank-expanded-2026-10-06/ranked-08-page2-provider.json,,not_selected_for_capture_plan
BCP,como saber si tengo deudas en sunat,como saber si tengo deudas en sunat,260,26,https://www.viabcp.com/ayuda-bcp/cuenta-de-ahorros/como-saber-saldo-cuenta-ahorros-bcp,2026-09-12 18:07:54 +00:00,2026-09-23 00:06:03 +00:00,2026-10-06T19:22:42.646Z,10061922-1987-0381-0000-9919d76c08e4,research/pibank-expanded-2026-10-06/ranked-08-page2-provider.json,,not_selected_for_capture_plan
BCP,como saber si tengo una depresion,como saber si tengo una depresion,260,26,https://www.viabcp.com/ayuda-bcp/cuenta-de-ahorros/como-saber-numero-cuenta-ahorros-bcp-y-codigo-interbancario-cci,2026-09-12 08:25:05 +00:00,2026-09-23 00:01:39 +00:00,2026-10-06T19:22:42.646Z,10061922-1987-0381-0000-9919d76c08e4,research/pibank-expanded-2026-10-06/ranked-08-page2-provider.json,,not_selected_for_capture_plan
BCP,como saber si ya llego mi encomienda en shalom,como saber si ya llego mi encomienda en shalom,260,56,https://www.viabcp.com/ayuda-bcp/cuenta-de-ahorros/como-saber-numero-cuenta-ahorros-bcp-y-codigo-interbancario-cci,2026-09-15 05:11:50 +00:00,2026-09-23 00:04:01 +00:00,2026-10-06T19:22:42.646Z,10061922-1987-0381-0000-9919d76c08e4,research/pibank-expanded-2026-10-06/ranked-08-page2-provider.json,,not_selected_for_capture_plan
BCP,como se dice buenos días en chino,como se dice buenos dias en chino,260,77,https://www.viabcp.com/ayuda-bcp/cuenta-de-ahorros/como-saber-numero-cuenta-ahorros-bcp-y-codigo-interbancario-cci,2026-09-15 09:09:39 +00:00,2026-09-23 00:00:18 +00:00,2026-10-06T19:22:42.646Z,10061922-1987-0381-0000-9919d76c08e4,research/pibank-expanded-2026-10-06/ranked-08-page2-provider.json,,not_selected_for_capture_plan
BCP,como se dice tareas en inglés,como se dice tareas en ingles,260,84,https://www.viabcp.com/ayuda-bcp/cuenta-de-ahorros/como-saber-numero-cuenta-ahorros-bcp-y-codigo-interbancario-cci,2026-09-16 18:05:53 +00:00,2026-09-19 19:08:58 +00:00,2026-10-06T19:22:42.646Z,10061922-1987-0381-0000-9919d76c08e4,research/pibank-expanded-2026-10-06/ranked-08-page2-provider.json,,not_selected_for_capture_plan
BCP,como se escribe hojo,como se escribe hojo,260,79,https://www.viabcp.com/ayuda-bcp/cuenta-de-ahorros/como-saber-numero-cuenta-ahorros-bcp-y-codigo-interbancario-cci,2026-09-13 12:30:54 +00:00,2026-09-22 23:56:50 +00:00,2026-10-06T19:22:42.646Z,10061922-1987-0381-0000-9919d76c08e4,research/pibank-expanded-2026-10-06/ranked-08-page2-provider.json,,not_selected_for_capture_plan
BCP,como se hace un folleto,como se hace un folleto,260,82,https://www.viabcp.com/ayuda-bcp/cuenta-de-ahorros/como-saber-numero-cuenta-ahorros-bcp-y-codigo-interbancario-cci,2026-09-17 09:30:23 +00:00,2026-09-22 23:58:40 +00:00,2026-10-06T19:22:42.646Z,10061922-1987-0381-0000-9919d76c08e4,research/pibank-expanded-2026-10-06/ranked-08-page2-provider.json,,not_selected_for_capture_plan
BCP,como se juega 21 en cartas,como se juega 21 en cartas,260,78,https://www.viabcp.com/ayuda-bcp/cuenta-de-ahorros/como-saber-numero-cuenta-ahorros-bcp-y-codigo-interbancario-cci,2026-09-17 18:42:08 +00:00,2026-09-22 23:54:18 +00:00,2026-10-06T19:22:42.646Z,10061922-1987-0381-0000-9919d76c08e4,research/pibank-expanded-2026-10-06/ranked-08-page2-provider.json,,not_selected_for_capture_plan
BCP,como se juega el beisbol,como se juega el beisbol,260,83,https://www.viabcp.com/ayuda-bcp/cuenta-de-ahorros/como-saber-numero-cuenta-ahorros-bcp-y-codigo-interbancario-cci,2026-09-17 16:19:21 +00:00,2026-09-22 23:54:10 +00:00,2026-10-06T19:22:42.646Z,10061922-1987-0381-0000-9919d76c08e4,research/pibank-expanded-2026-10-06/ranked-08-page2-provider.json,,not_selected_for_capture_plan
BCP,como se juega el béisbol,como se juega el beisbol,260,81,https://www.viabcp.com/ayuda-bcp/cuenta-de-ahorros/como-saber-numero-cuenta-ahorros-bcp-y-codigo-interbancario-cci,2026-09-17 20:05:25 +00:00,2026-09-22 23:54:08 +00:00,2026-10-06T19:22:42.646Z,10061922-1987-0381-0000-9919d76c08e4,research/pibank-expanded-2026-10-06/ranked-08-page2-provider.json,,not_selected_for_capture_plan
BCP,como ver mi cts en bcp,como ver mi cts en bcp,260,1,https://www.viabcp.com/cuentas/cuenta-sueldo/cuenta-cts-bcp,2026-09-16 10:54:09 +00:00,2026-08-13 11:45:14 +00:00,2026-10-06T19:22:42.646Z,10061922-1987-0381-0000-9919d76c08e4,research/pibank-expanded-2026-10-06/ranked-08-page2-provider.json,,not_selected_for_capture_plan
BCP,como ver saldo en movistar,como ver saldo en movistar,260,32,https://www.viabcp.com/ayuda-bcp/cuenta-de-ahorros/como-saber-saldo-cuenta-ahorros-bcp,2026-09-17 01:06:46 +00:00,2026-09-22 23:50:08 +00:00,2026-10-06T19:22:42.646Z,10061922-1987-0381-0000-9919d76c08e4,research/pibank-expanded-2026-10-06/ranked-08-page2-provider.json,,not_selected_for_capture_plan
BCP,conjunto de números naturales,conjunto de numeros naturales,260,90,https://www.viabcp.com/ayuda-bcp/cuenta-de-ahorros/como-saber-numero-cuenta-ahorros-bcp-y-codigo-interbancario-cci,2026-09-16 22:35:29 +00:00,2026-09-22 23:34:25 +00:00,2026-10-06T19:22:42.646Z,10061922-1987-0381-0000-9919d76c08e4,research/pibank-expanded-2026-10-06/ranked-08-page2-provider.json,,not_selected_for_capture_plan
BCP,consulta de autorizacion de levante por numero de dua,consulta de autorizacion de levante por numero de dua,260,65,https://www.viabcp.com/ayuda-bcp/cuenta-de-ahorros/como-saber-numero-cuenta-ahorros-bcp-y-codigo-interbancario-cci,2026-09-14 23:14:04 +00:00,2026-09-19 18:12:27 +00:00,2026-10-06T19:22:42.646Z,10061922-1987-0381-0000-9919d76c08e4,research/pibank-expanded-2026-10-06/ranked-08-page2-provider.json,,not_selected_for_capture_plan
BCP,consultar saldo edenred,consultar saldo edenred,260,28,https://www.viabcp.com/ayuda-bcp/cuenta-de-ahorros/como-saber-saldo-cuenta-ahorros-bcp,2026-09-15 11:05:09 +00:00,2026-09-19 18:06:11 +00:00,2026-10-06T19:22:42.646Z,10061922-1987-0381-0000-9919d76c08e4,research/pibank-expanded-2026-10-06/ranked-08-page2-provider.json,,not_selected_for_capture_plan
BCP,conversion de dolares a euros,conversion de dolares a euros,260,31,https://www.viabcp.com/cuenta-dolares,2026-09-13 11:13:52 +00:00,2026-09-22 23:24:46 +00:00,2026-10-06T19:22:42.646Z,10061922-1987-0381-0000-9919d76c08e4,research/pibank-expanded-2026-10-06/ranked-08-page2-provider.json,,not_selected_for_capture_plan
BCP,convertir euros a dólares,convertir euros a dolares,260,47,https://www.viabcp.com/cuenta-dolares,2026-09-17 11:04:49 +00:00,2026-09-22 23:23:17 +00:00,2026-10-06T19:22:42.646Z,10061922-1987-0381-0000-9919d76c08e4,research/pibank-expanded-2026-10-06/ranked-08-page2-provider.json,,not_selected_for_capture_plan
BCP,correo mi web,correo mi web,260,63,https://www.viabcp.com/ayuda-bcp/cuenta-de-ahorros/como-saber-numero-cuenta-ahorros-bcp-y-codigo-interbancario-cci,2026-09-12 17:40:27 +00:00,2026-09-22 23:20:31 +00:00,2026-10-06T19:22:42.646Z,10061922-1987-0381-0000-9919d76c08e4,research/pibank-expanded-2026-10-06/ranked-08-page2-provider.json,,not_selected_for_capture_plan
BCP,crear cuenta corriente bcp,crear cuenta corriente bcp,260,1,https://www.viabcp.com/pymes/cuentas/cuenta-corriente/pyme,2026-09-17 14:28:53 +00:00,2026-09-22 23:09:48 +00:00,2026-10-06T19:22:42.646Z,10061922-1987-0381-0000-9919d76c08e4,research/pibank-expanded-2026-10-06/ranked-08-page2-provider.json,,not_selected_for_capture_plan
BCP,cruz del norte número de teléfono,cruz del norte numero de telefono,260,68,https://www.viabcp.com/ayuda-bcp/cuenta-de-ahorros/como-saber-numero-cuenta-ahorros-bcp-y-codigo-interbancario-cci,2026-09-14 19:54:31 +00:00,2026-09-22 22:51:44 +00:00,2026-10-06T19:22:42.646Z,10061922-1987-0381-0000-9919d76c08e4,research/pibank-expanded-2026-10-06/ranked-08-page2-provider.json,,not_selected_for_capture_plan
BCP,cts banco falabella,cts banco falabella,260,47,https://www.viabcp.com/cuentas/cuenta-sueldo/cuenta-cts-bcp,2026-09-16 22:47:06 +00:00,2026-08-13 10:35:11 +00:00,2026-10-06T19:22:42.646Z,10061922-1987-0381-0000-9919d76c08e4,research/pibank-expanded-2026-10-06/ranked-08-page2-provider.json,,not_selected_for_capture_plan
BCP,cual es el código modular de un colegio,cual es el codigo modular de un colegio,260,59,https://www.viabcp.com/ayuda-bcp/cuenta-de-ahorros/como-saber-numero-cuenta-ahorros-bcp-y-codigo-interbancario-cci,2026-09-16 05:34:43 +00:00,2026-09-22 22:57:45 +00:00,2026-10-06T19:22:42.646Z,10061922-1987-0381-0000-9919d76c08e4,research/pibank-expanded-2026-10-06/ranked-08-page2-provider.json,,not_selected_for_capture_plan
BCP,cual es el hombre más rico del mundo,cual es el hombre mas rico del mundo,260,59,https://www.viabcp.com/ayuda-bcp/cuenta-de-ahorros/como-saber-numero-cuenta-ahorros-bcp-y-codigo-interbancario-cci,2026-09-17 06:19:40 +00:00,2026-09-22 22:58:57 +00:00,2026-10-06T19:22:42.646Z,10061922-1987-0381-0000-9919d76c08e4,research/pibank-expanded-2026-10-06/ranked-08-page2-provider.json,,not_selected_for_capture_plan
BCP,cual es el libro mas vendido del mundo,cual es el libro mas vendido del mundo,260,55,https://www.viabcp.com/ayuda-bcp/cuenta-de-ahorros/como-saber-numero-cuenta-ahorros-bcp-y-codigo-interbancario-cci,2026-09-17 03:08:11 +00:00,2026-09-22 22:57:28 +00:00,2026-10-06T19:22:42.646Z,10061922-1987-0381-0000-9919d76c08e4,research/pibank-expanded-2026-10-06/ranked-08-page2-provider.json,,not_selected_for_capture_plan
BCP,cual es el mejor celular 2025,cual es el mejor celular 2025,260,56,https://www.viabcp.com/ayuda-bcp/cuenta-de-ahorros/como-saber-numero-cuenta-ahorros-bcp-y-codigo-interbancario-cci,2026-09-13 03:12:09 +00:00,2026-09-22 22:46:58 +00:00,2026-10-06T19:22:42.646Z,10061922-1987-0381-0000-9919d76c08e4,research/pibank-expanded-2026-10-06/ranked-08-page2-provider.json,,not_selected_for_capture_plan
BCP,cual es el octavo mandamiento,cual es el octavo mandamiento,260,57,https://www.viabcp.com/ayuda-bcp/cuenta-de-ahorros/como-saber-numero-cuenta-ahorros-bcp-y-codigo-interbancario-cci,2026-09-12 20:37:05 +00:00,2026-09-22 22:46:55 +00:00,2026-10-06T19:22:42.646Z,10061922-1987-0381-0000-9919d76c08e4,research/pibank-expanded-2026-10-06/ranked-08-page2-provider.json,,not_selected_for_capture_plan
BCP,cual es el paladar,cual es el paladar,260,75,https://www.viabcp.com/ayuda-bcp/cuenta-de-ahorros/como-saber-numero-cuenta-ahorros-bcp-y-codigo-interbancario-cci,2026-09-14 08:05:38 +00:00,2026-09-22 22:59:34 +00:00,2026-10-06T19:22:42.646Z,10061922-1987-0381-0000-9919d76c08e4,research/pibank-expanded-2026-10-06/ranked-08-page2-provider.json,,not_selected_for_capture_plan
BCP,cual es el proposito,cual es el proposito,260,62,https://www.viabcp.com/ayuda-bcp/cuenta-de-ahorros/como-saber-numero-cuenta-ahorros-bcp-y-codigo-interbancario-cci,2026-09-14 10:46:00 +00:00,2026-09-19 16:38:56 +00:00,2026-10-06T19:22:42.646Z,10061922-1987-0381-0000-9919d76c08e4,research/pibank-expanded-2026-10-06/ranked-08-page2-provider.json,,not_selected_for_capture_plan
BCP,cual es el satélite natural de la tierra,cual es el satelite natural de la tierra,260,73,https://www.viabcp.com/ayuda-bcp/cuenta-de-ahorros/como-saber-numero-cuenta-ahorros-bcp-y-codigo-interbancario-cci,2026-09-16 23:56:10 +00:00,2026-09-22 23:00:25 +00:00,2026-10-06T19:22:42.646Z,10061922-1987-0381-0000-9919d76c08e4,research/pibank-expanded-2026-10-06/ranked-08-page2-provider.json,,not_selected_for_capture_plan
BCP,cual es horizontal,cual es horizontal,260,50,https://www.viabcp.com/ayuda-bcp/cuenta-de-ahorros/como-saber-numero-cuenta-ahorros-bcp-y-codigo-interbancario-cci,2026-09-16 10:13:44 +00:00,2026-09-22 22:47:16 +00:00,2026-10-06T19:22:42.646Z,10061922-1987-0381-0000-9919d76c08e4,research/pibank-expanded-2026-10-06/ranked-08-page2-provider.json,,not_selected_for_capture_plan
BCP,cual es la capital de grecia,cual es la capital de grecia,260,61,https://www.viabcp.com/ayuda-bcp/cuenta-de-ahorros/como-saber-numero-cuenta-ahorros-bcp-y-codigo-interbancario-cci,2026-09-14 20:10:00 +00:00,2026-09-22 22:46:10 +00:00,2026-10-06T19:22:42.646Z,10061922-1987-0381-0000-9919d76c08e4,research/pibank-expanded-2026-10-06/ranked-08-page2-provider.json,,not_selected_for_capture_plan
BCP,cual es la capital de inglaterra,cual es la capital de inglaterra,260,59,https://www.viabcp.com/ayuda-bcp/cuenta-de-ahorros/como-saber-numero-cuenta-ahorros-bcp-y-codigo-interbancario-cci,2026-09-12 06:20:04 +00:00,2026-09-22 22:46:22 +00:00,2026-10-06T19:22:42.646Z,10061922-1987-0381-0000-9919d76c08e4,research/pibank-expanded-2026-10-06/ranked-08-page2-provider.json,,not_selected_for_capture_plan
BCP,cual es la diferencia entre rapidez y velocidad,cual es la diferencia entre rapidez y velocidad,260,55,https://www.viabcp.com/ayuda-bcp/cuenta-de-ahorros/como-saber-numero-cuenta-ahorros-bcp-y-codigo-interbancario-cci,2026-09-12 21:14:48 +00:00,2026-09-22 22:59:56 +00:00,2026-10-06T19:22:42.646Z,10061922-1987-0381-0000-9919d76c08e4,research/pibank-expanded-2026-10-06/ranked-08-page2-provider.json,,not_selected_for_capture_plan
BCP,cual es la funcion de la prostata,cual es la funcion de la prostata,260,54,https://www.viabcp.com/ayuda-bcp/cuenta-de-ahorros/como-saber-numero-cuenta-ahorros-bcp-y-codigo-interbancario-cci,2026-09-17 01:15:46 +00:00,2026-09-22 22:48:17 +00:00,2026-10-06T19:22:42.646Z,10061922-1987-0381-0000-9919d76c08e4,research/pibank-expanded-2026-10-06/ranked-08-page2-provider.json,,not_selected_for_capture_plan
BCP,cual es la función de la membrana celular,cual es la funcion de la membrana celular,260,57,https://www.viabcp.com/ayuda-bcp/cuenta-de-ahorros/como-saber-numero-cuenta-ahorros-bcp-y-codigo-interbancario-cci,2026-09-12 04:30:02 +00:00,2026-09-22 22:47:00 +00:00,2026-10-06T19:22:42.646Z,10061922-1987-0381-0000-9919d76c08e4,research/pibank-expanded-2026-10-06/ranked-08-page2-provider.json,,not_selected_for_capture_plan
BCP,cual es la hormona del crecimiento,cual es la hormona del crecimiento,260,56,https://www.viabcp.com/ayuda-bcp/cuenta-de-ahorros/como-saber-numero-cuenta-ahorros-bcp-y-codigo-interbancario-cci,2026-09-14 16:09:45 +00:00,2026-09-22 22:55:40 +00:00,2026-10-06T19:22:42.646Z,10061922-1987-0381-0000-9919d76c08e4,research/pibank-expanded-2026-10-06/ranked-08-page2-provider.json,,not_selected_for_capture_plan
BCP,cual es la hormona femenina,cual es la hormona femenina,260,64,https://www.viabcp.com/ayuda-bcp/cuenta-de-ahorros/como-saber-numero-cuenta-ahorros-bcp-y-codigo-interbancario-cci,2026-09-14 06:20:07 +00:00,2026-09-22 22:47:06 +00:00,2026-10-06T19:22:42.646Z,10061922-1987-0381-0000-9919d76c08e4,research/pibank-expanded-2026-10-06/ranked-08-page2-provider.json,,not_selected_for_capture_plan
BCP,cual es la raiz cuadrada de 1,cual es la raiz cuadrada de 1,260,54,https://www.viabcp.com/ayuda-bcp/cuenta-de-ahorros/como-saber-numero-cuenta-ahorros-bcp-y-codigo-interbancario-cci,2026-09-13 02:20:46 +00:00,2026-09-22 22:45:54 +00:00,2026-10-06T19:22:42.646Z,10061922-1987-0381-0000-9919d76c08e4,research/pibank-expanded-2026-10-06/ranked-08-page2-provider.json,,not_selected_for_capture_plan
BCP,cual es la región más grande del perú,cual es la region mas grande del peru,260,70,https://www.viabcp.com/ayuda-bcp/cuenta-de-ahorros/como-saber-numero-cuenta-ahorros-bcp-y-codigo-interbancario-cci,2026-09-15 15:42:22 +00:00,2026-09-22 22:59:16 +00:00,2026-10-06T19:22:42.646Z,10061922-1987-0381-0000-9919d76c08e4,research/pibank-expanded-2026-10-06/ranked-08-page2-provider.json,,not_selected_for_capture_plan
BCP,cual es mi código,cual es mi codigo,260,68,https://www.viabcp.com/ayuda-bcp/cuenta-de-ahorros/como-saber-numero-cuenta-ahorros-bcp-y-codigo-interbancario-cci,2026-09-12 16:57:05 +00:00,2026-09-22 22:45:22 +00:00,2026-10-06T19:22:42.646Z,10061922-1987-0381-0000-9919d76c08e4,research/pibank-expanded-2026-10-06/ranked-08-page2-provider.json,,not_selected_for_capture_plan
BCP,cuales son antonimos,cuales son antonimos,260,17,https://www.viabcp.com/ayuda-bcp/cuenta-de-ahorros/cuales-son-los-tipos-de-cuentas-de-ahorros,2026-09-15 12:42:12 +00:00,2026-09-22 23:01:34 +00:00,2026-10-06T19:22:42.646Z,10061922-1987-0381-0000-9919d76c08e4,research/pibank-expanded-2026-10-06/ranked-08-page2-provider.json,,not_selected_for_capture_plan
BCP,cuando depositan utilidades,cuando depositan utilidades,260,4,https://www.viabcp.com/blog-bcp/deposito-utilidades-como-funciona-ahorros,2026-09-16 01:48:33 +00:00,2026-09-22 22:44:14 +00:00,2026-10-06T19:22:42.646Z,10061922-1987-0381-0000-9919d76c08e4,research/pibank-expanded-2026-10-06/ranked-08-page2-provider.json,,not_selected_for_capture_plan
BCP,cuando se pagan las utilidades 2026,cuando se pagan las utilidades 2026,260,2,https://www.viabcp.com/blog-bcp/deposito-utilidades-como-funciona-ahorros,2026-09-16 19:13:04 +00:00,2026-08-13 10:26:10 +00:00,2026-10-06T19:22:42.646Z,10061922-1987-0381-0000-9919d76c08e4,research/pibank-expanded-2026-10-06/ranked-08-page2-provider.json,,not_selected_for_capture_plan
BCP,cuanto demora una transferencia interbancaria de interbank a bcp,cuanto demora una transferencia interbancaria de interbank a bcp,260,4,https://www.viabcp.com/otros-servicios/envios-nacionales/transferencias-interbancarias-diferidas,2026-09-13 01:48:44 +00:00,2026-09-22 22:49:59 +00:00,2026-10-06T19:22:42.646Z,10061922-1987-0381-0000-9919d76c08e4,research/pibank-expanded-2026-10-06/ranked-08-page2-provider.json,,not_selected_for_capture_plan
BCP,cuanto gana cristiano ronaldo al mes,cuanto gana cristiano ronaldo al mes,260,38,https://www.viabcp.com/millas-bcp-ahorro,2026-09-15 18:15:21 +00:00,2026-09-22 22:52:18 +00:00,2026-10-06T19:22:42.646Z,10061922-1987-0381-0000-9919d76c08e4,research/pibank-expanded-2026-10-06/ranked-08-page2-provider.json,,not_selected_for_capture_plan
BCP,cuanto gana el campeon de la libertadores,cuanto gana el campeon de la libertadores,260,49,https://www.viabcp.com/millas-bcp-ahorro,2026-09-17 22:58:06 +00:00,2026-09-22 22:34:37 +00:00,2026-10-06T19:22:42.646Z,10061922-1987-0381-0000-9919d76c08e4,research/pibank-expanded-2026-10-06/ranked-08-page2-provider.json,,not_selected_for_capture_plan
BCP,cuanto gana el campeón de la libertadores,cuanto gana el campeon de la libertadores,260,47,https://www.viabcp.com/millas-bcp-ahorro,2026-09-17 13:19:08 +00:00,2026-09-22 22:39:19 +00:00,2026-10-06T19:22:42.646Z,10061922-1987-0381-0000-9919d76c08e4,research/pibank-expanded-2026-10-06/ranked-08-page2-provider.json,,not_selected_for_capture_plan
BCP,cuanto gana un coordinador de mesa onpe,cuanto gana un coordinador de mesa onpe,260,35,https://www.viabcp.com/millas-bcp-ahorro,2026-09-13 19:15:08 +00:00,2026-09-22 22:42:01 +00:00,2026-10-06T19:22:42.646Z,10061922-1987-0381-0000-9919d76c08e4,research/pibank-expanded-2026-10-06/ranked-08-page2-provider.json,,not_selected_for_capture_plan
BCP,cuanto gana un árbitro en el mundial,cuanto gana un arbitro en el mundial,260,48,https://www.viabcp.com/millas-bcp-ahorro,2026-09-12 01:30:59 +00:00,2026-09-22 22:36:05 +00:00,2026-10-06T19:22:42.646Z,10061922-1987-0381-0000-9919d76c08e4,research/pibank-expanded-2026-10-06/ranked-08-page2-provider.json,,not_selected_for_capture_plan
BCP,cuanto numero tengo en movistar,cuanto numero tengo en movistar,260,57,https://www.viabcp.com/ayuda-bcp/cuenta-de-ahorros/como-saber-numero-cuenta-ahorros-bcp-y-codigo-interbancario-cci,2026-09-15 09:47:49 +00:00,2026-09-22 22:44:27 +00:00,2026-10-06T19:22:42.646Z,10061922-1987-0381-0000-9919d76c08e4,research/pibank-expanded-2026-10-06/ranked-08-page2-provider.json,,not_selected_for_capture_plan
BCP,cuantos digitos tiene una cuenta bcp,cuantos digitos tiene una cuenta bcp,260,1,https://www.viabcp.com/ayuda-bcp/cuenta-de-ahorros/como-saber-numero-cuenta-ahorros-bcp-y-codigo-interbancario-cci,2026-09-15 06:59:11 +00:00,2026-08-13 10:12:12 +00:00,2026-10-06T19:22:42.646Z,10061922-1987-0381-0000-9919d76c08e4,research/pibank-expanded-2026-10-06/ranked-08-page2-provider.json,,not_selected_for_capture_plan
BCP,cuantos dígitos tiene una cuenta bcp,cuantos digitos tiene una cuenta bcp,260,1,https://www.viabcp.com/ayuda-bcp/cuenta-de-ahorros/como-saber-numero-cuenta-ahorros-bcp-y-codigo-interbancario-cci,2026-09-16 01:26:26 +00:00,2026-08-13 10:00:17 +00:00,2026-10-06T19:22:42.646Z,10061922-1987-0381-0000-9919d76c08e4,research/pibank-expanded-2026-10-06/ranked-08-page2-provider.json,,not_selected_for_capture_plan
BCP,cuenta bcp dolares,cuenta bcp dolares,260,1,https://www.viabcp.com/cuenta-dolares,2026-09-13 05:33:30 +00:00,2026-08-13 10:06:53 +00:00,2026-10-06T19:22:42.646Z,10061922-1987-0381-0000-9919d76c08e4,research/pibank-expanded-2026-10-06/ranked-08-page2-provider.json,,not_selected_for_capture_plan
BCP,cuenta de ahorros banbif,cuenta de ahorros banbif,260,23,https://www.viabcp.com/ayuda-bcp/cuenta-de-ahorros/como-abro-una-cuenta-de-ahorros,2026-09-14 05:53:14 +00:00,2026-09-22 22:30:14 +00:00,2026-10-06T19:22:42.646Z,10061922-1987-0381-0000-9919d76c08e4,research/pibank-expanded-2026-10-06/ranked-08-page2-provider.json,,not_selected_for_capture_plan
BCP,cuenta de ahorros ripley,cuenta de ahorros ripley,260,64,https://www.viabcp.com/ayuda-bcp/cuenta-de-ahorros,2026-09-14 02:27:43 +00:00,2026-09-22 22:30:21 +00:00,2026-10-06T19:22:42.646Z,10061922-1987-0381-0000-9919d76c08e4,research/pibank-expanded-2026-10-06/ranked-08-page2-provider.json,,not_selected_for_capture_plan
BCP,cuenta joven bcp,cuenta joven bcp,260,1,https://www.viabcp.com/ayuda-bcp/cuenta-de-ahorros/como-abrir-cuenta-ahorros-bcp-para-ninos,2026-09-16 01:41:44 +00:00,2026-08-13 10:04:32 +00:00,2026-10-06T19:22:42.646Z,10061922-1987-0381-0000-9919d76c08e4,research/pibank-expanded-2026-10-06/ranked-08-page2-provider.json,,not_selected_for_capture_plan
BCP,cuenta que es,cuenta que es,260,28,https://www.viabcp.com/ayuda-bcp/cuenta-de-ahorros,2026-09-15 21:32:37 +00:00,2026-09-22 22:41:57 +00:00,2026-10-06T19:22:42.646Z,10061922-1987-0381-0000-9919d76c08e4,research/pibank-expanded-2026-10-06/ranked-08-page2-provider.json,,not_selected_for_capture_plan
BCP,cuentas de fondeo,cuentas de fondeo,260,71,https://www.viabcp.com/creditos/credito-hipotecario/ahorro-local-fondeo-bcp,2026-09-14 23:09:09 +00:00,2026-09-22 22:30:01 +00:00,2026-10-06T19:22:42.646Z,10061922-1987-0381-0000-9919d76c08e4,research/pibank-expanded-2026-10-06/ranked-08-page2-provider.json,,not_selected_for_capture_plan
BCP,cuy del bcp,cuy del bcp,260,1,https://www.viabcp.com/promos-ahorros-bcp,2026-09-16 03:06:04 +00:00,2026-08-13 09:37:42 +00:00,2026-10-06T19:22:42.646Z,10061922-1987-0381-0000-9919d76c08e4,research/pibank-expanded-2026-10-06/ranked-08-page2-provider.json,,not_selected_for_capture_plan
BCP,cuál es el mejor medicamento para la próstata agrandada,cual es el mejor medicamento para la prostata agrandada,260,64,https://www.viabcp.com/ayuda-bcp/cuenta-de-ahorros/como-saber-numero-cuenta-ahorros-bcp-y-codigo-interbancario-cci,2026-09-17 17:11:59 +00:00,2026-09-19 15:39:42 +00:00,2026-10-06T19:22:42.646Z,10061922-1987-0381-0000-9919d76c08e4,research/pibank-expanded-2026-10-06/ranked-08-page2-provider.json,,not_selected_for_capture_plan
BCP,cuál es el vino dulce,cual es el vino dulce,260,81,https://www.viabcp.com/ayuda-bcp/cuenta-de-ahorros/como-saber-numero-cuenta-ahorros-bcp-y-codigo-interbancario-cci,2026-09-17 19:51:22 +00:00,2026-09-22 22:34:22 +00:00,2026-10-06T19:22:42.646Z,10061922-1987-0381-0000-9919d76c08e4,research/pibank-expanded-2026-10-06/ranked-08-page2-provider.json,,not_selected_for_capture_plan
BCP,cuál es la vitamina b,cual es la vitamina b,260,84,https://www.viabcp.com/ayuda-bcp/cuenta-de-ahorros/como-saber-numero-cuenta-ahorros-bcp-y-codigo-interbancario-cci,2026-09-16 17:41:48 +00:00,2026-09-22 22:20:58 +00:00,2026-10-06T19:22:42.646Z,10061922-1987-0381-0000-9919d76c08e4,research/pibank-expanded-2026-10-06/ranked-08-page2-provider.json,,not_selected_for_capture_plan
BCP,cuánto está el dólar en ocoña,cuanto esta el dolar en ocona,260,78,https://www.viabcp.com/cuenta-dolares,2026-09-16 08:49:31 +00:00,2026-09-22 22:14:36 +00:00,2026-10-06T19:22:42.646Z,10061922-1987-0381-0000-9919d76c08e4,research/pibank-expanded-2026-10-06/ranked-08-page2-provider.json,,not_selected_for_capture_plan
BCP,código de fortnite,codigo de fortnite,260,69,https://www.viabcp.com/ayuda-bcp/cuenta-de-ahorros/como-saber-numero-cuenta-ahorros-bcp-y-codigo-interbancario-cci,2026-09-13 16:37:23 +00:00,2026-09-22 22:08:35 +00:00,2026-10-06T19:22:42.646Z,10061922-1987-0381-0000-9919d76c08e4,research/pibank-expanded-2026-10-06/ranked-08-page2-provider.json,,not_selected_for_capture_plan
BCP,código de sucursal bcp,codigo de sucursal bcp,260,1,https://www.viabcp.com/empresas/comercio-exterior/pagos-internacionales/transferencias-del-exterior,2026-09-16 19:17:31 +00:00,2026-08-13 09:30:23 +00:00,2026-10-06T19:22:42.646Z,10061922-1987-0381-0000-9919d76c08e4,research/pibank-expanded-2026-10-06/ranked-08-page2-provider.json,,not_selected_for_capture_plan
BCP,cómo ahorrar el agua,como ahorrar el agua,260,92,https://www.viabcp.com/blog-bcp/ahorro-automatico-estrategias-para-ahorrar,2026-09-13 16:51:02 +00:00,2026-09-22 22:12:18 +00:00,2026-10-06T19:22:42.646Z,10061922-1987-0381-0000-9919d76c08e4,research/pibank-expanded-2026-10-06/ranked-08-page2-provider.json,,not_selected_for_capture_plan
BCP,cómo llegar a churín,como llegar a churin,260,17,https://www.viabcp.com/ayuda-bcp/cuenta-de-ahorros/como-abro-una-cuenta-de-ahorros,2026-09-12 04:56:25 +00:00,2026-09-22 22:13:43 +00:00,2026-10-06T19:22:42.646Z,10061922-1987-0381-0000-9919d76c08e4,research/pibank-expanded-2026-10-06/ranked-08-page2-provider.json,,not_selected_for_capture_plan
BCP,cómo saber el número de cuenta de mi tarjeta bcp,como saber el numero de cuenta de mi tarjeta bcp,260,1,https://www.viabcp.com/ayuda-bcp/cuenta-de-ahorros/como-saber-numero-cuenta-ahorros-bcp-y-codigo-interbancario-cci,2026-09-14 04:48:33 +00:00,2026-09-22 21:59:10 +00:00,2026-10-06T19:22:42.646Z,10061922-1987-0381-0000-9919d76c08e4,research/pibank-expanded-2026-10-06/ranked-08-page2-provider.json,,not_selected_for_capture_plan
BCP,cómo saber mi número de teléfono movistar,como saber mi numero de telefono movistar,260,45,https://www.viabcp.com/ayuda-bcp/cuenta-de-ahorros/como-saber-numero-cuenta-ahorros-bcp-y-codigo-interbancario-cci,2026-09-13 10:43:47 +00:00,2026-09-22 21:58:58 +00:00,2026-10-06T19:22:42.646Z,10061922-1987-0381-0000-9919d76c08e4,research/pibank-expanded-2026-10-06/ranked-08-page2-provider.json,,not_selected_for_capture_plan
BCP,cómo sabes qué,como sabes que,260,9,https://www.viabcp.com/ayuda-bcp/cuenta-de-ahorros/como-saber-numero-cuenta-ahorros-bcp-y-codigo-interbancario-cci,2026-09-16 21:57:09 +00:00,2026-08-13 09:00:07 +00:00,2026-10-06T19:22:42.646Z,10061922-1987-0381-0000-9919d76c08e4,research/pibank-expanded-2026-10-06/ranked-08-page2-provider.json,,not_selected_for_capture_plan
BCP,cómo se dibuja un raton,como se dibuja un raton,260,77,https://www.viabcp.com/ayuda-bcp/cuenta-de-ahorros/como-saber-numero-cuenta-ahorros-bcp-y-codigo-interbancario-cci,2026-09-14 19:59:11 +00:00,2026-09-22 22:13:59 +00:00,2026-10-06T19:22:42.646Z,10061922-1987-0381-0000-9919d76c08e4,research/pibank-expanded-2026-10-06/ranked-08-page2-provider.json,,not_selected_for_capture_plan
BCP,cómo se dice matemáticas en inglés,como se dice matematicas en ingles,260,78,https://www.viabcp.com/ayuda-bcp/cuenta-de-ahorros/como-saber-numero-cuenta-ahorros-bcp-y-codigo-interbancario-cci,2026-09-12 17:55:27 +00:00,2026-09-22 22:14:44 +00:00,2026-10-06T19:22:42.646Z,10061922-1987-0381-0000-9919d76c08e4,research/pibank-expanded-2026-10-06/ranked-08-page2-provider.json,,not_selected_for_capture_plan
BCP,cómo se escribe cambiarse,como se escribe cambiarse,260,10,https://www.viabcp.com/ayuda-bcp/cuenta-de-ahorros/como-abro-una-cuenta-de-ahorros,2026-09-12 05:31:54 +00:00,2026-09-22 22:13:50 +00:00,2026-10-06T19:22:42.646Z,10061922-1987-0381-0000-9919d76c08e4,research/pibank-expanded-2026-10-06/ranked-08-page2-provider.json,,not_selected_for_capture_plan
BCP,cómo se escribe perseverancia,como se escribe perseverancia,260,76,https://www.viabcp.com/ayuda-bcp/cuenta-de-ahorros/como-saber-numero-cuenta-ahorros-bcp-y-codigo-interbancario-cci,2026-09-17 02:06:09 +00:00,2026-09-22 21:56:06 +00:00,2026-10-06T19:22:42.646Z,10061922-1987-0381-0000-9919d76c08e4,research/pibank-expanded-2026-10-06/ranked-08-page2-provider.json,,not_selected_for_capture_plan
BCP,cómo se producen las lluvias,como se producen las lluvias,260,9,https://www.viabcp.com/ayuda-bcp/cuenta-de-ahorros/como-abro-una-cuenta-de-ahorros,2026-09-12 11:11:05 +00:00,2026-09-22 21:58:34 +00:00,2026-10-06T19:22:42.646Z,10061922-1987-0381-0000-9919d76c08e4,research/pibank-expanded-2026-10-06/ranked-08-page2-provider.json,,not_selected_for_capture_plan
BCP,de quién es este número,de quien es este numero,260,53,https://www.viabcp.com/ayuda-bcp/cuenta-de-ahorros/como-saber-numero-cuenta-ahorros-bcp-y-codigo-interbancario-cci,2026-09-14 11:55:29 +00:00,2026-09-22 23:13:11 +00:00,2026-10-06T19:22:42.646Z,10061922-1987-0381-0000-9919d76c08e4,research/pibank-expanded-2026-10-06/ranked-08-page2-provider.json,,not_selected_for_capture_plan
BCP,deposito a plazo bcp,deposito a plazo bcp,260,1,https://www.viabcp.com/inversiones/deposito-plazo-fijo,2026-09-17 09:11:20 +00:00,2026-08-03 21:54:46 +00:00,2026-10-06T19:22:42.646Z,10061922-1987-0381-0000-9919d76c08e4,research/pibank-expanded-2026-10-06/ranked-08-page2-provider.json,,not_selected_for_capture_plan
BCP,deposito a plazo fijo peru,deposito a plazo fijo peru,260,19,https://www.viabcp.com/inversiones/deposito-plazo-fijo,2026-09-17 17:29:37 +00:00,2026-08-13 08:24:18 +00:00,2026-10-06T19:22:42.646Z,10061922-1987-0381-0000-9919d76c08e4,research/pibank-expanded-2026-10-06/ranked-08-page2-provider.json,,not_selected_for_capture_plan
BCP,depositos a plazo bcp,depositos a plazo bcp,260,1,https://www.viabcp.com/inversiones/deposito-plazo-fijo,2026-09-17 00:38:34 +00:00,2026-09-22 21:30:44 +00:00,2026-10-06T19:22:42.646Z,10061922-1987-0381-0000-9919d76c08e4,research/pibank-expanded-2026-10-06/ranked-08-page2-provider.json,,not_selected_for_capture_plan
BCP,diferencias entre activo corriente y no corriente,diferencias entre activo corriente y no corriente,260,87,https://www.viabcp.com/pymes/cuentas/cuenta-corriente/pyme,2026-09-17 04:34:56 +00:00,2026-09-22 20:53:39 +00:00,2026-10-06T19:22:42.646Z,10061922-1987-0381-0000-9919d76c08e4,research/pibank-expanded-2026-10-06/ranked-08-page2-provider.json,,not_selected_for_capture_plan
BCP,direccion bcp,direccion bcp,260,1,https://www.viabcp.com/empresas/comercio-exterior/pagos-internacionales/transferencias-del-exterior,2026-09-13 17:31:36 +00:00,2026-08-03 21:05:26 +00:00,2026-10-06T19:22:42.646Z,10061922-1987-0381-0000-9919d76c08e4,research/pibank-expanded-2026-10-06/ranked-08-page2-provider.json,,not_selected_for_capture_plan
BCP,dolar hoy bolivia,dolar hoy bolivia,260,74,https://www.viabcp.com/cuenta-dolares,2026-09-14 17:47:02 +00:00,2026-09-22 20:50:52 +00:00,2026-10-06T19:22:42.646Z,10061922-1987-0381-0000-9919d76c08e4,research/pibank-expanded-2026-10-06/ranked-08-page2-provider.json,,not_selected_for_capture_plan
BCP,dueño de mi barrunto,dueno de mi barrunto,260,64,https://www.viabcp.com/ayuda-bcp/cuenta-de-ahorros/como-saber-numero-cuenta-ahorros-bcp-y-codigo-interbancario-cci,2026-09-13 12:02:17 +00:00,2026-09-22 20:20:27 +00:00,2026-10-06T19:22:42.646Z,10061922-1987-0381-0000-9919d76c08e4,research/pibank-expanded-2026-10-06/ranked-08-page2-provider.json,,not_selected_for_capture_plan
BCP,dólar a bolivianos,dolar a bolivianos,260,70,https://www.viabcp.com/cuenta-dolares,2026-09-13 02:04:05 +00:00,2026-09-22 20:14:25 +00:00,2026-10-06T19:22:42.646Z,10061922-1987-0381-0000-9919d76c08e4,research/pibank-expanded-2026-10-06/ranked-08-page2-provider.json,,not_selected_for_capture_plan
BCP,dólar sube,dolar sube,260,64,https://www.viabcp.com/cuenta-dolares,2026-09-13 00:30:14 +00:00,2026-09-22 20:16:02 +00:00,2026-10-06T19:22:42.646Z,10061922-1987-0381-0000-9919d76c08e4,research/pibank-expanded-2026-10-06/ranked-08-page2-provider.json,,not_selected_for_capture_plan
BCP,en que puedo invertir mi dinero para multiplicarlo perú,en que puedo invertir mi dinero para multiplicarlo peru,260,3,https://www.viabcp.com/blog-bcp/donde-colocar-primeros-ahorros,2026-09-12 23:28:44 +00:00,2026-09-22 12:07:42 +00:00,2026-10-06T19:22:42.646Z,10061922-1987-0381-0000-9919d76c08e4,research/pibank-expanded-2026-10-06/ranked-08-page2-provider.json,,not_selected_for_capture_plan
BCP,estado de cuenta bancaria,estado de cuenta bancaria,260,1,https://www.viabcp.com/ayuda-bcp/cuenta-de-ahorros/como-ver-estados-de-cuenta-ahorros-bcp,2026-09-17 19:33:22 +00:00,2026-09-22 10:20:38 +00:00,2026-10-06T19:22:42.646Z,10061922-1987-0381-0000-9919d76c08e4,research/pibank-expanded-2026-10-06/ranked-08-page2-provider.json,,not_selected_for_capture_plan
BCP,estado de cuentas bancarias,estado de cuentas bancarias,260,4,https://www.viabcp.com/ayuda-bcp/cuenta-de-ahorros/como-ver-estados-de-cuenta-ahorros-bcp,2026-09-16 20:51:25 +00:00,2026-09-22 10:20:06 +00:00,2026-10-06T19:22:42.646Z,10061922-1987-0381-0000-9919d76c08e4,research/pibank-expanded-2026-10-06/ranked-08-page2-provider.json,,not_selected_for_capture_plan
BCP,estado de emergencia en lima y callao,estado de emergencia en lima y callao,260,70,https://www.viabcp.com/blog-bcp/como-ahorrar-fondos-emergencia,2026-09-13 10:07:39 +00:00,2026-09-22 10:20:03 +00:00,2026-10-06T19:22:42.646Z,10061922-1987-0381-0000-9919d76c08e4,research/pibank-expanded-2026-10-06/ranked-08-page2-provider.json,,not_selected_for_capture_plan
BCP,estado de mi solicitud afp,estado de mi solicitud afp,260,65,https://www.viabcp.com/ayuda-bcp/cuenta-de-ahorros/como-saber-numero-cuenta-ahorros-bcp-y-codigo-interbancario-cci,2026-09-12 17:23:51 +00:00,2026-09-22 10:19:47 +00:00,2026-10-06T19:22:42.646Z,10061922-1987-0381-0000-9919d76c08e4,research/pibank-expanded-2026-10-06/ranked-08-page2-provider.json,,not_selected_for_capture_plan
BCP,euros o dolares,euros o dolares,260,54,https://www.viabcp.com/cuenta-dolares,2026-09-13 23:59:48 +00:00,2026-09-22 09:53:46 +00:00,2026-10-06T19:22:42.646Z,10061922-1987-0381-0000-9919d76c08e4,research/pibank-expanded-2026-10-06/ranked-08-page2-provider.json,,not_selected_for_capture_plan
BCP,fondo de seguro de deposito cooperativas,fondo de seguro de deposito cooperativas,260,59,https://www.viabcp.com/fondosegurodepositos,2026-09-12 17:11:20 +00:00,2026-08-13 02:51:48 +00:00,2026-10-06T19:22:42.646Z,10061922-1987-0381-0000-9919d76c08e4,research/pibank-expanded-2026-10-06/ranked-08-page2-provider.json,,not_selected_for_capture_plan
BCP,fondos para frases,fondos para frases,260,89,https://www.viabcp.com/blog-bcp/conviene-ahorrar-en-fondos-mutuos,2026-09-15 10:11:00 +00:00,2026-09-22 07:42:51 +00:00,2026-10-06T19:22:42.646Z,10061922-1987-0381-0000-9919d76c08e4,research/pibank-expanded-2026-10-06/ranked-08-page2-provider.json,,not_selected_for_capture_plan
BCP,gana 50000 con costa,gana 50000 con costa,260,46,https://www.viabcp.com/millas-bcp-ahorro,2026-09-15 19:22:44 +00:00,2026-09-22 06:08:16 +00:00,2026-10-06T19:22:42.646Z,10061922-1987-0381-0000-9919d76c08e4,research/pibank-expanded-2026-10-06/ranked-08-page2-provider.json,,not_selected_for_capture_plan
BCP,globo número 12,globo numero 12,260,48,https://www.viabcp.com/ayuda-bcp/cuenta-de-ahorros/como-saber-numero-cuenta-ahorros-bcp-y-codigo-interbancario-cci,2026-09-13 00:42:42 +00:00,2026-09-22 05:19:06 +00:00,2026-10-06T19:22:42.646Z,10061922-1987-0381-0000-9919d76c08e4,research/pibank-expanded-2026-10-06/ranked-08-page2-provider.json,,not_selected_for_capture_plan
BCP,hasta cuando se pagan las utilidades,hasta cuando se pagan las utilidades,260,4,https://www.viabcp.com/blog-bcp/deposito-utilidades-como-funciona-ahorros,2026-09-17 14:53:38 +00:00,2026-08-13 00:07:00 +00:00,2026-10-06T19:22:42.646Z,10061922-1987-0381-0000-9919d76c08e4,research/pibank-expanded-2026-10-06/ranked-08-page2-provider.json,,not_selected_for_capture_plan
BCP,hijos de ventanilla zona 4,hijos de ventanilla zona 4,260,75,https://www.viabcp.com/blog-bcp/como-ahorrar-educacion-hijos-inversion,2026-09-15 20:10:31 +00:00,2026-09-22 03:30:35 +00:00,2026-10-06T19:22:42.646Z,10061922-1987-0381-0000-9919d76c08e4,research/pibank-expanded-2026-10-06/ranked-08-page2-provider.json,,not_selected_for_capture_plan
BCP,hábitat cerca de mí,habitat cerca de mi,260,83,https://www.viabcp.com/ayuda-bcp/cuenta-de-ahorros/como-saber-numero-cuenta-ahorros-bcp-y-codigo-interbancario-cci,2026-09-16 00:46:46 +00:00,2026-09-22 02:03:49 +00:00,2026-10-06T19:22:42.646Z,10061922-1987-0381-0000-9919d76c08e4,research/pibank-expanded-2026-10-06/ranked-08-page2-provider.json,,not_selected_for_capture_plan
BCP,imagenes de ahorrar agua,imagenes de ahorrar agua,260,86,https://www.viabcp.com/blog-bcp/como-ahorrar-educacion-hijos-inversion,2026-09-13 03:48:27 +00:00,2026-09-22 01:25:35 +00:00,2026-10-06T19:22:42.646Z,10061922-1987-0381-0000-9919d76c08e4,research/pibank-expanded-2026-10-06/ranked-08-page2-provider.json,,not_selected_for_capture_plan
BCP,importancia del ahorro,importancia del ahorro,260,11,https://www.viabcp.com/blog-bcp/por-que-ahorrar-invertir-familia,2026-09-13 19:42:48 +00:00,2026-08-12 21:47:00 +00:00,2026-10-06T19:22:42.646Z,10061922-1987-0381-0000-9919d76c08e4,research/pibank-expanded-2026-10-06/ranked-08-page2-provider.json,,not_selected_for_capture_plan
BCP,inmovilizados,inmovilizados,260,32,https://www.viabcp.com/fondosegurodepositos,2026-09-13 20:26:34 +00:00,2026-09-18 21:56:44 +00:00,2026-10-06T19:22:42.646Z,10061922-1987-0381-0000-9919d76c08e4,research/pibank-expanded-2026-10-06/ranked-08-page2-provider.json,,not_selected_for_capture_plan
BCP,invertir dinero,invertir dinero,260,16,https://www.viabcp.com/blog-bcp/donde-colocar-primeros-ahorros,2026-09-13 15:21:57 +00:00,2026-08-12 21:03:20 +00:00,2026-10-06T19:22:42.646Z,10061922-1987-0381-0000-9919d76c08e4,research/pibank-expanded-2026-10-06/ranked-08-page2-provider.json,,not_selected_for_capture_plan
BCP,lava carros cerca de mí,lava carros cerca de mi,260,69,https://www.viabcp.com/ayuda-bcp/cuenta-de-ahorros/como-saber-numero-cuenta-ahorros-bcp-y-codigo-interbancario-cci,2026-09-15 08:00:31 +00:00,2026-09-21 20:06:13 +00:00,2026-10-06T19:22:42.646Z,10061922-1987-0381-0000-9919d76c08e4,research/pibank-expanded-2026-10-06/ranked-08-page2-provider.json,,not_selected_for_capture_plan
BCP,liga de la justicia ilimitada,liga de la justicia ilimitada,260,41,https://www.viabcp.com/ayuda-bcp/cuenta-de-ahorros/cuales-son-beneficios-cuenta-ilimitada-bcp,2026-09-12 02:43:04 +00:00,2026-09-21 19:02:45 +00:00,2026-10-06T19:22:42.646Z,10061922-1987-0381-0000-9919d76c08e4,research/pibank-expanded-2026-10-06/ranked-08-page2-provider.json,,not_selected_for_capture_plan
BCP,mi cuenta afp habitat,mi cuenta afp habitat,260,9,https://www.viabcp.com/ayuda-bcp/cuenta-de-ahorros/como-abro-una-cuenta-de-ahorros,2026-09-14 08:47:57 +00:00,2026-09-21 14:48:18 +00:00,2026-10-06T19:22:42.646Z,10061922-1987-0381-0000-9919d76c08e4,research/pibank-expanded-2026-10-06/ranked-08-page2-provider.json,,not_selected_for_capture_plan
BCP,mil dólares,mil dolares,260,44,https://www.viabcp.com/cuenta-dolares,2026-09-12 09:34:23 +00:00,2026-09-21 14:18:48 +00:00,2026-10-06T19:22:42.646Z,10061922-1987-0381-0000-9919d76c08e4,research/pibank-expanded-2026-10-06/ranked-08-page2-provider.json,,not_selected_for_capture_plan
BCP,monto maximo transferencia bcp,monto maximo transferencia bcp,260,1,https://www.viabcp.com/ayuda-bcp/banca-movil/cual-monto-maximo-transferencias-bcp,2026-09-16 19:38:47 +00:00,2026-08-02 21:36:49 +00:00,2026-10-06T19:22:42.646Z,10061922-1987-0381-0000-9919d76c08e4,research/pibank-expanded-2026-10-06/ranked-08-page2-provider.json,,not_selected_for_capture_plan
BCP,monto máximo transferencia bcp,monto maximo transferencia bcp,260,1,https://www.viabcp.com/ayuda-bcp/banca-movil/cual-monto-maximo-transferencias-bcp,2026-09-12 09:11:30 +00:00,2026-08-02 21:56:41 +00:00,2026-10-06T19:22:42.646Z,10061922-1987-0381-0000-9919d76c08e4,research/pibank-expanded-2026-10-06/ranked-08-page2-provider.json,,not_selected_for_capture_plan
BCP,mural grupo tyc,mural grupo tyc,260,92,https://www.viabcp.com/transparencia/cashback-deposito,2026-09-16 17:39:56 +00:00,2026-09-21 12:28:13 +00:00,2026-10-06T19:22:42.646Z,10061922-1987-0381-0000-9919d76c08e4,research/pibank-expanded-2026-10-06/ranked-08-page2-provider.json,,not_selected_for_capture_plan
BCP,no te preocupes por mí dilbert aguilar,no te preocupes por mi dilbert aguilar,260,66,https://www.viabcp.com/ayuda-bcp/cuenta-de-ahorros/como-saber-numero-cuenta-ahorros-bcp-y-codigo-interbancario-cci,2026-09-13 10:28:27 +00:00,2026-09-18 10:34:20 +00:00,2026-10-06T19:22:42.646Z,10061922-1987-0381-0000-9919d76c08e4,research/pibank-expanded-2026-10-06/ranked-08-page2-provider.json,,not_selected_for_capture_plan
BCP,numero perfecto,numero perfecto,260,51,https://www.viabcp.com/ayuda-bcp/cuenta-de-ahorros/como-saber-numero-cuenta-ahorros-bcp-y-codigo-interbancario-cci,2026-09-12 05:27:30 +00:00,2026-09-21 10:47:32 +00:00,2026-10-06T19:22:42.646Z,10061922-1987-0381-0000-9919d76c08e4,research/pibank-expanded-2026-10-06/ranked-08-page2-provider.json,,not_selected_for_capture_plan
BCP,numeros cardinales ordinales en ingles,numeros cardinales ordinales en ingles,260,65,https://www.viabcp.com/ayuda-bcp/cuenta-de-ahorros/como-saber-numero-cuenta-ahorros-bcp-y-codigo-interbancario-cci,2026-09-14 06:49:54 +00:00,2026-09-21 10:49:02 +00:00,2026-10-06T19:22:42.646Z,10061922-1987-0381-0000-9919d76c08e4,research/pibank-expanded-2026-10-06/ranked-08-page2-provider.json,,not_selected_for_capture_plan
BCP,numeros cuanticos principal,numeros cuanticos principal,260,72,https://www.viabcp.com/ayuda-bcp/cuenta-de-ahorros/como-saber-numero-cuenta-ahorros-bcp-y-codigo-interbancario-cci,2026-09-17 18:00:58 +00:00,2026-09-21 10:50:26 +00:00,2026-10-06T19:22:42.646Z,10061922-1987-0381-0000-9919d76c08e4,research/pibank-expanded-2026-10-06/ranked-08-page2-provider.json,,not_selected_for_capture_plan
BCP,numeros de vuelos latam,numeros de vuelos latam,260,69,https://www.viabcp.com/ayuda-bcp/cuenta-de-ahorros/como-saber-numero-cuenta-ahorros-bcp-y-codigo-interbancario-cci,2026-09-17 20:00:45 +00:00,2026-09-21 10:51:08 +00:00,2026-10-06T19:22:42.646Z,10061922-1987-0381-0000-9919d76c08e4,research/pibank-expanded-2026-10-06/ranked-08-page2-provider.json,,not_selected_for_capture_plan
BCP,onpe cómo saber dónde me toca votar,onpe como saber donde me toca votar,260,41,https://www.viabcp.com/ayuda-bcp/cuenta-de-ahorros/como-saber-saldo-cuenta-ahorros-bcp,2026-09-15 05:52:04 +00:00,2026-09-21 10:03:44 +00:00,2026-10-06T19:22:42.646Z,10061922-1987-0381-0000-9919d76c08e4,research/pibank-expanded-2026-10-06/ranked-08-page2-provider.json,,not_selected_for_capture_plan
BCP,pesos bolivianos a dolares,pesos bolivianos a dolares,260,42,https://www.viabcp.com/cuenta-dolares,2026-09-16 16:14:08 +00:00,2026-09-21 06:00:38 +00:00,2026-10-06T19:22:42.646Z,10061922-1987-0381-0000-9919d76c08e4,research/pibank-expanded-2026-10-06/ranked-08-page2-provider.json,,not_selected_for_capture_plan
BCP,plan de respuesta de emergencia,plan de respuesta de emergencia,260,89,https://www.viabcp.com/blog-bcp/como-ahorrar-fondos-emergencia,2026-09-13 10:14:23 +00:00,2026-09-21 05:01:04 +00:00,2026-10-06T19:22:42.646Z,10061922-1987-0381-0000-9919d76c08e4,research/pibank-expanded-2026-10-06/ranked-08-page2-provider.json,,not_selected_for_capture_plan
BCP,plazo fijo falabella,plazo fijo falabella,260,41,https://www.viabcp.com/inversiones/deposito-plazo-fijo,2026-09-16 21:06:31 +00:00,2026-08-02 18:01:47 +00:00,2026-10-06T19:22:42.646Z,10061922-1987-0381-0000-9919d76c08e4,research/pibank-expanded-2026-10-06/ranked-08-page2-provider.json,,not_selected_for_capture_plan
BCP,plazo fijo pichincha,plazo fijo pichincha,260,70,https://www.viabcp.com/blog-bcp/diferencia-entre-fondos-mutuos-y-deposito-a-plazo-fijo,2026-09-12 08:17:47 +00:00,2026-09-21 04:30:33 +00:00,2026-10-06T19:22:42.646Z,10061922-1987-0381-0000-9919d76c08e4,research/pibank-expanded-2026-10-06/ranked-08-page2-provider.json,,not_selected_for_capture_plan
BCP,plazo fijo sbs,plazo fijo sbs,260,61,https://www.viabcp.com/blog-bcp/diferencia-entre-fondos-mutuos-y-deposito-a-plazo-fijo,2026-09-17 13:19:08 +00:00,2026-09-21 04:30:17 +00:00,2026-10-06T19:22:42.646Z,10061922-1987-0381-0000-9919d76c08e4,research/pibank-expanded-2026-10-06/ranked-08-page2-provider.json,,not_selected_for_capture_plan
BCP,precio del euro en dólares,precio del euro en dolares,260,48,https://www.viabcp.com/cuenta-dolares,2026-09-15 09:19:28 +00:00,2026-09-21 03:04:59 +00:00,2026-10-06T19:22:42.646Z,10061922-1987-0381-0000-9919d76c08e4,research/pibank-expanded-2026-10-06/ranked-08-page2-provider.json,,not_selected_for_capture_plan
BCP,precio dolar en euro,precio dolar en euro,260,73,https://www.viabcp.com/cuenta-dolares,2026-09-13 14:05:21 +00:00,2026-09-21 03:03:47 +00:00,2026-10-06T19:22:42.646Z,10061922-1987-0381-0000-9919d76c08e4,research/pibank-expanded-2026-10-06/ranked-08-page2-provider.json,,not_selected_for_capture_plan
BCP,prf.pe fondos profuturo,prf.pe fondos profuturo,260,99,https://www.viabcp.com/blog-bcp/conviene-ahorrar-en-fondos-mutuos,2026-09-15 22:08:35 +00:00,2026-09-21 02:42:55 +00:00,2026-10-06T19:22:42.646Z,10061922-1987-0381-0000-9919d76c08e4,research/pibank-expanded-2026-10-06/ranked-08-page2-provider.json,,not_selected_for_capture_plan
BCP,promart numero,promart numero,260,50,https://www.viabcp.com/ayuda-bcp/cuenta-de-ahorros/como-saber-numero-cuenta-ahorros-bcp-y-codigo-interbancario-cci,2026-09-12 12:38:18 +00:00,2026-09-21 02:27:43 +00:00,2026-10-06T19:22:42.646Z,10061922-1987-0381-0000-9919d76c08e4,research/pibank-expanded-2026-10-06/ranked-08-page2-provider.json,,not_selected_for_capture_plan
BCP,que es cuenta intangible,que es cuenta intangible,260,27,https://www.viabcp.com/cuentas/cuenta-afp,2026-09-16 09:44:41 +00:00,2026-09-21 01:08:06 +00:00,2026-10-06T19:22:42.646Z,10061922-1987-0381-0000-9919d76c08e4,research/pibank-expanded-2026-10-06/ranked-08-page2-provider.json,,not_selected_for_capture_plan
BCP,que tiempo demora una transferencia interbancaria,que tiempo demora una transferencia interbancaria,260,2,https://www.viabcp.com/otros-servicios/envios-nacionales/transferencias-interbancarias-diferidas,2026-09-17 05:29:36 +00:00,2026-08-11 12:22:49 +00:00,2026-10-06T19:22:42.646Z,10061922-1987-0381-0000-9919d76c08e4,research/pibank-expanded-2026-10-06/ranked-08-page2-provider.json,,not_selected_for_capture_plan
BCP,sacar informacion con numero de telefono,sacar informacion con numero de telefono,260,50,https://www.viabcp.com/ayuda-bcp/cuenta-de-ahorros/como-saber-numero-cuenta-ahorros-bcp-y-codigo-interbancario-cci,2026-09-15 14:58:38 +00:00,2026-09-20 17:55:58 +00:00,2026-10-06T19:22:42.646Z,10061922-1987-0381-0000-9919d76c08e4,research/pibank-expanded-2026-10-06/ranked-08-page2-provider.json,,not_selected_for_capture_plan
BCP,scotiabank plazo fijo simulador,scotiabank plazo fijo simulador,260,45,https://www.viabcp.com/inversiones/deposito-plazo-fijo,2026-09-13 01:06:34 +00:00,2026-08-14 10:21:46 +00:00,2026-10-06T19:22:42.646Z,10061922-1987-0381-0000-9919d76c08e4,research/pibank-expanded-2026-10-06/ranked-08-page2-provider.json,,not_selected_for_capture_plan
BCP,sedapal numero de telefono,sedapal numero de telefono,260,63,https://www.viabcp.com/ayuda-bcp/cuenta-de-ahorros/como-saber-numero-cuenta-ahorros-bcp-y-codigo-interbancario-cci,2026-09-13 07:41:17 +00:00,2026-09-20 16:48:01 +00:00,2026-10-06T19:22:42.646Z,10061922-1987-0381-0000-9919d76c08e4,research/pibank-expanded-2026-10-06/ranked-08-page2-provider.json,,not_selected_for_capture_plan
BCP,señal luces de emergencia,senal luces de emergencia,260,83,https://www.viabcp.com/blog-bcp/como-ahorrar-fondos-emergencia,2026-09-13 05:11:32 +00:00,2026-09-20 16:12:28 +00:00,2026-10-06T19:22:42.646Z,10061922-1987-0381-0000-9919d76c08e4,research/pibank-expanded-2026-10-06/ranked-08-page2-provider.json,,not_selected_for_capture_plan
BCP,simulador deposito a plazo fijo,simulador deposito a plazo fijo,260,14,https://www.viabcp.com/inversiones/deposito-plazo-fijo,2026-09-14 21:43:23 +00:00,2026-08-14 09:20:30 +00:00,2026-10-06T19:22:42.646Z,10061922-1987-0381-0000-9919d76c08e4,research/pibank-expanded-2026-10-06/ranked-08-page2-provider.json,,not_selected_for_capture_plan
BCP,simulador plazo fijo bcp,simulador plazo fijo bcp,260,1,https://www.viabcp.com/inversiones/deposito-plazo-fijo,2026-09-12 15:30:44 +00:00,2026-09-20 15:27:49 +00:00,2026-10-06T19:22:42.646Z,10061922-1987-0381-0000-9919d76c08e4,research/pibank-expanded-2026-10-06/ranked-08-page2-provider.json,,not_selected_for_capture_plan
BCP,sinónimos de trasladar,sinonimos de trasladar,260,37,https://www.viabcp.com/traslada-cuenta-sueldo,2026-09-14 20:54:33 +00:00,2026-09-20 14:35:15 +00:00,2026-10-06T19:22:42.646Z,10061922-1987-0381-0000-9919d76c08e4,research/pibank-expanded-2026-10-06/ranked-08-page2-provider.json,,not_selected_for_capture_plan
BCP,swift bancario,swift bancario,260,5,https://www.viabcp.com/empresas/comercio-exterior/pagos-internacionales/transferencias-del-exterior,2026-09-13 14:31:27 +00:00,2026-08-10 07:07:42 +00:00,2026-10-06T19:22:42.646Z,10061922-1987-0381-0000-9919d76c08e4,research/pibank-expanded-2026-10-06/ranked-08-page2-provider.json,,not_selected_for_capture_plan
BCP,swift bcp perú,swift bcp peru,260,1,https://www.viabcp.com/empresas/comercio-exterior/pagos-internacionales/transferencias-del-exterior,2026-09-16 17:49:47 +00:00,2026-08-14 07:41:30 +00:00,2026-10-06T19:22:42.646Z,10061922-1987-0381-0000-9919d76c08e4,research/pibank-expanded-2026-10-06/ranked-08-page2-provider.json,,not_selected_for_capture_plan
BCP,transferencia de fondos,transferencia de fondos,260,28,https://www.viabcp.com/otros-servicios/envios-nacionales/transferencias-interbancarias-diferidas,2026-09-14 11:18:43 +00:00,2026-08-10 05:14:33 +00:00,2026-10-06T19:22:42.646Z,10061922-1987-0381-0000-9919d76c08e4,research/pibank-expanded-2026-10-06/ranked-08-page2-provider.json,,not_selected_for_capture_plan
BCP,transferencia interbancaria interbank horario,transferencia interbancaria interbank horario,260,8,https://www.viabcp.com/otros-servicios/envios-nacionales/transferencias-interbancarias-diferidas,2026-09-12 13:10:56 +00:00,2026-09-20 08:23:24 +00:00,2026-10-06T19:22:42.646Z,10061922-1987-0381-0000-9919d76c08e4,research/pibank-expanded-2026-10-06/ranked-08-page2-provider.json,,not_selected_for_capture_plan
BCP,transferencias de fondos,transferencias de fondos,260,31,https://www.viabcp.com/otros-servicios/envios-nacionales/transferencias-interbancarias-diferidas,2026-09-16 23:14:46 +00:00,2026-08-10 04:59:13 +00:00,2026-10-06T19:22:42.646Z,10061922-1987-0381-0000-9919d76c08e4,research/pibank-expanded-2026-10-06/ranked-08-page2-provider.json,,not_selected_for_capture_plan
BCP,transferencias diferidas interbank,transferencias diferidas interbank,260,6,https://www.viabcp.com/otros-servicios/envios-nacionales/transferencias-interbancarias-diferidas,2026-09-12 16:20:22 +00:00,2026-08-10 05:14:25 +00:00,2026-10-06T19:22:42.646Z,10061922-1987-0381-0000-9919d76c08e4,research/pibank-expanded-2026-10-06/ranked-08-page2-provider.json,,not_selected_for_capture_plan
BCP,transferencias interbancarias interbank horarios,transferencias interbancarias interbank horarios,260,10,https://www.viabcp.com/otros-servicios/envios-nacionales/transferencias-interbancarias-diferidas,2026-09-15 05:18:53 +00:00,2026-08-10 04:59:14 +00:00,2026-10-06T19:22:42.646Z,10061922-1987-0381-0000-9919d76c08e4,research/pibank-expanded-2026-10-06/ranked-08-page2-provider.json,,not_selected_for_capture_plan
BCP,utilidades de empresas,utilidades de empresas,260,8,https://www.viabcp.com/blog-bcp/deposito-utilidades-como-funciona-ahorros,2026-09-17 00:55:58 +00:00,2026-08-10 04:16:05 +00:00,2026-10-06T19:22:42.646Z,10061922-1987-0381-0000-9919d76c08e4,research/pibank-expanded-2026-10-06/ranked-08-page2-provider.json,,not_selected_for_capture_plan
BCP,utilidades de una empresa,utilidades de una empresa,260,9,https://www.viabcp.com/blog-bcp/deposito-utilidades-como-funciona-ahorros,2026-09-17 10:48:08 +00:00,2026-09-20 06:50:33 +00:00,2026-10-06T19:22:42.646Z,10061922-1987-0381-0000-9919d76c08e4,research/pibank-expanded-2026-10-06/ranked-08-page2-provider.json,,not_selected_for_capture_plan
BCP,ver saldo entel perú,ver saldo entel peru,260,29,https://www.viabcp.com/ayuda-bcp/cuenta-de-ahorros/como-saber-saldo-cuenta-ahorros-bcp,2026-09-12 15:18:27 +00:00,2026-09-20 05:57:56 +00:00,2026-10-06T19:22:42.646Z,10061922-1987-0381-0000-9919d76c08e4,research/pibank-expanded-2026-10-06/ranked-08-page2-provider.json,,not_selected_for_capture_plan
BCP,web yape,web yape,260,10,https://www.viabcp.com/cuentas/cuenta-ahorro/cuenta-yape,2026-09-14 05:37:09 +00:00,2026-08-10 03:18:09 +00:00,2026-10-06T19:22:42.646Z,10061922-1987-0381-0000-9919d76c08e4,research/pibank-expanded-2026-10-06/ranked-08-page2-provider.json,,not_selected_for_capture_plan
BCP,yape online,yape online,260,4,https://www.viabcp.com/cuentas/cuenta-ahorro/cuenta-yape,2026-09-14 20:21:58 +00:00,2026-09-17 01:54:04 +00:00,2026-10-06T19:22:42.646Z,10061922-1987-0381-0000-9919d76c08e4,research/pibank-expanded-2026-10-06/ranked-08-page2-provider.json,,not_selected_for_capture_plan
BCP,8400 dolares a soles,8400 dolares a soles,210,9,https://www.viabcp.com/ayuda-bcp/cuenta-de-ahorros/se-puede-depositar-d%C3%B3lares-a-una-cuenta-soles-bcp,2026-09-13 23:42:40 +00:00,2026-08-22 02:12:18 +00:00,2026-10-06T19:22:42.646Z,10061922-1987-0381-0000-9919d76c08e4,research/pibank-expanded-2026-10-06/ranked-08-page2-provider.json,,not_selected_for_capture_plan
BCP,abrir cuenta cts,abrir cuenta cts,210,1,https://www.viabcp.com/cuentas/cuenta-sueldo/cuenta-cts-bcp,2026-09-17 07:36:03 +00:00,2026-09-27 14:27:37 +00:00,2026-10-06T19:22:42.646Z,10061922-1987-0381-0000-9919d76c08e4,research/pibank-expanded-2026-10-06/ranked-08-page2-provider.json,,not_selected_for_capture_plan
BCP,abrir cuenta cts interbank,abrir cuenta cts interbank,210,29,https://www.viabcp.com/cuentas/cuenta-sueldo/cuenta-cts-bcp,2026-09-15 22:17:28 +00:00,2026-09-27 14:27:11 +00:00,2026-10-06T19:22:42.646Z,10061922-1987-0381-0000-9919d76c08e4,research/pibank-expanded-2026-10-06/ranked-08-page2-provider.json,,not_selected_for_capture_plan
BCP,abrir cuenta de ahorros,abrir cuenta de ahorros,210,17,https://www.viabcp.com/cuentas/cuenta-ahorro?rfid=abrir-cuenta-digital:texto-blog:link:ahorro,2026-09-14 12:25:03 +00:00,2026-09-27 14:27:17 +00:00,2026-10-06T19:22:42.646Z,10061922-1987-0381-0000-9919d76c08e4,research/pibank-expanded-2026-10-06/ranked-08-page2-provider.json,G04,selected_exploratory_family
BCP,abrir cuenta en dolares bbva,abrir cuenta en dolares bbva,210,18,https://www.viabcp.com/cuenta-dolares,2026-09-15 23:10:56 +00:00,2026-08-14 00:27:22 +00:00,2026-10-06T19:22:42.646Z,10061922-1987-0381-0000-9919d76c08e4,research/pibank-expanded-2026-10-06/ranked-08-page2-provider.json,,not_selected_for_capture_plan
BCP,aceptamos yape,aceptamos yape,210,33,https://www.viabcp.com/cuentas/cuenta-ahorro/cuenta-yape,2026-09-17 22:02:58 +00:00,2026-09-23 15:53:25 +00:00,2026-10-06T19:22:42.646Z,10061922-1987-0381-0000-9919d76c08e4,research/pibank-expanded-2026-10-06/ranked-08-page2-provider.json,,not_selected_for_capture_plan
BCP,activar cuenta sueldo,activar cuenta sueldo,210,7,https://www.viabcp.com/cuenta-sueldo-bcp,2026-09-12 10:43:57 +00:00,2026-09-27 14:06:43 +00:00,2026-10-06T19:22:42.646Z,10061922-1987-0381-0000-9919d76c08e4,research/pibank-expanded-2026-10-06/ranked-08-page2-provider.json,,not_selected_for_capture_plan
BCP,apertura cuenta cts bcp,apertura cuenta cts bcp,210,1,https://www.viabcp.com/cuentas/cuenta-sueldo/cuenta-cts-bcp,2026-09-14 21:05:32 +00:00,2026-08-21 22:21:26 +00:00,2026-10-06T19:22:42.646Z,10061922-1987-0381-0000-9919d76c08e4,research/pibank-expanded-2026-10-06/ranked-08-page2-provider.json,,not_selected_for_capture_plan
BCP,banbif deposito a plazo fijo,banbif deposito a plazo fijo,210,55,https://www.viabcp.com/blog-bcp/que-es-deposito-plazo-fijo-inversion,2026-09-15 01:31:47 +00:00,2026-08-21 20:03:17 +00:00,2026-10-06T19:22:42.646Z,10061922-1987-0381-0000-9919d76c08e4,research/pibank-expanded-2026-10-06/ranked-08-page2-provider.json,,not_selected_for_capture_plan
BCP,banco de la nacion cuenta de ahorros,banco de la nacion cuenta de ahorros,210,57,https://www.viabcp.com/cuentas/cuenta-ahorro,2026-09-16 13:58:49 +00:00,2026-09-27 06:39:35 +00:00,2026-10-06T19:22:42.646Z,10061922-1987-0381-0000-9919d76c08e4,research/pibank-expanded-2026-10-06/ranked-08-page2-provider.json,,not_selected_for_capture_plan
BCP,bcp abrir cuenta digital,bcp abrir cuenta digital,210,1,https://www.viabcp.com/cuentas/cuenta-ahorro/cuenta-digital-bcp,2026-09-14 01:25:44 +00:00,2026-08-21 19:26:05 +00:00,2026-10-06T19:22:42.646Z,10061922-1987-0381-0000-9919d76c08e4,research/pibank-expanded-2026-10-06/ranked-08-page2-provider.json,B01,selected_exploratory_family
BCP,bcp ganadores,bcp ganadores,210,1,https://www.viabcp.com/promos-ahorros-bcp,2026-09-17 13:42:20 +00:00,2026-09-27 05:29:20 +00:00,2026-10-06T19:22:42.646Z,10061922-1987-0381-0000-9919d76c08e4,research/pibank-expanded-2026-10-06/ranked-08-page2-provider.json,,not_selected_for_capture_plan
BCP,calculadora plazo fijo,calculadora plazo fijo,210,11,https://www.viabcp.com/inversiones/deposito-plazo-fijo,2026-09-13 08:39:48 +00:00,2026-08-17 21:07:22 +00:00,2026-10-06T19:22:42.646Z,10061922-1987-0381-0000-9919d76c08e4,research/pibank-expanded-2026-10-06/ranked-08-page2-provider.json,,not_selected_for_capture_plan
BCP,cambiar correo de yape,cambiar correo de yape,210,11,https://www.viabcp.com/ayuda-bcp/cuenta-de-ahorros/como-actualizar-correo-celular-asociado-cuenta-ahorro-bcp,2026-09-17 05:43:03 +00:00,2026-08-17 20:27:37 +00:00,2026-10-06T19:22:42.646Z,10061922-1987-0381-0000-9919d76c08e4,research/pibank-expanded-2026-10-06/ranked-08-page2-provider.json,,not_selected_for_capture_plan
BCP,certificado bancario interbank,certificado bancario interbank,210,27,https://www.viabcp.com/inversiones/deposito-plazo-fijo/certificados-bancarios,2026-09-15 02:36:42 +00:00,2026-08-17 18:09:49 +00:00,2026-10-06T19:22:42.646Z,10061922-1987-0381-0000-9919d76c08e4,research/pibank-expanded-2026-10-06/ranked-08-page2-provider.json,,not_selected_for_capture_plan
BCP,cheques al portador,cheques al portador,210,18,https://www.viabcp.com/informacion/todo-sobre-cuentas,2026-09-12 06:03:59 +00:00,2026-08-13 14:16:51 +00:00,2026-10-06T19:22:42.646Z,10061922-1987-0381-0000-9919d76c08e4,research/pibank-expanded-2026-10-06/ranked-08-page2-provider.json,,not_selected_for_capture_plan
BCP,codigo de swift bcp,codigo de swift bcp,210,1,https://www.viabcp.com/empresas/comercio-exterior/pagos-internacionales/transferencias-del-exterior,2026-09-15 08:07:58 +00:00,2026-08-13 12:59:32 +00:00,2026-10-06T19:22:42.646Z,10061922-1987-0381-0000-9919d76c08e4,research/pibank-expanded-2026-10-06/ranked-08-page2-provider.json,,not_selected_for_capture_plan
BCP,como cambiar correo de yape,como cambiar correo de yape,210,14,https://www.viabcp.com/ayuda-bcp/cuenta-de-ahorros/como-actualizar-correo-celular-asociado-cuenta-ahorro-bcp,2026-09-13 11:10:56 +00:00,2026-08-17 15:38:29 +00:00,2026-10-06T19:22:42.646Z,10061922-1987-0381-0000-9919d76c08e4,research/pibank-expanded-2026-10-06/ranked-08-page2-provider.json,,not_selected_for_capture_plan
BCP,como eliminar una cuenta de bcp en mi celular,como eliminar una cuenta de bcp en mi celular,210,1,https://www.viabcp.com/ayuda-bcp/cuenta-de-ahorros/como-elimino-mi-cuenta-ahorros-bcp,2026-09-15 17:08:40 +00:00,2026-09-26 19:24:01 +00:00,2026-10-06T19:22:42.646Z,10061922-1987-0381-0000-9919d76c08e4,research/pibank-expanded-2026-10-06/ranked-08-page2-provider.json,,not_selected_for_capture_plan
BCP,como saber si espían mi celular,como saber si espian mi celular,210,33,https://www.viabcp.com/ayuda-bcp/cuenta-de-ahorros/como-saber-saldo-cuenta-ahorros-bcp,2026-09-17 23:27:30 +00:00,2026-09-23 00:01:57 +00:00,2026-10-06T19:22:42.646Z,10061922-1987-0381-0000-9919d76c08e4,research/pibank-expanded-2026-10-06/ranked-08-page2-provider.json,,not_selected_for_capture_plan
BCP,como saber si tengo utilidades por cobrar perú,como saber si tengo utilidades por cobrar peru,210,18,https://www.viabcp.com/blog-bcp/deposito-utilidades-como-funciona-ahorros,2026-09-17 01:38:25 +00:00,2026-09-26 18:54:32 +00:00,2026-10-06T19:22:42.646Z,10061922-1987-0381-0000-9919d76c08e4,research/pibank-expanded-2026-10-06/ranked-08-page2-provider.json,,not_selected_for_capture_plan
BCP,como saber tu numero de cuenta bcp,como saber tu numero de cuenta bcp,210,1,https://www.viabcp.com/ayuda-bcp/cuenta-de-ahorros/como-saber-numero-cuenta-ahorros-bcp-y-codigo-interbancario-cci,2026-09-13 19:00:49 +00:00,2026-08-17 14:55:54 +00:00,2026-10-06T19:22:42.646Z,10061922-1987-0381-0000-9919d76c08e4,research/pibank-expanded-2026-10-06/ranked-08-page2-provider.json,,not_selected_for_capture_plan
BCP,como sacar numero de cuenta bcp,como sacar numero de cuenta bcp,210,1,https://www.viabcp.com/ayuda-bcp/cuenta-de-ahorros/como-saber-numero-cuenta-ahorros-bcp-y-codigo-interbancario-cci,2026-09-16 05:35:50 +00:00,2026-08-17 14:55:51 +00:00,2026-10-06T19:22:42.646Z,10061922-1987-0381-0000-9919d76c08e4,research/pibank-expanded-2026-10-06/ranked-08-page2-provider.json,,not_selected_for_capture_plan
BCP,como sacar número de cuenta bcp,como sacar numero de cuenta bcp,210,1,https://www.viabcp.com/ayuda-bcp/cuenta-de-ahorros/como-saber-numero-cuenta-ahorros-bcp-y-codigo-interbancario-cci,2026-09-16 22:11:39 +00:00,2026-09-26 18:50:17 +00:00,2026-10-06T19:22:42.646Z,10061922-1987-0381-0000-9919d76c08e4,research/pibank-expanded-2026-10-06/ranked-08-page2-provider.json,,not_selected_for_capture_plan
BCP,como sacar yape,como sacar yape,210,16,https://www.viabcp.com/cuentas/cuenta-ahorro/cuenta-yape,2026-09-12 18:24:40 +00:00,2026-09-26 18:50:52 +00:00,2026-10-06T19:22:42.646Z,10061922-1987-0381-0000-9919d76c08e4,research/pibank-expanded-2026-10-06/ranked-08-page2-provider.json,,not_selected_for_capture_plan
BCP,como sacar yape con dni,como sacar yape con dni,210,18,https://www.viabcp.com/cuentas/cuenta-ahorro/cuenta-yape,2026-09-17 06:16:02 +00:00,2026-09-26 18:36:48 +00:00,2026-10-06T19:22:42.646Z,10061922-1987-0381-0000-9919d76c08e4,research/pibank-expanded-2026-10-06/ranked-08-page2-provider.json,,not_selected_for_capture_plan
BCP,como transferir,como transferir,210,5,https://www.viabcp.com/ayuda-bcp/operaciones-digitales/como-realizo-transferencias-entre-cuentas-propias-o-terceros,2026-09-15 03:39:17 +00:00,2026-08-17 14:16:50 +00:00,2026-10-06T19:22:42.646Z,10061922-1987-0381-0000-9919d76c08e4,research/pibank-expanded-2026-10-06/ranked-08-page2-provider.json,,not_selected_for_capture_plan
BCP,constancia de cuenta bancaria bcp,constancia de cuenta bancaria bcp,210,1,https://www.viabcp.com/inversiones/deposito-plazo-fijo/certificados-bancarios,2026-09-17 08:07:27 +00:00,2026-08-31 21:21:07 +00:00,2026-10-06T19:22:42.646Z,10061922-1987-0381-0000-9919d76c08e4,research/pibank-expanded-2026-10-06/ranked-08-page2-provider.json,,not_selected_for_capture_plan
BCP,consultar mi cts bcp,consultar mi cts bcp,210,1,https://www.viabcp.com/cuentas/cuenta-sueldo/cuenta-cts-bcp,2026-09-12 15:51:13 +00:00,2026-08-17 12:03:39 +00:00,2026-10-06T19:22:42.646Z,10061922-1987-0381-0000-9919d76c08e4,research/pibank-expanded-2026-10-06/ranked-08-page2-provider.json,,not_selected_for_capture_plan
BCP,consultas de saldos,consultas de saldos,210,9,https://www.viabcp.com/ayuda-bcp/cuenta-de-ahorros/como-saber-saldo-cuenta-ahorros-bcp,2026-09-12 07:13:48 +00:00,2026-08-17 12:12:52 +00:00,2026-10-06T19:22:42.646Z,10061922-1987-0381-0000-9919d76c08e4,research/pibank-expanded-2026-10-06/ranked-08-page2-provider.json,,not_selected_for_capture_plan
BCP,crear cuenta de yape,crear cuenta de yape,210,16,https://www.viabcp.com/cuentas/cuenta-ahorro/cuenta-yape,2026-09-17 01:51:23 +00:00,2026-09-02 14:04:12 +00:00,2026-10-06T19:22:42.646Z,10061922-1987-0381-0000-9919d76c08e4,research/pibank-expanded-2026-10-06/ranked-08-page2-provider.json,,not_selected_for_capture_plan
BCP,cts bcp consulta con dni,cts bcp consulta con dni,210,1,https://www.viabcp.com/cuentas/cuenta-sueldo/cuenta-cts-bcp,2026-09-14 21:42:23 +00:00,2026-09-26 15:37:59 +00:00,2026-10-06T19:22:42.646Z,10061922-1987-0381-0000-9919d76c08e4,research/pibank-expanded-2026-10-06/ranked-08-page2-provider.json,,not_selected_for_capture_plan
BCP,cts falabella,cts falabella,210,35,https://www.viabcp.com/cuentas/cuenta-sueldo/cuenta-cts-bcp,2026-09-15 01:05:44 +00:00,2026-08-13 10:20:27 +00:00,2026-10-06T19:22:42.646Z,10061922-1987-0381-0000-9919d76c08e4,research/pibank-expanded-2026-10-06/ranked-08-page2-provider.json,,not_selected_for_capture_plan
BCP,cual es la función de la flor,cual es la funcion de la flor,210,63,https://www.viabcp.com/ayuda-bcp/cuenta-de-ahorros/como-saber-numero-cuenta-ahorros-bcp-y-codigo-interbancario-cci,2026-09-17 14:12:24 +00:00,2026-09-22 22:46:47 +00:00,2026-10-06T19:22:42.646Z,10061922-1987-0381-0000-9919d76c08e4,research/pibank-expanded-2026-10-06/ranked-08-page2-provider.json,,not_selected_for_capture_plan
BCP,cuales son las normas apa,cuales son las normas apa,210,18,https://www.viabcp.com/ayuda-bcp/cuenta-de-ahorros/cuales-son-los-tipos-de-cuentas-de-ahorros,2026-09-17 13:08:19 +00:00,2026-09-22 22:54:06 +00:00,2026-10-06T19:22:42.646Z,10061922-1987-0381-0000-9919d76c08e4,research/pibank-expanded-2026-10-06/ranked-08-page2-provider.json,,not_selected_for_capture_plan
BCP,cuanto demora una transferencia interbancaria de scotiabank a bcp,cuanto demora una transferencia interbancaria de scotiabank a bcp,210,5,https://www.viabcp.com/otros-servicios/envios-nacionales/transferencias-interbancarias-diferidas,2026-09-12 13:59:56 +00:00,2026-09-26 15:06:37 +00:00,2026-10-06T19:22:42.646Z,10061922-1987-0381-0000-9919d76c08e4,research/pibank-expanded-2026-10-06/ranked-08-page2-provider.json,,not_selected_for_capture_plan
BCP,cuenta corriente bcp persona jurídica,cuenta corriente bcp persona juridica,210,1,https://www.viabcp.com/empresas/cuentas/cuenta-corriente/persona-juridica,2026-09-13 11:02:36 +00:00,2026-08-13 09:53:08 +00:00,2026-10-06T19:22:42.646Z,10061922-1987-0381-0000-9919d76c08e4,research/pibank-expanded-2026-10-06/ranked-08-page2-provider.json,,not_selected_for_capture_plan
BCP,cuenta de ahorro con intereses,cuenta de ahorro con intereses,210,9,https://www.viabcp.com/ayuda-bcp/cuenta-de-ahorros/cuales-son-los-tipos-de-cuentas-de-ahorros,2026-09-13 19:50:52 +00:00,2026-08-17 06:44:23 +00:00,2026-10-06T19:22:42.646Z,10061922-1987-0381-0000-9919d76c08e4,research/pibank-expanded-2026-10-06/ranked-08-page2-provider.json,G02,selected_exploratory_family
BCP,cuenta de ahorro digital,cuenta de ahorro digital,210,2,https://www.viabcp.com/cuentas/cuenta-ahorro/cuenta-digital-bcp,2026-09-14 09:06:25 +00:00,2026-08-17 10:02:50 +00:00,2026-10-06T19:22:42.646Z,10061922-1987-0381-0000-9919d76c08e4,research/pibank-expanded-2026-10-06/ranked-08-page2-provider.json,C02,selected_exploratory_family
BCP,cuenta de ahorro en dolares,cuenta de ahorro en dolares,210,4,https://www.viabcp.com/blog-bcp/abrir-cuenta-dolares-bcp,2026-09-14 11:48:54 +00:00,2026-09-26 14:56:35 +00:00,2026-10-06T19:22:42.646Z,10061922-1987-0381-0000-9919d76c08e4,research/pibank-expanded-2026-10-06/ranked-08-page2-provider.json,,not_selected_for_capture_plan
BCP,cuenta de ahorros digital,cuenta de ahorros digital,210,3,https://www.viabcp.com/cuentas/cuenta-ahorro,2026-09-13 08:03:53 +00:00,2026-08-17 09:56:36 +00:00,2026-10-06T19:22:42.646Z,10061922-1987-0381-0000-9919d76c08e4,research/pibank-expanded-2026-10-06/ranked-08-page2-provider.json,C02,selected_exploratory_family
BCP,cuenta de banco,cuenta de banco,210,3,https://www.viabcp.com/cuentas,2026-09-15 07:03:54 +00:00,2026-09-26 14:54:22 +00:00,2026-10-06T19:22:42.646Z,10061922-1987-0381-0000-9919d76c08e4,research/pibank-expanded-2026-10-06/ranked-08-page2-provider.json,,not_selected_for_capture_plan
BCP,cuenta de haberes que es,cuenta de haberes que es,210,1,https://www.viabcp.com/blog-bcp/diferencia-cuenta-sueldo-ahorros,2026-09-14 05:26:21 +00:00,2026-08-17 09:57:31 +00:00,2026-10-06T19:22:42.646Z,10061922-1987-0381-0000-9919d76c08e4,research/pibank-expanded-2026-10-06/ranked-08-page2-provider.json,,not_selected_for_capture_plan
BCP,cuenta en euros,cuenta en euros,210,26,https://www.viabcp.com/ayuda-bcp/cuenta-de-ahorros/cuales-son-los-tipos-de-cuentas-de-ahorros,2026-09-13 09:14:03 +00:00,2026-09-26 14:54:30 +00:00,2026-10-06T19:22:42.646Z,10061922-1987-0381-0000-9919d76c08e4,research/pibank-expanded-2026-10-06/ranked-08-page2-provider.json,,not_selected_for_capture_plan
BCP,cuenta intangible bcp,cuenta intangible bcp,210,1,https://www.viabcp.com/cuentas/cuenta-afp,2026-09-16 04:16:59 +00:00,2026-09-26 14:41:14 +00:00,2026-10-06T19:22:42.646Z,10061922-1987-0381-0000-9919d76c08e4,research/pibank-expanded-2026-10-06/ranked-08-page2-provider.json,,not_selected_for_capture_plan
BCP,cuentas de ahorros con intereses,cuentas de ahorros con intereses,210,12,https://www.viabcp.com/blog-bcp/como-elegir-cuenta-ahorro-tipos,2026-09-14 10:59:41 +00:00,2026-08-17 06:39:58 +00:00,2026-10-06T19:22:42.646Z,10061922-1987-0381-0000-9919d76c08e4,research/pibank-expanded-2026-10-06/ranked-08-page2-provider.json,G02,selected_exploratory_family
BCP,cuentas de ahorros digitales,cuentas de ahorros digitales,210,9,https://www.viabcp.com/ayuda-bcp/cuenta-de-ahorros/cuales-son-los-tipos-de-cuentas-de-ahorros,2026-09-16 07:59:24 +00:00,2026-08-17 06:40:23 +00:00,2026-10-06T19:22:42.646Z,10061922-1987-0381-0000-9919d76c08e4,research/pibank-expanded-2026-10-06/ranked-08-page2-provider.json,C02,selected_exploratory_family
BCP,cuentas de banco,cuentas de banco,210,1,https://www.viabcp.com/cuentas,2026-09-14 09:32:20 +00:00,2026-09-26 14:41:11 +00:00,2026-10-06T19:22:42.646Z,10061922-1987-0381-0000-9919d76c08e4,research/pibank-expanded-2026-10-06/ranked-08-page2-provider.json,,not_selected_for_capture_plan
BCP,cuentas de bancos,cuentas de bancos,210,10,https://www.viabcp.com/cuentas,2026-09-16 20:21:11 +00:00,2026-08-17 10:03:41 +00:00,2026-10-06T19:22:42.646Z,10061922-1987-0381-0000-9919d76c08e4,research/pibank-expanded-2026-10-06/ranked-08-page2-provider.json,,not_selected_for_capture_plan
BCP,código swift banco de la nacion,codigo swift banco de la nacion,210,21,https://www.viabcp.com/empresas/comercio-exterior/pagos-internacionales/transferencias-del-exterior,2026-09-16 19:32:09 +00:00,2026-09-26 13:54:35 +00:00,2026-10-06T19:22:42.646Z,10061922-1987-0381-0000-9919d76c08e4,research/pibank-expanded-2026-10-06/ranked-08-page2-provider.json,,not_selected_for_capture_plan
BCP,cómo recuperar cuenta de yape,como recuperar cuenta de yape,210,35,https://www.viabcp.com/cuentas/cuenta-ahorro/cuenta-yape,2026-09-17 22:02:58 +00:00,2026-09-26 13:22:43 +00:00,2026-10-06T19:22:42.646Z,10061922-1987-0381-0000-9919d76c08e4,research/pibank-expanded-2026-10-06/ranked-08-page2-provider.json,,not_selected_for_capture_plan
BCP,cómo transferir,como transferir,210,1,https://www.viabcp.com/ayuda-bcp/operaciones-digitales/como-realizo-transferencias-entre-cuentas-propias-o-terceros,2026-09-15 16:37:39 +00:00,2026-08-17 04:15:41 +00:00,2026-10-06T19:22:42.646Z,10061922-1987-0381-0000-9919d76c08e4,research/pibank-expanded-2026-10-06/ranked-08-page2-provider.json,,not_selected_for_capture_plan
BCP,deposito a plazo fijo bcp tasa de interes,deposito a plazo fijo bcp tasa de interes,210,1,https://www.viabcp.com/inversiones/deposito-plazo-fijo,2026-09-14 20:07:34 +00:00,2026-09-26 11:55:12 +00:00,2026-10-06T19:22:42.646Z,10061922-1987-0381-0000-9919d76c08e4,research/pibank-expanded-2026-10-06/ranked-08-page2-provider.json,,not_selected_for_capture_plan
BCP,depósito a plazo fijo bcp tasa de interés,deposito a plazo fijo bcp tasa de interes,210,1,https://www.viabcp.com/inversiones/deposito-plazo-fijo,2026-09-13 06:56:47 +00:00,2026-09-26 11:41:42 +00:00,2026-10-06T19:22:42.646Z,10061922-1987-0381-0000-9919d76c08e4,research/pibank-expanded-2026-10-06/ranked-08-page2-provider.json,,not_selected_for_capture_plan
BCP,diferencia entre cuenta corriente y cuenta de ahorros bcp,diferencia entre cuenta corriente y cuenta de ahorros bcp,210,1,https://www.viabcp.com/cuentas,2026-09-13 19:31:46 +00:00,2026-09-26 10:07:45 +00:00,2026-10-06T19:22:42.646Z,10061922-1987-0381-0000-9919d76c08e4,research/pibank-expanded-2026-10-06/ranked-08-page2-provider.json,,not_selected_for_capture_plan
BCP,direccion del bcp,direccion del bcp,210,1,https://www.viabcp.com/empresas/comercio-exterior/pagos-internacionales/transferencias-del-exterior,2026-09-14 20:42:47 +00:00,2026-09-26 10:05:13 +00:00,2026-10-06T19:22:42.646Z,10061922-1987-0381-0000-9919d76c08e4,research/pibank-expanded-2026-10-06/ranked-08-page2-provider.json,,not_selected_for_capture_plan
BCP,donde invertir mi dinero en peru,donde invertir mi dinero en peru,210,11,https://www.viabcp.com/blog-bcp/donde-colocar-primeros-ahorros,2026-09-15 06:46:57 +00:00,2026-08-16 22:15:39 +00:00,2026-10-06T19:22:42.646Z,10061922-1987-0381-0000-9919d76c08e4,research/pibank-expanded-2026-10-06/ranked-08-page2-provider.json,,not_selected_for_capture_plan
BCP,donde invertir mi dinero peru,donde invertir mi dinero peru,210,10,https://www.viabcp.com/blog-bcp/donde-colocar-primeros-ahorros,2026-09-13 16:27:35 +00:00,2026-07-07 16:00:09 +00:00,2026-10-06T19:22:42.646Z,10061922-1987-0381-0000-9919d76c08e4,research/pibank-expanded-2026-10-06/ranked-08-page2-provider.json,,not_selected_for_capture_plan
BCP,donde veo mi numero de cuenta bcp,donde veo mi numero de cuenta bcp,210,1,https://www.viabcp.com/ayuda-bcp/cuenta-de-ahorros/como-saber-numero-cuenta-ahorros-bcp-y-codigo-interbancario-cci,2026-09-13 17:18:53 +00:00,2026-08-16 22:09:48 +00:00,2026-10-06T19:22:42.646Z,10061922-1987-0381-0000-9919d76c08e4,research/pibank-expanded-2026-10-06/ranked-08-page2-provider.json,,not_selected_for_capture_plan
BCP,economia familiar,economia familiar,210,6,https://www.viabcp.com/blog-bcp/por-que-ahorrar-invertir-familia,2026-09-15 14:24:52 +00:00,2026-09-26 08:27:32 +00:00,2026-10-06T19:22:42.646Z,10061922-1987-0381-0000-9919d76c08e4,research/pibank-expanded-2026-10-06/ranked-08-page2-provider.json,,not_selected_for_capture_plan
BCP,eliminar cuenta yape con tarjeta,eliminar cuenta yape con tarjeta,210,20,https://www.viabcp.com/cuentas/cuenta-ahorro/cuenta-yape,2026-09-12 04:42:44 +00:00,2026-09-26 06:42:06 +00:00,2026-10-06T19:22:42.646Z,10061922-1987-0381-0000-9919d76c08e4,research/pibank-expanded-2026-10-06/ranked-08-page2-provider.json,,not_selected_for_capture_plan
BCP,franco navarro hijos,franco navarro hijos,210,85,https://www.viabcp.com/blog-bcp/como-ahorrar-educacion-hijos-inversion,2026-09-17 18:26:03 +00:00,2026-09-22 07:04:17 +00:00,2026-10-06T19:22:42.646Z,10061922-1987-0381-0000-9919d76c08e4,research/pibank-expanded-2026-10-06/ranked-08-page2-provider.json,,not_selected_for_capture_plan
BCP,instalar yape con dni,instalar yape con dni,210,32,https://www.viabcp.com/cuentas/cuenta-ahorro/cuenta-yape,2026-09-16 01:41:12 +00:00,2026-08-29 07:35:49 +00:00,2026-10-06T19:22:42.646Z,10061922-1987-0381-0000-9919d76c08e4,research/pibank-expanded-2026-10-06/ranked-08-page2-provider.json,,not_selected_for_capture_plan
BCP,intereses de los bancos,intereses de los bancos,210,17,https://www.viabcp.com/inversiones/deposito-plazo-fijo/pago-de-intereses-mensuales,2026-09-15 19:48:23 +00:00,2026-08-16 02:36:09 +00:00,2026-10-06T19:22:42.646Z,10061922-1987-0381-0000-9919d76c08e4,research/pibank-expanded-2026-10-06/ranked-08-page2-provider.json,,not_selected_for_capture_plan
BCP,interés de cuenta de ahorro,interes de cuenta de ahorro,210,11,https://www.viabcp.com/blog-bcp/como-elegir-cuenta-ahorro-tipos,2026-09-12 11:55:49 +00:00,2026-09-25 17:14:44 +00:00,2026-10-06T19:22:42.646Z,10061922-1987-0381-0000-9919d76c08e4,research/pibank-expanded-2026-10-06/ranked-08-page2-provider.json,G02,selected_exploratory_family
BCP,largo plazo,largo plazo,210,56,https://www.viabcp.com/blog-bcp/que-es-deposito-plazo-fijo-inversion,2026-09-13 14:34:33 +00:00,2026-08-12 18:48:36 +00:00,2026-10-06T19:22:42.646Z,10061922-1987-0381-0000-9919d76c08e4,research/pibank-expanded-2026-10-06/ranked-08-page2-provider.json,,not_selected_for_capture_plan
BCP,me depositaron y no aparece en mi cuenta bcp,me depositaron y no aparece en mi cuenta bcp,210,1,https://www.viabcp.com/ayuda-bcp/tarjetas/no-llega-estado-de-cuenta-a-correo-tarjeta-de-credito,2026-09-15 13:05:31 +00:00,2026-08-15 17:20:15 +00:00,2026-10-06T19:22:42.646Z,10061922-1987-0381-0000-9919d76c08e4,research/pibank-expanded-2026-10-06/ranked-08-page2-provider.json,,not_selected_for_capture_plan
BCP,mejor cuenta de ahorros,mejor cuenta de ahorros,210,9,https://www.viabcp.com/blog-bcp/como-elegir-cuenta-ahorro-tipos,2026-09-14 06:33:41 +00:00,2026-07-07 02:33:36 +00:00,2026-10-06T19:22:42.646Z,10061922-1987-0381-0000-9919d76c08e4,research/pibank-expanded-2026-10-06/ranked-08-page2-provider.json,G03,selected_exploratory_family
BCP,mejores cuentas de ahorro,mejores cuentas de ahorro,210,14,https://www.viabcp.com/blog-bcp/como-elegir-cuenta-ahorro-tipos,2026-09-15 09:00:49 +00:00,2026-09-25 09:24:03 +00:00,2026-10-06T19:22:42.646Z,10061922-1987-0381-0000-9919d76c08e4,research/pibank-expanded-2026-10-06/ranked-08-page2-provider.json,G03,selected_exploratory_family
BCP,mi número de cuenta,mi numero de cuenta,210,1,https://www.viabcp.com/ayuda-bcp/cuenta-de-ahorros/como-saber-numero-cuenta-ahorros-bcp-y-codigo-interbancario-cci,2026-09-17 15:47:09 +00:00,2026-09-25 08:33:03 +00:00,2026-10-06T19:22:42.646Z,10061922-1987-0381-0000-9919d76c08e4,research/pibank-expanded-2026-10-06/ranked-08-page2-provider.json,,not_selected_for_capture_plan
BCP,mi yape,mi yape,210,16,https://www.viabcp.com/cuentas/cuenta-ahorro/cuenta-yape,2026-09-17 07:30:13 +00:00,2026-08-15 14:41:34 +00:00,2026-10-06T19:22:42.646Z,10061922-1987-0381-0000-9919d76c08e4,research/pibank-expanded-2026-10-06/ranked-08-page2-provider.json,,not_selected_for_capture_plan
BCP,monto maximo de transferencia bcp,monto maximo de transferencia bcp,210,1,https://www.viabcp.com/ayuda-bcp/banca-movil/cual-monto-maximo-transferencias-bcp,2026-09-17 19:55:59 +00:00,2026-09-21 13:08:57 +00:00,2026-10-06T19:22:42.646Z,10061922-1987-0381-0000-9919d76c08e4,research/pibank-expanded-2026-10-06/ranked-08-page2-provider.json,,not_selected_for_capture_plan
BCP,monto maximo de transferencia por app bcp,monto maximo de transferencia por app bcp,210,1,https://www.viabcp.com/ayuda-bcp/banca-movil/cual-monto-maximo-transferencias-bcp,2026-09-17 23:17:39 +00:00,2026-08-15 11:25:20 +00:00,2026-10-06T19:22:42.646Z,10061922-1987-0381-0000-9919d76c08e4,research/pibank-expanded-2026-10-06/ranked-08-page2-provider.json,,not_selected_for_capture_plan
BCP,monto máximo de transferencia bcp,monto maximo de transferencia bcp,210,1,https://www.viabcp.com/ayuda-bcp/banca-movil/cual-monto-maximo-transferencias-bcp,2026-09-16 01:48:54 +00:00,2026-09-21 13:20:18 +00:00,2026-10-06T19:22:42.646Z,10061922-1987-0381-0000-9919d76c08e4,research/pibank-expanded-2026-10-06/ranked-08-page2-provider.json,,not_selected_for_capture_plan
BCP,monto máximo de transferencia por app bcp,monto maximo de transferencia por app bcp,210,1,https://www.viabcp.com/ayuda-bcp/banca-movil/cual-monto-maximo-transferencias-bcp,2026-09-12 02:18:18 +00:00,2026-08-15 11:31:01 +00:00,2026-10-06T19:22:42.646Z,10061922-1987-0381-0000-9919d76c08e4,research/pibank-expanded-2026-10-06/ranked-08-page2-provider.json,,not_selected_for_capture_plan
BCP,numero de pronabec,numero de pronabec,210,64,https://www.viabcp.com/ayuda-bcp/cuenta-de-ahorros/como-saber-numero-cuenta-ahorros-bcp-y-codigo-interbancario-cci,2026-09-17 08:30:47 +00:00,2026-09-21 10:49:43 +00:00,2026-10-06T19:22:42.646Z,10061922-1987-0381-0000-9919d76c08e4,research/pibank-expanded-2026-10-06/ranked-08-page2-provider.json,,not_selected_for_capture_plan
BCP,pagar mensualmente,pagar mensualmente,210,9,https://www.viabcp.com/inversiones/deposito-plazo-fijo/pago-de-intereses-mensuales,2026-09-12 01:56:19 +00:00,2026-09-25 04:05:05 +00:00,2026-10-06T19:22:42.646Z,10061922-1987-0381-0000-9919d76c08e4,research/pibank-expanded-2026-10-06/ranked-08-page2-provider.json,,not_selected_for_capture_plan
BCP,pago de utilidades 2025,pago de utilidades 2025,210,15,https://www.viabcp.com/blog-bcp/deposito-utilidades-como-funciona-ahorros,2026-09-15 07:02:14 +00:00,2026-08-14 22:27:28 +00:00,2026-10-06T19:22:42.646Z,10061922-1987-0381-0000-9919d76c08e4,research/pibank-expanded-2026-10-06/ranked-08-page2-provider.json,,not_selected_for_capture_plan
BCP,pago mensual,pago mensual,210,7,https://www.viabcp.com/inversiones/deposito-plazo-fijo/pago-de-intereses-mensuales,2026-09-13 19:58:30 +00:00,2026-09-25 04:04:59 +00:00,2026-10-06T19:22:42.646Z,10061922-1987-0381-0000-9919d76c08e4,research/pibank-expanded-2026-10-06/ranked-08-page2-provider.json,,not_selected_for_capture_plan
BCP,pagos mensuales,pagos mensuales,210,9,https://www.viabcp.com/inversiones/deposito-plazo-fijo/pago-de-intereses-mensuales,2026-09-16 04:14:20 +00:00,2026-08-14 22:25:30 +00:00,2026-10-06T19:22:42.646Z,10061922-1987-0381-0000-9919d76c08e4,research/pibank-expanded-2026-10-06/ranked-08-page2-provider.json,,not_selected_for_capture_plan
BCP,plazo fijo bancos,plazo fijo bancos,210,27,https://www.viabcp.com/inversiones/deposito-plazo-fijo,2026-09-17 11:37:59 +00:00,2026-09-21 04:44:52 +00:00,2026-10-06T19:22:42.646Z,10061922-1987-0381-0000-9919d76c08e4,research/pibank-expanded-2026-10-06/ranked-08-page2-provider.json,,not_selected_for_capture_plan
BCP,plazo fijo peru,plazo fijo peru,210,27,https://www.viabcp.com/inversiones/deposito-plazo-fijo/pago-de-intereses-mensuales,2026-09-15 12:03:08 +00:00,2026-09-24 22:33:47 +00:00,2026-10-06T19:22:42.646Z,10061922-1987-0381-0000-9919d76c08e4,research/pibank-expanded-2026-10-06/ranked-08-page2-provider.json,,not_selected_for_capture_plan
BCP,porque no puedo crear mi cuenta yape con dni,porque no puedo crear mi cuenta yape con dni,210,34,https://www.viabcp.com/cuentas/cuenta-ahorro/cuenta-yape,2026-09-14 04:31:37 +00:00,2026-09-24 21:56:19 +00:00,2026-10-06T19:22:42.646Z,10061922-1987-0381-0000-9919d76c08e4,research/pibank-expanded-2026-10-06/ranked-08-page2-provider.json,,not_selected_for_capture_plan
BCP,portador cheque,portador cheque,210,15,https://www.viabcp.com/informacion/todo-sobre-cuentas,2026-09-16 07:19:31 +00:00,2026-08-11 14:50:28 +00:00,2026-10-06T19:22:42.646Z,10061922-1987-0381-0000-9919d76c08e4,research/pibank-expanded-2026-10-06/ranked-08-page2-provider.json,,not_selected_for_capture_plan
BCP,que es cuenta digital bcp,que es cuenta digital bcp,210,1,https://www.viabcp.com/cuentas/cuenta-ahorro/cuenta-digital-bcp,2026-09-12 18:46:22 +00:00,2026-09-02 09:40:26 +00:00,2026-10-06T19:22:42.646Z,10061922-1987-0381-0000-9919d76c08e4,research/pibank-expanded-2026-10-06/ranked-08-page2-provider.json,,not_selected_for_capture_plan
BCP,que es un certificado bancario,que es un certificado bancario,210,3,https://www.viabcp.com/inversiones/deposito-plazo-fijo/certificados-bancarios,2026-09-17 02:51:14 +00:00,2026-09-02 04:58:04 +00:00,2026-10-06T19:22:42.646Z,10061922-1987-0381-0000-9919d76c08e4,research/pibank-expanded-2026-10-06/ranked-08-page2-provider.json,,not_selected_for_capture_plan
BCP,que es una certificacion bancaria,que es una certificacion bancaria,210,4,https://www.viabcp.com/inversiones/deposito-plazo-fijo/certificados-bancarios,2026-09-13 01:57:37 +00:00,2026-08-14 15:02:50 +00:00,2026-10-06T19:22:42.646Z,10061922-1987-0381-0000-9919d76c08e4,research/pibank-expanded-2026-10-06/ranked-08-page2-provider.json,,not_selected_for_capture_plan
BCP,que es una cuenta corriente bcp,que es una cuenta corriente bcp,210,1,https://www.viabcp.com/cuentas/cuenta-corriente/cuenta-corriente-bcp,2026-09-15 16:46:48 +00:00,2026-08-14 15:00:43 +00:00,2026-10-06T19:22:42.646Z,10061922-1987-0381-0000-9919d76c08e4,research/pibank-expanded-2026-10-06/ranked-08-page2-provider.json,,not_selected_for_capture_plan
BCP,que significa transferencia diferida,que significa transferencia diferida,210,2,https://www.viabcp.com/otros-servicios/envios-nacionales/transferencias-interbancarias-diferidas,2026-09-17 23:15:03 +00:00,2026-09-24 17:16:19 +00:00,2026-10-06T19:22:42.646Z,10061922-1987-0381-0000-9919d76c08e4,research/pibank-expanded-2026-10-06/ranked-08-page2-provider.json,,not_selected_for_capture_plan
BCP,que son certificados bancarios,que son certificados bancarios,210,1,https://www.viabcp.com/inversiones/deposito-plazo-fijo/certificados-bancarios,2026-09-17 01:42:39 +00:00,2026-08-14 14:29:41 +00:00,2026-10-06T19:22:42.646Z,10061922-1987-0381-0000-9919d76c08e4,research/pibank-expanded-2026-10-06/ranked-08-page2-provider.json,,not_selected_for_capture_plan
BCP,quien recibe utilidades,quien recibe utilidades,210,8,https://www.viabcp.com/blog-bcp/deposito-utilidades-como-funciona-ahorros,2026-09-13 00:17:59 +00:00,2026-08-14 14:38:55 +00:00,2026-10-06T19:22:42.646Z,10061922-1987-0381-0000-9919d76c08e4,research/pibank-expanded-2026-10-06/ranked-08-page2-provider.json,,not_selected_for_capture_plan
BCP,quienes reciben utilidades,quienes reciben utilidades,210,15,https://www.viabcp.com/blog-bcp/deposito-utilidades-como-funciona-ahorros,2026-09-17 10:38:40 +00:00,2026-09-24 16:57:21 +00:00,2026-10-06T19:22:42.646Z,10061922-1987-0381-0000-9919d76c08e4,research/pibank-expanded-2026-10-06/ranked-08-page2-provider.json,,not_selected_for_capture_plan
BCP,qué es un certificado bancario,que es un certificado bancario,210,3,https://www.viabcp.com/inversiones/deposito-plazo-fijo/certificados-bancarios,2026-09-13 01:47:18 +00:00,2026-08-14 14:15:19 +00:00,2026-10-06T19:22:42.646Z,10061922-1987-0381-0000-9919d76c08e4,research/pibank-expanded-2026-10-06/ranked-08-page2-provider.json,,not_selected_for_capture_plan
BCP,qué significa transferencia diferida,que significa transferencia diferida,210,2,https://www.viabcp.com/otros-servicios/envios-nacionales/transferencias-interbancarias-diferidas,2026-09-13 02:42:39 +00:00,2026-09-24 15:49:14 +00:00,2026-10-06T19:22:42.646Z,10061922-1987-0381-0000-9919d76c08e4,research/pibank-expanded-2026-10-06/ranked-08-page2-provider.json,,not_selected_for_capture_plan
BCP,sinónimos de número,sinonimos de numero,210,66,https://www.viabcp.com/ayuda-bcp/cuenta-de-ahorros/como-saber-numero-cuenta-ahorros-bcp-y-codigo-interbancario-cci,2026-09-14 23:55:45 +00:00,2026-09-20 14:30:04 +00:00,2026-10-06T19:22:42.646Z,10061922-1987-0381-0000-9919d76c08e4,research/pibank-expanded-2026-10-06/ranked-08-page2-provider.json,,not_selected_for_capture_plan
BCP,tasa de interes anual,tasa de interes anual,210,78,https://www.viabcp.com/inversiones/deposito-plazo-fijo,2026-09-13 09:27:05 +00:00,2026-08-02 09:26:16 +00:00,2026-10-06T19:22:42.646Z,10061922-1987-0381-0000-9919d76c08e4,research/pibank-expanded-2026-10-06/ranked-08-page2-provider.json,,not_selected_for_capture_plan
BCP,tasa de interés anual,tasa de interes anual,210,23,https://www.viabcp.com/blog-bcp/rol-tasas-interes-cuenta-ahorro,2026-09-15 21:11:33 +00:00,2026-08-02 09:43:36 +00:00,2026-10-06T19:22:42.646Z,10061922-1987-0381-0000-9919d76c08e4,research/pibank-expanded-2026-10-06/ranked-08-page2-provider.json,,not_selected_for_capture_plan
BCP,tipo de cuenta bancaria,tipo de cuenta bancaria,210,1,https://www.viabcp.com/ayuda-bcp/cuenta-de-ahorros/cuales-son-los-tipos-de-cuentas-de-ahorros,2026-09-16 17:03:45 +00:00,2026-08-10 05:56:29 +00:00,2026-10-06T19:22:42.646Z,10061922-1987-0381-0000-9919d76c08e4,research/pibank-expanded-2026-10-06/ranked-08-page2-provider.json,,not_selected_for_capture_plan
BCP,tipos de cuenta bancaria,tipos de cuenta bancaria,210,2,https://www.viabcp.com/ayuda-bcp/cuenta-de-ahorros/cuales-son-los-tipos-de-cuentas-de-ahorros,2026-09-16 16:40:49 +00:00,2026-09-24 02:42:21 +00:00,2026-10-06T19:22:42.646Z,10061922-1987-0381-0000-9919d76c08e4,research/pibank-expanded-2026-10-06/ranked-08-page2-provider.json,,not_selected_for_capture_plan
BCP,tipos de cuentas bancarias,tipos de cuentas bancarias,210,2,https://www.viabcp.com/ayuda-bcp/cuenta-de-ahorros/cuales-son-los-tipos-de-cuentas-de-ahorros,2026-09-12 07:23:52 +00:00,2026-09-24 02:42:11 +00:00,2026-10-06T19:22:42.646Z,10061922-1987-0381-0000-9919d76c08e4,research/pibank-expanded-2026-10-06/ranked-08-page2-provider.json,,not_selected_for_capture_plan
BCP,transferencia bcp a bcp,transferencia bcp a bcp,210,1,https://www.viabcp.com/ayuda-bcp/operaciones-digitales/como-realizo-transferencias-entre-cuentas-propias-o-terceros,2026-09-15 18:40:16 +00:00,2026-09-24 00:31:14 +00:00,2026-10-06T19:22:42.646Z,10061922-1987-0381-0000-9919d76c08e4,research/pibank-expanded-2026-10-06/ranked-08-page2-provider.json,,not_selected_for_capture_plan
BCP,transferencia de interbank a bcp,transferencia de interbank a bcp,210,4,https://www.viabcp.com/otros-servicios/envios-nacionales/transferencias-interbancarias-inmediatas,2026-09-15 21:32:37 +00:00,2026-08-14 04:45:03 +00:00,2026-10-06T19:22:42.646Z,10061922-1987-0381-0000-9919d76c08e4,research/pibank-expanded-2026-10-06/ranked-08-page2-provider.json,,not_selected_for_capture_plan
BCP,transferencia de scotiabank a bcp,transferencia de scotiabank a bcp,210,6,https://www.viabcp.com/otros-servicios/envios-nacionales/transferencias-interbancarias-inmediatas,2026-09-13 22:23:00 +00:00,2026-09-24 00:31:10 +00:00,2026-10-06T19:22:42.646Z,10061922-1987-0381-0000-9919d76c08e4,research/pibank-expanded-2026-10-06/ranked-08-page2-provider.json,,not_selected_for_capture_plan
BCP,transferencias de scotiabank a bcp,transferencias de scotiabank a bcp,210,6,https://www.viabcp.com/otros-servicios/envios-nacionales/transferencias-interbancarias-diferidas,2026-09-12 10:01:00 +00:00,2026-08-10 05:00:04 +00:00,2026-10-06T19:22:42.646Z,10061922-1987-0381-0000-9919d76c08e4,research/pibank-expanded-2026-10-06/ranked-08-page2-provider.json,,not_selected_for_capture_plan
BCP,yape ayuda,yape ayuda,210,28,https://www.viabcp.com/cuentas/cuenta-ahorro/cuenta-yape,2026-09-12 10:55:46 +00:00,2026-09-23 19:01:38 +00:00,2026-10-06T19:22:42.646Z,10061922-1987-0381-0000-9919d76c08e4,research/pibank-expanded-2026-10-06/ranked-08-page2-provider.json,,not_selected_for_capture_plan
BCP,yape con que bancos trabaja,yape con que bancos trabaja,210,17,https://www.viabcp.com/cuentas/cuenta-ahorro/cuenta-yape,2026-09-15 18:59:17 +00:00,2026-08-14 01:25:31 +00:00,2026-10-06T19:22:42.646Z,10061922-1987-0381-0000-9919d76c08e4,research/pibank-expanded-2026-10-06/ranked-08-page2-provider.json,,not_selected_for_capture_plan
BCP,yape con qué bancos trabaja,yape con que bancos trabaja,210,20,https://www.viabcp.com/cuentas/cuenta-ahorro/cuenta-yape,2026-09-15 13:48:15 +00:00,2026-09-23 19:07:52 +00:00,2026-10-06T19:22:42.646Z,10061922-1987-0381-0000-9919d76c08e4,research/pibank-expanded-2026-10-06/ranked-08-page2-provider.json,,not_selected_for_capture_plan
BCP,yape crear cuenta,yape crear cuenta,210,17,https://www.viabcp.com/cuentas/cuenta-ahorro/cuenta-yape,2026-09-12 19:19:10 +00:00,2026-09-23 18:53:39 +00:00,2026-10-06T19:22:42.646Z,10061922-1987-0381-0000-9919d76c08e4,research/pibank-expanded-2026-10-06/ranked-08-page2-provider.json,,not_selected_for_capture_plan
BCP,yape otros bancos,yape otros bancos,210,12,https://www.viabcp.com/cuentas/cuenta-ahorro-exp/cuenta-yape,2026-09-17 13:01:02 +00:00,2026-09-23 19:08:01 +00:00,2026-10-06T19:22:42.646Z,10061922-1987-0381-0000-9919d76c08e4,research/pibank-expanded-2026-10-06/ranked-08-page2-provider.json,,not_selected_for_capture_plan
BCP,yape soporte,yape soporte,210,23,https://www.viabcp.com/cuentas/cuenta-ahorro/cuenta-yape,2026-09-15 18:05:39 +00:00,2026-08-14 01:55:34 +00:00,2026-10-06T19:22:42.646Z,10061922-1987-0381-0000-9919d76c08e4,research/pibank-expanded-2026-10-06/ranked-08-page2-provider.json,,not_selected_for_capture_plan
BCP,bcp cuenta millonaria,bcp cuenta millonaria,170,1,https://www.viabcp.com/cuentas/cuenta-ahorro/cuenta-premio-bcp,2026-09-16 14:30:21 +00:00,2026-08-21 19:28:04 +00:00,2026-10-06T19:22:42.646Z,10061922-1987-0381-0000-9919d76c08e4,research/pibank-expanded-2026-10-06/ranked-08-page2-provider.json,,not_selected_for_capture_plan
BCP,cencosud plazo fijo,cencosud plazo fijo,170,45,https://www.viabcp.com/inversiones/deposito-plazo-fijo,2026-09-15 15:56:09 +00:00,2026-07-08 01:34:02 +00:00,2026-10-06T19:22:42.646Z,10061922-1987-0381-0000-9919d76c08e4,research/pibank-expanded-2026-10-06/ranked-08-page2-provider.json,,not_selected_for_capture_plan
BCP,como cambiar mi número de yape con cuenta bcp,como cambiar mi numero de yape con cuenta bcp,170,7,https://www.viabcp.com/cuentas/cuenta-ahorro/cuenta-yape,2026-09-12 23:10:41 +00:00,2026-09-01 00:08:20 +00:00,2026-10-06T19:22:42.646Z,10061922-1987-0381-0000-9919d76c08e4,research/pibank-expanded-2026-10-06/ranked-08-page2-provider.json,,not_selected_for_capture_plan
BCP,como instalar yape en mi celular,como instalar yape en mi celular,170,39,https://www.viabcp.com/cuentas/cuenta-ahorro/cuenta-yape,2026-09-17 21:54:38 +00:00,2026-08-31 23:37:24 +00:00,2026-10-06T19:22:42.646Z,10061922-1987-0381-0000-9919d76c08e4,research/pibank-expanded-2026-10-06/ranked-08-page2-provider.json,,not_selected_for_capture_plan
BCP,como invertir poco dinero y generar ganancias,como invertir poco dinero y generar ganancias,170,57,https://www.viabcp.com/blog-bcp/donde-colocar-primeros-ahorros,2026-09-15 02:55:18 +00:00,2026-08-31 23:29:08 +00:00,2026-10-06T19:22:42.646Z,10061922-1987-0381-0000-9919d76c08e4,research/pibank-expanded-2026-10-06/ranked-08-page2-provider.json,,not_selected_for_capture_plan
BCP,como saber mi correo de yape,como saber mi correo de yape,170,43,https://www.viabcp.com/cuentas/cuenta-ahorro/cuenta-yape,2026-09-12 17:15:37 +00:00,2026-08-31 23:17:25 +00:00,2026-10-06T19:22:42.646Z,10061922-1987-0381-0000-9919d76c08e4,research/pibank-expanded-2026-10-06/ranked-08-page2-provider.json,,not_selected_for_capture_plan
BCP,como saber mi numero de yape,como saber mi numero de yape,170,8,https://www.viabcp.com/cuentas/cuenta-ahorro/cuenta-yape,2026-09-14 06:11:40 +00:00,2026-08-31 23:17:16 +00:00,2026-10-06T19:22:42.646Z,10061922-1987-0381-0000-9919d76c08e4,research/pibank-expanded-2026-10-06/ranked-08-page2-provider.json,,not_selected_for_capture_plan
BCP,como saber mi número de yape,como saber mi numero de yape,170,12,https://www.viabcp.com/cuentas/cuenta-ahorro/cuenta-yape,2026-09-14 17:47:02 +00:00,2026-08-31 23:17:22 +00:00,2026-10-06T19:22:42.646Z,10061922-1987-0381-0000-9919d76c08e4,research/pibank-expanded-2026-10-06/ranked-08-page2-provider.json,,not_selected_for_capture_plan
BCP,como saber que tipo de cuenta bcp tengo,como saber que tipo de cuenta bcp tengo,170,1,https://www.viabcp.com/ayuda-bcp/cuenta-de-ahorros/como-saber-que-tipo-cuenta-ahorro-bcp-tengo,2026-09-16 03:23:48 +00:00,2026-08-31 23:16:33 +00:00,2026-10-06T19:22:42.646Z,10061922-1987-0381-0000-9919d76c08e4,research/pibank-expanded-2026-10-06/ranked-08-page2-provider.json,,not_selected_for_capture_plan
BCP,como saber si tengo cuenta sueldo bcp,como saber si tengo cuenta sueldo bcp,170,1,https://www.viabcp.com/ayuda-bcp/cuenta-de-ahorros/como-saber-que-tipo-cuenta-ahorro-bcp-tengo,2026-09-15 20:40:40 +00:00,2026-08-31 23:07:14 +00:00,2026-10-06T19:22:42.646Z,10061922-1987-0381-0000-9919d76c08e4,research/pibank-expanded-2026-10-06/ranked-08-page2-provider.json,,not_selected_for_capture_plan
BCP,como sacar un numero de yape,como sacar un numero de yape,170,39,https://www.viabcp.com/cuentas/cuenta-ahorro/cuenta-yape,2026-09-16 18:33:08 +00:00,2026-08-31 23:03:44 +00:00,2026-10-06T19:22:42.646Z,10061922-1987-0381-0000-9919d76c08e4,research/pibank-expanded-2026-10-06/ranked-08-page2-provider.json,,not_selected_for_capture_plan
BCP,con qué bancos trabaja yape,con que bancos trabaja yape,170,22,https://www.viabcp.com/cuentas/cuenta-ahorro/cuenta-yape,2026-09-17 13:01:02 +00:00,2026-08-31 22:00:38 +00:00,2026-10-06T19:22:42.646Z,10061922-1987-0381-0000-9919d76c08e4,research/pibank-expanded-2026-10-06/ranked-08-page2-provider.json,,not_selected_for_capture_plan
BCP,consulta cts,consulta cts,170,9,https://www.viabcp.com/cuentas/cuenta-sueldo/cuenta-cts-bcp,2026-09-13 13:50:30 +00:00,2026-08-31 21:17:21 +00:00,2026-10-06T19:22:42.646Z,10061922-1987-0381-0000-9919d76c08e4,research/pibank-expanded-2026-10-06/ranked-08-page2-provider.json,,not_selected_for_capture_plan
BCP,consultar el saldo,consultar el saldo,170,22,https://www.viabcp.com/ayuda-bcp/cuenta-de-ahorros/como-saber-saldo-cuenta-ahorros-bcp,2026-09-15 01:23:47 +00:00,2026-07-07 21:31:55 +00:00,2026-10-06T19:22:42.646Z,10061922-1987-0381-0000-9919d76c08e4,research/pibank-expanded-2026-10-06/ranked-08-page2-provider.json,,not_selected_for_capture_plan
BCP,consultar saldo,consultar saldo,170,20,https://www.viabcp.com/ayuda-bcp/cuenta-de-ahorros/como-saber-saldo-cuenta-ahorros-bcp,2026-09-13 18:51:04 +00:00,2026-07-07 21:31:16 +00:00,2026-10-06T19:22:42.646Z,10061922-1987-0381-0000-9919d76c08e4,research/pibank-expanded-2026-10-06/ranked-08-page2-provider.json,,not_selected_for_capture_plan
BCP,cts ripley,cts ripley,170,24,https://www.viabcp.com/cuentas/cuenta-sueldo/cuenta-cts-bcp,2026-09-15 11:03:25 +00:00,2026-08-31 16:04:55 +00:00,2026-10-06T19:22:42.646Z,10061922-1987-0381-0000-9919d76c08e4,research/pibank-expanded-2026-10-06/ranked-08-page2-provider.json,,not_selected_for_capture_plan
BCP,cual es el número de cuenta de mi tarjeta bcp,cual es el numero de cuenta de mi tarjeta bcp,170,1,https://www.viabcp.com/ayuda-bcp/cuenta-de-ahorros/como-saber-numero-cuenta-ahorros-bcp-y-codigo-interbancario-cci,2026-09-17 13:52:43 +00:00,2026-08-31 14:42:31 +00:00,2026-10-06T19:22:42.646Z,10061922-1987-0381-0000-9919d76c08e4,research/pibank-expanded-2026-10-06/ranked-08-page2-provider.json,,not_selected_for_capture_plan
BCP,cual es mi numero de cuenta,cual es mi numero de cuenta,170,1,https://www.viabcp.com/ayuda-bcp/cuenta-de-ahorros/como-saber-numero-cuenta-ahorros-bcp-y-codigo-interbancario-cci,2026-09-12 23:10:13 +00:00,2026-08-31 14:22:03 +00:00,2026-10-06T19:22:42.646Z,10061922-1987-0381-0000-9919d76c08e4,research/pibank-expanded-2026-10-06/ranked-08-page2-provider.json,,not_selected_for_capture_plan
BCP,cuanto se demora una transferencia interbancaria,cuanto se demora una transferencia interbancaria,170,2,https://www.viabcp.com/otros-servicios/envios-nacionales/transferencias-interbancarias-diferidas,2026-09-17 18:14:25 +00:00,2026-07-06 19:03:56 +00:00,2026-10-06T19:22:42.646Z,10061922-1987-0381-0000-9919d76c08e4,research/pibank-expanded-2026-10-06/ranked-08-page2-provider.json,,not_selected_for_capture_plan
BCP,cuanto tarda una transferencia interbancaria,cuanto tarda una transferencia interbancaria,170,4,https://www.viabcp.com/otros-servicios/envios-nacionales/transferencias-interbancarias-diferidas,2026-09-13 23:15:39 +00:00,2026-07-07 19:45:45 +00:00,2026-10-06T19:22:42.646Z,10061922-1987-0381-0000-9919d76c08e4,research/pibank-expanded-2026-10-06/ranked-08-page2-provider.json,,not_selected_for_capture_plan
BCP,cuantos números tiene una cuenta bcp,cuantos numeros tiene una cuenta bcp,170,1,https://www.viabcp.com/ayuda-bcp/cuenta-de-ahorros/como-saber-numero-cuenta-ahorros-bcp-y-codigo-interbancario-cci,2026-09-15 03:51:55 +00:00,2026-07-07 19:57:13 +00:00,2026-10-06T19:22:42.646Z,10061922-1987-0381-0000-9919d76c08e4,research/pibank-expanded-2026-10-06/ranked-08-page2-provider.json,,not_selected_for_capture_plan
BCP,cuenta corriente bcp empresa,cuenta corriente bcp empresa,170,1,https://www.viabcp.com/empresas/cuentas/cuenta-corriente/persona-juridica,2026-09-15 23:18:38 +00:00,2026-08-31 18:49:59 +00:00,2026-10-06T19:22:42.646Z,10061922-1987-0381-0000-9919d76c08e4,research/pibank-expanded-2026-10-06/ranked-08-page2-provider.json,,not_selected_for_capture_plan
BCP,cuenta corriente bcp empresas,cuenta corriente bcp empresas,170,1,https://www.viabcp.com/empresas/cuentas/cuenta-corriente/persona-juridica,2026-09-13 02:27:39 +00:00,2026-08-31 18:51:22 +00:00,2026-10-06T19:22:42.646Z,10061922-1987-0381-0000-9919d76c08e4,research/pibank-expanded-2026-10-06/ranked-08-page2-provider.json,,not_selected_for_capture_plan
BCP,cuenta de ahorros dolares bcp,cuenta de ahorros dolares bcp,170,1,https://www.viabcp.com/cuenta-dolares,2026-09-16 05:06:02 +00:00,2026-08-31 18:49:55 +00:00,2026-10-06T19:22:42.646Z,10061922-1987-0381-0000-9919d76c08e4,research/pibank-expanded-2026-10-06/ranked-08-page2-provider.json,,not_selected_for_capture_plan
BCP,cuenta de haberes,cuenta de haberes,170,1,https://www.viabcp.com/cuenta-sueldo-bcp,2026-09-12 12:32:11 +00:00,2026-08-17 06:45:06 +00:00,2026-10-06T19:22:42.646Z,10061922-1987-0381-0000-9919d76c08e4,research/pibank-expanded-2026-10-06/ranked-08-page2-provider.json,,not_selected_for_capture_plan
BCP,cuenta empresa bcp requisitos,cuenta empresa bcp requisitos,170,1,https://www.viabcp.com/empresas/cuentas/cuenta-corriente/persona-juridica,2026-09-17 07:45:54 +00:00,2026-08-31 18:47:16 +00:00,2026-10-06T19:22:42.646Z,10061922-1987-0381-0000-9919d76c08e4,research/pibank-expanded-2026-10-06/ranked-08-page2-provider.json,,not_selected_for_capture_plan
BCP,cuenta millonaria bcp,cuenta millonaria bcp,170,1,https://www.viabcp.com/cuentas/cuenta-ahorro/cuenta-premio-bcp,2026-09-16 04:36:22 +00:00,2026-08-17 06:42:10 +00:00,2026-10-06T19:22:42.646Z,10061922-1987-0381-0000-9919d76c08e4,research/pibank-expanded-2026-10-06/ranked-08-page2-provider.json,,not_selected_for_capture_plan
BCP,cuenta virtual bcp,cuenta virtual bcp,170,1,https://www.viabcp.com/cuentas/cuenta-ahorro/cuenta-digital-bcp,2026-09-15 09:11:38 +00:00,2026-08-31 19:13:25 +00:00,2026-10-06T19:22:42.646Z,10061922-1987-0381-0000-9919d76c08e4,research/pibank-expanded-2026-10-06/ranked-08-page2-provider.json,,not_selected_for_capture_plan
BCP,cuenta yape,cuenta yape,170,3,https://www.viabcp.com/cuentas/cuenta-ahorro/cuenta-yape,2026-09-12 14:28:45 +00:00,2026-08-31 18:44:28 +00:00,2026-10-06T19:22:42.646Z,10061922-1987-0381-0000-9919d76c08e4,research/pibank-expanded-2026-10-06/ranked-08-page2-provider.json,,not_selected_for_capture_plan
BCP,cuentas comerciales por cobrar,cuentas comerciales por cobrar,170,9,https://www.viabcp.com/blog-bcp/cuentas-por-cobrar,2026-09-14 08:01:45 +00:00,2026-08-31 10:49:38 +00:00,2026-10-06T19:22:42.646Z,10061922-1987-0381-0000-9919d76c08e4,research/pibank-expanded-2026-10-06/ranked-08-page2-provider.json,,not_selected_for_capture_plan
BCP,cuentas de ahorro de alto rendimiento perú,cuentas de ahorro de alto rendimiento peru,170,13,https://www.viabcp.com/blog-bcp/como-elegir-cuenta-ahorro-tipos,2026-09-15 04:36:15 +00:00,2026-07-07 19:36:09 +00:00,2026-10-06T19:22:42.646Z,10061922-1987-0381-0000-9919d76c08e4,research/pibank-expanded-2026-10-06/ranked-08-page2-provider.json,C01,selected_exploratory_family
BCP,cuentas por cobrar comerciales,cuentas por cobrar comerciales,170,9,https://www.viabcp.com/blog-bcp/cuentas-por-cobrar,2026-09-17 06:47:57 +00:00,2026-08-31 19:18:25 +00:00,2026-10-06T19:22:42.646Z,10061922-1987-0381-0000-9919d76c08e4,research/pibank-expanded-2026-10-06/ranked-08-page2-provider.json,,not_selected_for_capture_plan
BCP,código sucursal bcp,codigo sucursal bcp,170,1,https://www.viabcp.com/empresas/comercio-exterior/pagos-internacionales/transferencias-del-exterior,2026-09-12 03:26:13 +00:00,2026-08-31 11:32:48 +00:00,2026-10-06T19:22:42.646Z,10061922-1987-0381-0000-9919d76c08e4,research/pibank-expanded-2026-10-06/ranked-08-page2-provider.json,,not_selected_for_capture_plan
BCP,cómo instalar yape en mi celular,como instalar yape en mi celular,170,35,https://www.viabcp.com/cuentas/cuenta-ahorro/cuenta-yape,2026-09-17 01:31:58 +00:00,2026-08-31 19:11:33 +00:00,2026-10-06T19:22:42.646Z,10061922-1987-0381-0000-9919d76c08e4,research/pibank-expanded-2026-10-06/ranked-08-page2-provider.json,,not_selected_for_capture_plan
BCP,deposito a plazo fijo dolares,deposito a plazo fijo dolares,170,3,https://www.viabcp.com/inversiones/deposito-plazo-fijo/plazo-fijo-dolares,2026-09-15 21:19:34 +00:00,2026-08-31 05:34:30 +00:00,2026-10-06T19:22:42.646Z,10061922-1987-0381-0000-9919d76c08e4,research/pibank-expanded-2026-10-06/ranked-08-page2-provider.json,,not_selected_for_capture_plan
BCP,deposito a plazo fijo en dolares,deposito a plazo fijo en dolares,170,2,https://www.viabcp.com/inversiones/deposito-plazo-fijo/plazo-fijo-dolares,2026-09-17 05:17:51 +00:00,2026-08-31 13:36:49 +00:00,2026-10-06T19:22:42.646Z,10061922-1987-0381-0000-9919d76c08e4,research/pibank-expanded-2026-10-06/ranked-08-page2-provider.json,,not_selected_for_capture_plan
BCP,deposito a plazo fijo tasas,deposito a plazo fijo tasas,170,26,https://www.viabcp.com/inversiones/deposito-plazo-fijo,2026-09-12 17:34:42 +00:00,2026-07-07 17:36:46 +00:00,2026-10-06T19:22:42.646Z,10061922-1987-0381-0000-9919d76c08e4,research/pibank-expanded-2026-10-06/ranked-08-page2-provider.json,,not_selected_for_capture_plan
BCP,deposito plazo fijo en dolares,deposito plazo fijo en dolares,170,2,https://www.viabcp.com/inversiones/deposito-plazo-fijo/plazo-fijo-dolares,2026-09-13 00:18:34 +00:00,2026-08-31 13:38:16 +00:00,2026-10-06T19:22:42.646Z,10061922-1987-0381-0000-9919d76c08e4,research/pibank-expanded-2026-10-06/ranked-08-page2-provider.json,,not_selected_for_capture_plan
BCP,depositos a la vista,depositos a la vista,170,59,https://www.viabcp.com/blog-bcp/que-es-deposito-plazo-fijo-inversion,2026-09-17 07:41:41 +00:00,2026-08-17 02:45:39 +00:00,2026-10-06T19:22:42.646Z,10061922-1987-0381-0000-9919d76c08e4,research/pibank-expanded-2026-10-06/ranked-08-page2-provider.json,,not_selected_for_capture_plan
BCP,depositos a plazo fijo en dolares,depositos a plazo fijo en dolares,170,3,https://www.viabcp.com/inversiones/deposito-plazo-fijo/plazo-fijo-dolares,2026-09-17 22:48:36 +00:00,2026-08-31 02:44:28 +00:00,2026-10-06T19:22:42.646Z,10061922-1987-0381-0000-9919d76c08e4,research/pibank-expanded-2026-10-06/ranked-08-page2-provider.json,,not_selected_for_capture_plan
BCP,depositos a plazo fijo tasas,depositos a plazo fijo tasas,170,25,https://www.viabcp.com/inversiones/deposito-plazo-fijo,2026-09-16 10:29:59 +00:00,2026-07-07 17:36:25 +00:00,2026-10-06T19:22:42.646Z,10061922-1987-0381-0000-9919d76c08e4,research/pibank-expanded-2026-10-06/ranked-08-page2-provider.json,,not_selected_for_capture_plan
BCP,depósito a plazo fijo dólares,deposito a plazo fijo dolares,170,3,https://www.viabcp.com/inversiones/deposito-plazo-fijo/plazo-fijo-dolares,2026-09-12 14:44:09 +00:00,2026-08-31 13:28:27 +00:00,2026-10-06T19:22:42.646Z,10061922-1987-0381-0000-9919d76c08e4,research/pibank-expanded-2026-10-06/ranked-08-page2-provider.json,,not_selected_for_capture_plan
BCP,depósito a plazo fijo en dólares,deposito a plazo fijo en dolares,170,3,https://www.viabcp.com/inversiones/deposito-plazo-fijo/plazo-fijo-dolares,2026-09-12 09:18:52 +00:00,2026-08-31 05:31:17 +00:00,2026-10-06T19:22:42.646Z,10061922-1987-0381-0000-9919d76c08e4,research/pibank-expanded-2026-10-06/ranked-08-page2-provider.json,,not_selected_for_capture_plan
BCP,depósitos a vista,depositos a vista,170,50,https://www.viabcp.com/blog-bcp/que-es-deposito-plazo-fijo-inversion,2026-09-16 23:49:36 +00:00,2026-08-17 02:45:16 +00:00,2026-10-06T19:22:42.646Z,10061922-1987-0381-0000-9919d76c08e4,research/pibank-expanded-2026-10-06/ranked-08-page2-provider.json,,not_selected_for_capture_plan
BCP,estado bancario,estado bancario,170,17,https://www.viabcp.com/ayuda-bcp/cuenta-de-ahorros/como-ver-estados-de-cuenta-ahorros-bcp,2026-09-15 10:08:23 +00:00,2026-08-16 17:55:15 +00:00,2026-10-06T19:22:42.646Z,10061922-1987-0381-0000-9919d76c08e4,research/pibank-expanded-2026-10-06/ranked-08-page2-provider.json,,not_selected_for_capture_plan
BCP,estados bancarios,estados bancarios,170,14,https://www.viabcp.com/ayuda-bcp/cuenta-de-ahorros/como-ver-estados-de-cuenta-ahorros-bcp,2026-09-17 19:15:03 +00:00,2026-07-07 12:54:42 +00:00,2026-10-06T19:22:42.646Z,10061922-1987-0381-0000-9919d76c08e4,research/pibank-expanded-2026-10-06/ranked-08-page2-provider.json,,not_selected_for_capture_plan
BCP,falabella plazo fijo,falabella plazo fijo,170,33,https://www.viabcp.com/inversiones/deposito-plazo-fijo,2026-09-14 10:46:00 +00:00,2026-08-30 06:04:24 +00:00,2026-10-06T19:22:42.646Z,10061922-1987-0381-0000-9919d76c08e4,research/pibank-expanded-2026-10-06/ranked-08-page2-provider.json,,not_selected_for_capture_plan
BCP,iban bcp,iban bcp,170,1,https://www.viabcp.com/empresas/comercio-exterior/pagos-internacionales/transferencias-del-exterior,2026-09-16 20:45:52 +00:00,2026-08-16 06:14:22 +00:00,2026-10-06T19:22:42.646Z,10061922-1987-0381-0000-9919d76c08e4,research/pibank-expanded-2026-10-06/ranked-08-page2-provider.json,,not_selected_for_capture_plan
BCP,intereses revolventes,intereses revolventes,170,33,https://www.viabcp.com/inversiones/deposito-plazo-fijo/pago-de-intereses-mensuales,2026-09-15 17:10:03 +00:00,2026-08-29 07:12:08 +00:00,2026-10-06T19:22:42.646Z,10061922-1987-0381-0000-9919d76c08e4,research/pibank-expanded-2026-10-06/ranked-08-page2-provider.json,,not_selected_for_capture_plan
BCP,las utilidades,las utilidades,170,3,https://www.viabcp.com/blog-bcp/deposito-utilidades-como-funciona-ahorros,2026-09-13 22:01:33 +00:00,2026-08-28 21:32:09 +00:00,2026-10-06T19:22:42.646Z,10061922-1987-0381-0000-9919d76c08e4,research/pibank-expanded-2026-10-06/ranked-08-page2-provider.json,,not_selected_for_capture_plan
BCP,mutual estado de cuenta,mutual estado de cuenta,170,20,https://www.viabcp.com/ayuda-bcp/cuenta-de-ahorros/como-ver-estados-de-cuenta-ahorros-bcp,2026-09-12 10:29:53 +00:00,2026-08-28 01:33:44 +00:00,2026-10-06T19:22:42.646Z,10061922-1987-0381-0000-9919d76c08e4,research/pibank-expanded-2026-10-06/ranked-08-page2-provider.json,,not_selected_for_capture_plan
BCP,participacion de utilidades,participacion de utilidades,170,32,https://www.viabcp.com/blog-bcp/deposito-utilidades-como-funciona-ahorros,2026-09-15 23:24:49 +00:00,2026-08-14 20:16:10 +00:00,2026-10-06T19:22:42.646Z,10061922-1987-0381-0000-9919d76c08e4,research/pibank-expanded-2026-10-06/ranked-08-page2-provider.json,,not_selected_for_capture_plan
BCP,plazo fijo bcp simulador,plazo fijo bcp simulador,170,1,https://www.viabcp.com/inversiones/deposito-plazo-fijo,2026-09-16 16:53:58 +00:00,2026-08-27 08:58:53 +00:00,2026-10-06T19:22:42.646Z,10061922-1987-0381-0000-9919d76c08e4,research/pibank-expanded-2026-10-06/ranked-08-page2-provider.json,,not_selected_for_capture_plan
BCP,plazo fijo en dólares perú,plazo fijo en dolares peru,170,15,https://www.viabcp.com/inversiones/deposito-plazo-fijo/plazo-fijo-dolares,2026-09-12 02:56:04 +00:00,2026-08-14 18:15:47 +00:00,2026-10-06T19:22:42.646Z,10061922-1987-0381-0000-9919d76c08e4,research/pibank-expanded-2026-10-06/ranked-08-page2-provider.json,,not_selected_for_capture_plan
BCP,plazo fijo que es,plazo fijo que es,170,13,https://www.viabcp.com/blog-bcp/que-es-deposito-plazo-fijo-inversion,2026-09-12 02:01:03 +00:00,2026-08-14 18:15:40 +00:00,2026-10-06T19:22:42.646Z,10061922-1987-0381-0000-9919d76c08e4,research/pibank-expanded-2026-10-06/ranked-08-page2-provider.json,,not_selected_for_capture_plan
BCP,plazo fijo quien paga mas,plazo fijo quien paga mas,170,29,https://www.viabcp.com/blog-bcp/que-es-deposito-plazo-fijo-inversion,2026-09-17 05:07:28 +00:00,2026-09-03 09:00:48 +00:00,2026-10-06T19:22:42.646Z,10061922-1987-0381-0000-9919d76c08e4,research/pibank-expanded-2026-10-06/ranked-08-page2-provider.json,,not_selected_for_capture_plan
BCP,plazo fijo ripley,plazo fijo ripley,170,36,https://www.viabcp.com/inversiones/deposito-plazo-fijo,2026-09-14 23:04:02 +00:00,2026-08-27 09:19:21 +00:00,2026-10-06T19:22:42.646Z,10061922-1987-0381-0000-9919d76c08e4,research/pibank-expanded-2026-10-06/ranked-08-page2-provider.json,,not_selected_for_capture_plan
BCP,por qué es importante ahorrar,por que es importante ahorrar,170,8,https://www.viabcp.com/blog-bcp/por-que-ahorrar-invertir-familia,2026-09-17 09:28:00 +00:00,2026-09-03 06:25:56 +00:00,2026-10-06T19:22:42.646Z,10061922-1987-0381-0000-9919d76c08e4,research/pibank-expanded-2026-10-06/ranked-08-page2-provider.json,,not_selected_for_capture_plan
BCP,que es a plazo fijo,que es a plazo fijo,170,9,https://www.viabcp.com/blog-bcp/ahorro-plazo-fijo-metas-financieras,2026-09-12 14:17:48 +00:00,2026-08-14 16:09:16 +00:00,2026-10-06T19:22:42.646Z,10061922-1987-0381-0000-9919d76c08e4,research/pibank-expanded-2026-10-06/ranked-08-page2-provider.json,,not_selected_for_capture_plan
BCP,que es cuenta,que es cuenta,170,15,https://www.viabcp.com/ayuda-bcp/cuenta-de-ahorros/cuales-son-los-tipos-de-cuentas-de-ahorros,2026-09-14 23:12:38 +00:00,2026-09-03 00:28:27 +00:00,2026-10-06T19:22:42.646Z,10061922-1987-0381-0000-9919d76c08e4,research/pibank-expanded-2026-10-06/ranked-08-page2-provider.json,,not_selected_for_capture_plan
BCP,que es cuenta digital,que es cuenta digital,170,3,https://www.viabcp.com/cuentas/cuenta-ahorro/cuenta-digital-bcp,2026-09-17 16:43:45 +00:00,2026-09-03 00:42:32 +00:00,2026-10-06T19:22:42.646Z,10061922-1987-0381-0000-9919d76c08e4,research/pibank-expanded-2026-10-06/ranked-08-page2-provider.json,C02,selected_exploratory_family
BCP,que es estado de cuenta,que es estado de cuenta,170,4,https://www.viabcp.com/ayuda-bcp/cuenta-de-ahorros/como-ver-estados-de-cuenta-ahorros-bcp,2026-09-14 06:33:30 +00:00,2026-09-03 00:12:29 +00:00,2026-10-06T19:22:42.646Z,10061922-1987-0381-0000-9919d76c08e4,research/pibank-expanded-2026-10-06/ranked-08-page2-provider.json,,not_selected_for_capture_plan
BCP,que es número de cuenta bancaria,que es numero de cuenta bancaria,170,1,https://www.viabcp.com/ayuda-bcp/cuenta-de-ahorros/como-saber-numero-cuenta-ahorros-bcp-y-codigo-interbancario-cci,2026-09-17 17:08:45 +00:00,2026-09-29 23:10:35 +00:00,2026-10-06T19:22:42.646Z,10061922-1987-0381-0000-9919d76c08e4,research/pibank-expanded-2026-10-06/ranked-08-page2-provider.json,,not_selected_for_capture_plan
BCP,que es un estado de cuenta,que es un estado de cuenta,170,4,https://www.viabcp.com/ayuda-bcp/cuenta-de-ahorros/como-ver-estados-de-cuenta-ahorros-bcp,2026-09-15 08:12:47 +00:00,2026-09-29 23:03:16 +00:00,2026-10-06T19:22:42.646Z,10061922-1987-0381-0000-9919d76c08e4,research/pibank-expanded-2026-10-06/ranked-08-page2-provider.json,,not_selected_for_capture_plan
BCP,que es un plazo fijo,que es un plazo fijo,170,10,https://www.viabcp.com/blog-bcp/que-es-deposito-plazo-fijo-inversion,2026-09-17 18:53:21 +00:00,2026-08-14 15:22:48 +00:00,2026-10-06T19:22:42.646Z,10061922-1987-0381-0000-9919d76c08e4,research/pibank-expanded-2026-10-06/ranked-08-page2-provider.json,,not_selected_for_capture_plan
BCP,que es una cuenta digital,que es una cuenta digital,170,6,https://www.viabcp.com/ayuda-bcp/cuenta-de-ahorros/cuales-son-los-beneficios-de-abrir-una-cuenta-digital-bcp,2026-09-14 15:26:46 +00:00,2026-09-02 22:15:04 +00:00,2026-10-06T19:22:42.646Z,10061922-1987-0381-0000-9919d76c08e4,research/pibank-expanded-2026-10-06/ranked-08-page2-provider.json,C02,selected_exploratory_family
BCP,que es una cuenta digital bcp,que es una cuenta digital bcp,170,1,https://www.viabcp.com/cuentas/cuenta-ahorro/cuenta-digital-bcp,2026-09-15 23:06:49 +00:00,2026-09-29 22:59:37 +00:00,2026-10-06T19:22:42.646Z,10061922-1987-0381-0000-9919d76c08e4,research/pibank-expanded-2026-10-06/ranked-08-page2-provider.json,,not_selected_for_capture_plan
BCP,que significa cuenta corriente,que significa cuenta corriente,170,7,https://www.viabcp.com/cuentas/cuenta-corriente/cuenta-corriente-bcp,2026-09-17 00:52:45 +00:00,2026-08-14 15:08:52 +00:00,2026-10-06T19:22:42.646Z,10061922-1987-0381-0000-9919d76c08e4,research/pibank-expanded-2026-10-06/ranked-08-page2-provider.json,,not_selected_for_capture_plan
BCP,que significa cuenta intangible,que significa cuenta intangible,170,42,https://www.viabcp.com/cuentas/cuenta-afp,2026-09-16 15:02:25 +00:00,2026-08-26 22:08:16 +00:00,2026-10-06T19:22:42.646Z,10061922-1987-0381-0000-9919d76c08e4,research/pibank-expanded-2026-10-06/ranked-08-page2-provider.json,,not_selected_for_capture_plan
BCP,qué es interbancaria,que es interbancaria,170,14,https://www.viabcp.com/otros-servicios/envios-nacionales/transferencias-interbancarias-diferidas,2026-09-16 00:30:24 +00:00,2026-09-02 18:51:49 +00:00,2026-10-06T19:22:42.646Z,10061922-1987-0381-0000-9919d76c08e4,research/pibank-expanded-2026-10-06/ranked-08-page2-provider.json,,not_selected_for_capture_plan
BCP,qué significa yape,que significa yape,170,49,https://www.viabcp.com/cuentas/cuenta-ahorro/cuenta-yape,2026-09-14 04:31:37 +00:00,2026-08-26 15:11:26 +00:00,2026-10-06T19:22:42.646Z,10061922-1987-0381-0000-9919d76c08e4,research/pibank-expanded-2026-10-06/ranked-08-page2-provider.json,,not_selected_for_capture_plan
BCP,saber mi numero de cuenta bcp,saber mi numero de cuenta bcp,170,1,https://www.viabcp.com/ayuda-bcp/cuenta-de-ahorros/como-saber-numero-cuenta-ahorros-bcp-y-codigo-interbancario-cci,2026-09-16 14:01:07 +00:00,2026-09-29 20:07:19 +00:00,2026-10-06T19:22:42.646Z,10061922-1987-0381-0000-9919d76c08e4,research/pibank-expanded-2026-10-06/ranked-08-page2-provider.json,,not_selected_for_capture_plan
BCP,sacar tarjeta bcp virtual,sacar tarjeta bcp virtual,170,1,https://www.viabcp.com/cuentas/cuenta-ahorro/cuenta-digital-bcp,2026-09-14 07:33:28 +00:00,2026-08-26 07:46:07 +00:00,2026-10-06T19:22:42.646Z,10061922-1987-0381-0000-9919d76c08e4,research/pibank-expanded-2026-10-06/ranked-08-page2-provider.json,,not_selected_for_capture_plan
BCP,simulador plazo fijo bbva perú,simulador plazo fijo bbva peru,170,38,https://www.viabcp.com/inversiones/deposito-plazo-fijo,2026-09-16 06:15:56 +00:00,2026-08-26 02:47:04 +00:00,2026-10-06T19:22:42.646Z,10061922-1987-0381-0000-9919d76c08e4,research/pibank-expanded-2026-10-06/ranked-08-page2-provider.json,,not_selected_for_capture_plan
BCP,solicitar estado de cuenta bcp,solicitar estado de cuenta bcp,170,1,https://www.viabcp.com/ayuda-bcp/cuenta-de-ahorros/como-ver-estados-de-cuenta-ahorros-bcp,2026-09-13 19:43:58 +00:00,2026-08-26 00:21:07 +00:00,2026-10-06T19:22:42.646Z,10061922-1987-0381-0000-9919d76c08e4,research/pibank-expanded-2026-10-06/ranked-08-page2-provider.json,,not_selected_for_capture_plan
BCP,swift de bcp,swift de bcp,170,1,https://www.viabcp.com/empresas/comercio-exterior/pagos-internacionales/transferencias-del-exterior,2026-09-14 17:26:39 +00:00,2026-08-25 22:06:54 +00:00,2026-10-06T19:22:42.646Z,10061922-1987-0381-0000-9919d76c08e4,research/pibank-expanded-2026-10-06/ranked-08-page2-provider.json,,not_selected_for_capture_plan
BCP,teléfono de yape,telefono de yape,170,39,https://www.viabcp.com/cuentas/cuenta-ahorro/cuenta-yape,2026-09-13 15:09:18 +00:00,2026-09-28 07:01:25 +00:00,2026-10-06T19:22:42.646Z,10061922-1987-0381-0000-9919d76c08e4,research/pibank-expanded-2026-10-06/ranked-08-page2-provider.json,,not_selected_for_capture_plan
BCP,transferencia interbancaria bcp a interbank,transferencia interbancaria bcp a interbank,170,1,https://www.viabcp.com/otros-servicios/envios-nacionales/transferencias-interbancarias-diferidas,2026-09-15 10:25:47 +00:00,2026-08-14 05:06:49 +00:00,2026-10-06T19:22:42.646Z,10061922-1987-0381-0000-9919d76c08e4,research/pibank-expanded-2026-10-06/ranked-08-page2-provider.json,,not_selected_for_capture_plan
BCP,utilidades 2026 cuánto se paga,utilidades 2026 cuanto se paga,170,3,https://www.viabcp.com/blog-bcp/deposito-utilidades-como-funciona-ahorros,2026-09-14 19:43:35 +00:00,2026-08-25 15:18:47 +00:00,2026-10-06T19:22:42.646Z,10061922-1987-0381-0000-9919d76c08e4,research/pibank-expanded-2026-10-06/ranked-08-page2-provider.json,,not_selected_for_capture_plan
BCP,utilidades en peru,utilidades en peru,170,4,https://www.viabcp.com/blog-bcp/deposito-utilidades-como-funciona-ahorros,2026-09-17 01:23:05 +00:00,2026-08-25 15:35:39 +00:00,2026-10-06T19:22:42.646Z,10061922-1987-0381-0000-9919d76c08e4,research/pibank-expanded-2026-10-06/ranked-08-page2-provider.json,,not_selected_for_capture_plan
BCP,utilidades peru,utilidades peru,170,5,https://www.viabcp.com/blog-bcp/deposito-utilidades-como-funciona-ahorros,2026-09-13 09:38:41 +00:00,2026-09-02 16:16:24 +00:00,2026-10-06T19:22:42.646Z,10061922-1987-0381-0000-9919d76c08e4,research/pibank-expanded-2026-10-06/ranked-08-page2-provider.json,,not_selected_for_capture_plan
BCP,www viabcp com ahorra y gana bcp,www viabcp com ahorra y gana bcp,170,1,https://www.viabcp.com/millas-bcp-ahorro,2026-09-13 04:27:47 +00:00,2026-08-22 04:39:11 +00:00,2026-10-06T19:22:42.646Z,10061922-1987-0381-0000-9919d76c08e4,research/pibank-expanded-2026-10-06/ranked-08-page2-provider.json,,not_selected_for_capture_plan
BCP,www yape com pe ayuda,www yape com pe ayuda,170,11,https://www.viabcp.com/cuentas/cuenta-ahorro/cuenta-yape,2026-09-13 02:04:44 +00:00,2026-08-14 01:39:00 +00:00,2026-10-06T19:22:42.646Z,10061922-1987-0381-0000-9919d76c08e4,research/pibank-expanded-2026-10-06/ranked-08-page2-provider.json,,not_selected_for_capture_plan
BCP,yape celular,yape celular,170,13,https://www.viabcp.com/cuentas/cuenta-ahorro/cuenta-yape,2026-09-15 16:42:54 +00:00,2026-08-22 04:27:14 +00:00,2026-10-06T19:22:42.646Z,10061922-1987-0381-0000-9919d76c08e4,research/pibank-expanded-2026-10-06/ranked-08-page2-provider.json,,not_selected_for_capture_plan
BCP,yape con dni sigue funcionando,yape con dni sigue funcionando,170,24,https://www.viabcp.com/cuentas/cuenta-ahorro/cuenta-yape,2026-09-14 12:42:26 +00:00,2026-08-22 04:13:03 +00:00,2026-10-06T19:22:42.646Z,10061922-1987-0381-0000-9919d76c08e4,research/pibank-expanded-2026-10-06/ranked-08-page2-provider.json,,not_selected_for_capture_plan
BCP,yape contacto,yape contacto,170,41,https://www.viabcp.com/cuentas/cuenta-ahorro/cuenta-yape,2026-09-12 04:06:32 +00:00,2026-09-27 18:27:01 +00:00,2026-10-06T19:22:42.646Z,10061922-1987-0381-0000-9919d76c08e4,research/pibank-expanded-2026-10-06/ranked-08-page2-provider.json,,not_selected_for_capture_plan
BCP,yape dni,yape dni,170,14,https://www.viabcp.com/cuentas/cuenta-ahorro/cuenta-yape,2026-09-16 13:53:54 +00:00,2026-08-14 01:49:39 +00:00,2026-10-06T19:22:42.646Z,10061922-1987-0381-0000-9919d76c08e4,research/pibank-expanded-2026-10-06/ranked-08-page2-provider.json,,not_selected_for_capture_plan
BCP,yape numero de telefono,yape numero de telefono,170,45,https://www.viabcp.com/cuentas/cuenta-ahorro/cuenta-yape,2026-09-13 10:28:27 +00:00,2026-08-22 04:26:49 +00:00,2026-10-06T19:22:42.646Z,10061922-1987-0381-0000-9919d76c08e4,research/pibank-expanded-2026-10-06/ranked-08-page2-provider.json,,not_selected_for_capture_plan
BCP,yape para pc,yape para pc,170,9,https://www.viabcp.com/cuentas/cuenta-ahorro/cuenta-yape,2026-09-13 02:30:49 +00:00,2026-08-22 04:27:38 +00:00,2026-10-06T19:22:42.646Z,10061922-1987-0381-0000-9919d76c08e4,research/pibank-expanded-2026-10-06/ranked-08-page2-provider.json,,not_selected_for_capture_plan
BCP,yape peru descargar,yape peru descargar,170,19,https://www.viabcp.com/cuentas/cuenta-ahorro/cuenta-yape,2026-09-14 20:54:33 +00:00,2026-09-27 18:05:44 +00:00,2026-10-06T19:22:42.646Z,10061922-1987-0381-0000-9919d76c08e4,research/pibank-expanded-2026-10-06/ranked-08-page2-provider.json,,not_selected_for_capture_plan
BCP,yape por internet,yape por internet,170,5,https://www.viabcp.com/cuentas/cuenta-ahorro/cuenta-yape,2026-09-14 00:08:25 +00:00,2026-09-27 18:08:58 +00:00,2026-10-06T19:22:42.646Z,10061922-1987-0381-0000-9919d76c08e4,research/pibank-expanded-2026-10-06/ranked-08-page2-provider.json,,not_selected_for_capture_plan
BCP,yape recuperar cuenta,yape recuperar cuenta,170,21,https://www.viabcp.com/cuentas/cuenta-ahorro/cuenta-yape,2026-09-13 08:45:02 +00:00,2026-08-22 04:11:44 +00:00,2026-10-06T19:22:42.646Z,10061922-1987-0381-0000-9919d76c08e4,research/pibank-expanded-2026-10-06/ranked-08-page2-provider.json,,not_selected_for_capture_plan
BCP,yape saldo,yape saldo,170,5,https://www.viabcp.com/cuentas/cuenta-ahorro/cuenta-yape,2026-09-15 14:09:51 +00:00,2026-08-22 04:08:24 +00:00,2026-10-06T19:22:42.646Z,10061922-1987-0381-0000-9919d76c08e4,research/pibank-expanded-2026-10-06/ranked-08-page2-provider.json,,not_selected_for_capture_plan
BCP,cheque certificado,cheque certificado,140,11,https://www.viabcp.com/informacion/todo-sobre-cuentas,2026-09-13 13:09:59 +00:00,2026-09-01 03:34:34 +00:00,2026-10-06T19:22:42.646Z,10061922-1987-0381-0000-9919d76c08e4,research/pibank-expanded-2026-10-06/ranked-08-page2-provider.json,,not_selected_for_capture_plan
BCP,como recibir dinero del extranjero,como recibir dinero del extranjero,140,51,https://www.viabcp.com/otros-servicios/envios-internacionales/transferencias-al-exterior,2026-09-15 20:54:13 +00:00,2026-08-31 23:22:54 +00:00,2026-10-06T19:22:42.646Z,10061922-1987-0381-0000-9919d76c08e4,research/pibank-expanded-2026-10-06/ranked-08-page2-provider.json,,not_selected_for_capture_plan
BCP,como se calcula la tasa de interes,como se calcula la tasa de interes,140,23,https://www.viabcp.com/blog-bcp/rol-tasas-interes-cuenta-ahorro,2026-09-12 15:10:26 +00:00,2026-07-05 21:35:34 +00:00,2026-10-06T19:22:42.646Z,10061922-1987-0381-0000-9919d76c08e4,research/pibank-expanded-2026-10-06/ranked-08-page2-provider.json,,not_selected_for_capture_plan
BCP,como vincular mi yape con dni a tarjeta,como vincular mi yape con dni a tarjeta,140,14,https://www.viabcp.com/cuentas/cuenta-ahorro/cuenta-yape,2026-09-13 19:36:34 +00:00,2026-08-31 22:16:46 +00:00,2026-10-06T19:22:42.646Z,10061922-1987-0381-0000-9919d76c08e4,research/pibank-expanded-2026-10-06/ranked-08-page2-provider.json,,not_selected_for_capture_plan
BCP,consulta de numero de cuenta bcp,consulta de numero de cuenta bcp,140,1,https://www.viabcp.com/ayuda-bcp/cuenta-de-ahorros/como-saber-numero-cuenta-ahorros-bcp-y-codigo-interbancario-cci,2026-09-16 08:22:14 +00:00,2026-08-31 21:20:22 +00:00,2026-10-06T19:22:42.646Z,10061922-1987-0381-0000-9919d76c08e4,research/pibank-expanded-2026-10-06/ranked-08-page2-provider.json,,not_selected_for_capture_plan
BCP,consulta número de cuenta bcp,consulta numero de cuenta bcp,140,1,https://www.viabcp.com/ayuda-bcp/cuenta-de-ahorros/como-saber-numero-cuenta-ahorros-bcp-y-codigo-interbancario-cci,2026-09-16 05:20:53 +00:00,2026-08-31 21:18:59 +00:00,2026-10-06T19:22:42.646Z,10061922-1987-0381-0000-9919d76c08e4,research/pibank-expanded-2026-10-06/ranked-08-page2-provider.json,,not_selected_for_capture_plan
BCP,consultar numero de cuenta bcp,consultar numero de cuenta bcp,140,1,https://www.viabcp.com/ayuda-bcp/cuenta-de-ahorros/como-saber-numero-cuenta-ahorros-bcp-y-codigo-interbancario-cci,2026-09-13 23:59:48 +00:00,2026-08-31 21:11:27 +00:00,2026-10-06T19:22:42.646Z,10061922-1987-0381-0000-9919d76c08e4,research/pibank-expanded-2026-10-06/ranked-08-page2-provider.json,,not_selected_for_capture_plan
BCP,contraseña para abrir estado de cuenta bcp empresa,contrasena para abrir estado de cuenta bcp empresa,140,1,https://www.viabcp.com/empresas/cuentas/cuenta-corriente/persona-juridica,2026-09-15 11:58:45 +00:00,2026-08-31 21:09:10 +00:00,2026-10-06T19:22:42.646Z,10061922-1987-0381-0000-9919d76c08e4,research/pibank-expanded-2026-10-06/ranked-08-page2-provider.json,,not_selected_for_capture_plan
BCP,cts tarjeta oh,cts tarjeta oh,140,13,https://www.viabcp.com/cuentas/cuenta-sueldo/cuenta-cts-bcp,2026-09-12 20:08:37 +00:00,2026-08-31 16:11:16 +00:00,2026-10-06T19:22:42.646Z,10061922-1987-0381-0000-9919d76c08e4,research/pibank-expanded-2026-10-06/ranked-08-page2-provider.json,,not_selected_for_capture_plan
BCP,cuantos hijos tiene richard acuña,cuantos hijos tiene richard acuna,140,88,https://www.viabcp.com/blog-bcp/como-ahorrar-educacion-hijos-inversion,2026-09-13 22:14:45 +00:00,2026-09-19 16:24:40 +00:00,2026-10-06T19:22:42.646Z,10061922-1987-0381-0000-9919d76c08e4,research/pibank-expanded-2026-10-06/ranked-08-page2-provider.json,,not_selected_for_capture_plan
BCP,cuenta sueldo bcp promociones,cuenta sueldo bcp promociones,140,1,https://www.viabcp.com/cuentas/cuenta-sueldo,2026-09-12 21:37:31 +00:00,2026-08-31 18:44:17 +00:00,2026-10-06T19:22:42.646Z,10061922-1987-0381-0000-9919d76c08e4,research/pibank-expanded-2026-10-06/ranked-08-page2-provider.json,,not_selected_for_capture_plan
BCP,gastos innecesarios,gastos innecesarios,140,3,https://www.viabcp.com/blog-bcp/convertir-gastos-innecesarios-en-ahorros-significativo,2026-09-17 19:59:03 +00:00,2026-07-10 14:01:52 +00:00,2026-10-06T19:22:42.646Z,10061922-1987-0381-0000-9919d76c08e4,research/pibank-expanded-2026-10-06/ranked-08-page2-provider.json,,not_selected_for_capture_plan
BCP,la familia y el ahorro,la familia y el ahorro,140,1,https://www.viabcp.com/blog-bcp/por-que-ahorrar-invertir-familia,2026-09-13 05:20:23 +00:00,2026-08-29 00:08:49 +00:00,2026-10-06T19:22:42.646Z,10061922-1987-0381-0000-9919d76c08e4,research/pibank-expanded-2026-10-06/ranked-08-page2-provider.json,,not_selected_for_capture_plan
BCP,porque es importante ahorrar,porque es importante ahorrar,140,14,https://www.viabcp.com/blog-bcp/por-que-ahorrar-invertir-familia,2026-09-15 22:56:09 +00:00,2026-09-03 06:11:39 +00:00,2026-10-06T19:22:42.646Z,10061922-1987-0381-0000-9919d76c08e4,research/pibank-expanded-2026-10-06/ranked-08-page2-provider.json,,not_selected_for_capture_plan
BCP,promociones cuenta sueldo bcp,promociones cuenta sueldo bcp,140,1,https://www.viabcp.com/cuentas/cuenta-sueldo,2026-09-16 13:18:15 +00:00,2026-08-27 02:23:36 +00:00,2026-10-06T19:22:42.646Z,10061922-1987-0381-0000-9919d76c08e4,research/pibank-expanded-2026-10-06/ranked-08-page2-provider.json,,not_selected_for_capture_plan
BCP,yape aplicacion,yape aplicacion,140,28,https://www.viabcp.com/cuentas/cuenta-ahorro/cuenta-yape,2026-09-12 11:08:35 +00:00,2026-10-03 09:05:32 +00:00,2026-10-06T19:22:42.646Z,10061922-1987-0381-0000-9919d76c08e4,research/pibank-expanded-2026-10-06/ranked-08-page2-provider.json,,not_selected_for_capture_plan
BCP,yape para descargar,yape para descargar,140,26,https://www.viabcp.com/cuentas/cuenta-ahorro/cuenta-yape,2026-09-13 07:35:49 +00:00,2026-08-22 04:09:55 +00:00,2026-10-06T19:22:42.646Z,10061922-1987-0381-0000-9919d76c08e4,research/pibank-expanded-2026-10-06/ranked-08-page2-provider.json,,not_selected_for_capture_plan
BCP,direccion de la sucursal bcp,direccion de la sucursal bcp,110,1,https://www.viabcp.com/empresas/comercio-exterior/pagos-internacionales/transferencias-del-exterior,2026-09-14 08:33:44 +00:00,2026-08-31 23:23:45 +00:00,2026-10-06T19:22:42.646Z,10061922-1987-0381-0000-9919d76c08e4,research/pibank-expanded-2026-10-06/ranked-08-page2-provider.json,,not_selected_for_capture_plan
BCP,dirección de la sucursal bcp,direccion de la sucursal bcp,110,1,https://www.viabcp.com/empresas/comercio-exterior/pagos-internacionales/transferencias-del-exterior,2026-09-13 00:42:44 +00:00,2026-07-07 16:33:28 +00:00,2026-10-06T19:22:42.646Z,10061922-1987-0381-0000-9919d76c08e4,research/pibank-expanded-2026-10-06/ranked-08-page2-provider.json,,not_selected_for_capture_plan
BCP,enviar dinero,enviar dinero,110,30,https://www.viabcp.com/otros-servicios/envios-internacionales/transferencias-al-exterior,2026-09-17 04:15:50 +00:00,2026-08-30 12:12:36 +00:00,2026-10-06T19:22:42.646Z,10061922-1987-0381-0000-9919d76c08e4,research/pibank-expanded-2026-10-06/ranked-08-page2-provider.json,,not_selected_for_capture_plan
BCP,utilidades 2025 cuando se paga,utilidades 2025 cuando se paga,110,18,https://www.viabcp.com/blog-bcp/deposito-utilidades-como-funciona-ahorros,2026-09-17 12:08:34 +00:00,2026-07-08 19:02:59 +00:00,2026-10-06T19:22:42.646Z,10061922-1987-0381-0000-9919d76c08e4,research/pibank-expanded-2026-10-06/ranked-08-page2-provider.json,,not_selected_for_capture_plan
BCP,depósito a plazo fijo bcp tasa de interés 2025,deposito a plazo fijo bcp tasa de interes 2025,90,1,https://www.viabcp.com/inversiones/deposito-plazo-fijo,2026-09-12 06:43:47 +00:00,2026-08-31 13:28:05 +00:00,2026-10-06T19:22:42.646Z,10061922-1987-0381-0000-9919d76c08e4,research/pibank-expanded-2026-10-06/ranked-08-page2-provider.json,,not_selected_for_capture_plan
BCP,circo del cuy magico entradas,circo del cuy magico entradas,10,1,https://www.viabcp.com/promos-ahorros-bcp,2026-09-12 00:29:58 +00:00,2026-08-04 11:43:20 +00:00,2026-10-06T19:22:42.646Z,10061922-1987-0381-0000-9919d76c08e4,research/pibank-expanded-2026-10-06/ranked-08-page2-provider.json,,not_selected_for_capture_plan
BBVA,afp,afp,246000,9,https://www.bbva.pe/blog/mis-finanzas/ahorro/que-es-una-afp.html,2026-09-15 20:10:39 +00:00,2026-09-01 04:36:49 +00:00,2026-10-06T19:16:42.923Z,10061916-1987-0381-0000-155364d725ca,research/pibank-expanded-2026-10-06/ranked-09-provider.json,,not_selected_for_capture_plan
BBVA,western union,western union,201000,8,https://www.bbva.pe/blog/mis-finanzas/ahorro/que-es-western-union.html,2026-09-15 16:49:27 +00:00,2026-07-10 19:16:21 +00:00,2026-10-06T19:16:42.923Z,10061916-1987-0381-0000-155364d725ca,research/pibank-expanded-2026-10-06/ranked-09-provider.json,,not_selected_for_capture_plan
BBVA,paypal,paypal,110000,6,https://www.bbva.pe/blog/mis-finanzas/ahorro/cuenta-paypal-peru.html,2026-09-13 06:12:48 +00:00,2026-07-10 19:39:32 +00:00,2026-10-06T19:16:42.923Z,10061916-1987-0381-0000-155364d725ca,research/pibank-expanded-2026-10-06/ranked-09-provider.json,,not_selected_for_capture_plan
BBVA,cci bcp,cci bcp,33100,17,https://www.bbva.pe/personas/productos/cuentas/servicios/interbancario-cci-codigo-swift.html,2026-09-16 01:38:10 +00:00,2026-09-01 10:10:16 +00:00,2026-10-06T19:16:42.923Z,10061916-1987-0381-0000-155364d725ca,research/pibank-expanded-2026-10-06/ranked-09-provider.json,,not_selected_for_capture_plan
BBVA,codigo interbancario bcp,codigo interbancario bcp,33100,26,https://www.bbva.pe/personas/productos/cuentas/servicios/interbancario-cci-codigo-swift.html,2026-09-16 04:57:43 +00:00,2026-07-10 21:54:02 +00:00,2026-10-06T19:16:42.923Z,10061916-1987-0381-0000-155364d725ca,research/pibank-expanded-2026-10-06/ranked-09-provider.json,,not_selected_for_capture_plan
BBVA,afp consulta saldo,afp consulta saldo,22200,10,https://www.bbva.pe/blog/mis-finanzas/ahorro/como-consultar-tu-saldo-en-afp-rapidamente.html,2026-09-14 17:50:55 +00:00,2026-09-01 13:26:39 +00:00,2026-10-06T19:16:42.923Z,10061916-1987-0381-0000-155364d725ca,research/pibank-expanded-2026-10-06/ranked-09-provider.json,,not_selected_for_capture_plan
BBVA,cts,cts,22200,29,https://www.bbva.pe/blog/mis-finanzas/ahorro/que-es-la-cts-preguntas-frecuentes.html,2026-09-13 13:52:33 +00:00,2026-09-01 13:24:54 +00:00,2026-10-06T19:16:42.923Z,10061916-1987-0381-0000-155364d725ca,research/pibank-expanded-2026-10-06/ranked-09-provider.json,,not_selected_for_capture_plan
BBVA,bbva entorno colaborativo,bbva entorno colaborativo,18100,2,https://www.bbva.pe/personas/productos/cuentas/promociones/colaboradores.html,2026-09-12 14:49:29 +00:00,2026-09-01 15:54:05 +00:00,2026-10-06T19:16:42.923Z,10061916-1987-0381-0000-155364d725ca,research/pibank-expanded-2026-10-06/ranked-09-provider.json,,not_selected_for_capture_plan
BBVA,entorno colaborativo bbva,entorno colaborativo bbva,18100,2,https://www.bbva.pe/personas/productos/cuentas/promociones/colaboradores.html,2026-09-13 23:15:38 +00:00,2026-09-01 15:27:49 +00:00,2026-10-06T19:16:42.923Z,10061916-1987-0381-0000-155364d725ca,research/pibank-expanded-2026-10-06/ranked-09-provider.json,,not_selected_for_capture_plan
BBVA,moneygram,moneygram,18100,4,https://www.bbva.pe/blog/mis-finanzas/ahorro/para-que-sirve-moneygram.html,2026-09-17 17:18:37 +00:00,2026-09-01 17:40:11 +00:00,2026-10-06T19:16:42.923Z,10061916-1987-0381-0000-155364d725ca,research/pibank-expanded-2026-10-06/ranked-09-provider.json,,not_selected_for_capture_plan
BBVA,retiro afp prima,retiro afp prima,18100,41,https://www.bbva.pe/blog/mis-finanzas/ahorro/cuando-y-como-puedo-retirar-dinero-de-mi-afp.html,2026-09-12 20:21:17 +00:00,2026-09-01 14:12:16 +00:00,2026-10-06T19:16:42.923Z,10061916-1987-0381-0000-155364d725ca,research/pibank-expanded-2026-10-06/ranked-09-provider.json,,not_selected_for_capture_plan
BBVA,www consulta retiro afp 2025,www consulta retiro afp 2025,18100,8,https://www.bbva.pe/blog/mis-finanzas/ahorro/seguimiento-retiro-afp-2025.html,2026-09-16 06:16:53 +00:00,2026-07-10 22:03:26 +00:00,2026-10-06T19:16:42.923Z,10061916-1987-0381-0000-155364d725ca,research/pibank-expanded-2026-10-06/ranked-09-provider.json,,not_selected_for_capture_plan
BBVA,asociacion de afp,asociacion de afp,14800,23,https://www.bbva.pe/blog/mis-finanzas/ahorro/que-es-una-afp.html,2026-09-16 19:44:53 +00:00,2026-07-11 05:50:14 +00:00,2026-10-06T19:16:42.923Z,10061916-1987-0381-0000-155364d725ca,research/pibank-expanded-2026-10-06/ranked-09-provider.json,,not_selected_for_capture_plan
BBVA,asociación de afp,asociacion de afp,14800,20,https://www.bbva.pe/blog/mis-finanzas/ahorro/que-es-una-afp.html,2026-09-16 19:17:31 +00:00,2026-07-11 05:58:08 +00:00,2026-10-06T19:16:42.923Z,10061916-1987-0381-0000-155364d725ca,research/pibank-expanded-2026-10-06/ranked-09-provider.json,,not_selected_for_capture_plan
BBVA,www consulta retiro afp integra,www consulta retiro afp integra,14800,4,https://www.bbva.pe/blog/mis-finanzas/ahorro/seguimiento-retiro-afp-2025.html,2026-09-14 16:16:38 +00:00,2026-09-01 16:07:12 +00:00,2026-10-06T19:16:42.923Z,10061916-1987-0381-0000-155364d725ca,research/pibank-expanded-2026-10-06/ranked-09-provider.json,,not_selected_for_capture_plan
BBVA,entorno colaborativo,entorno colaborativo,12100,17,https://www.bbva.pe/personas/productos/cuentas/promociones/colaboradores.html,2026-09-17 12:21:19 +00:00,2026-07-10 22:42:27 +00:00,2026-10-06T19:16:42.923Z,10061916-1987-0381-0000-155364d725ca,research/pibank-expanded-2026-10-06/ranked-09-provider.json,,not_selected_for_capture_plan
BBVA,retiro afp 2025 solicitud denegada,retiro afp 2025 solicitud denegada,12100,27,https://www.bbva.pe/blog/mis-finanzas/ahorro/seguimiento-retiro-afp-2025.html,2026-09-14 00:03:44 +00:00,2026-09-01 19:59:29 +00:00,2026-10-06T19:16:42.923Z,10061916-1987-0381-0000-155364d725ca,research/pibank-expanded-2026-10-06/ranked-09-provider.json,,not_selected_for_capture_plan
BBVA,afp profuturo consulta retiro,afp profuturo consulta retiro,9900,27,https://www.bbva.pe/blog/mis-finanzas/ahorro/seguimiento-retiro-afp-2025.html,2026-09-16 17:06:28 +00:00,2026-07-10 23:27:56 +00:00,2026-10-06T19:16:42.923Z,10061916-1987-0381-0000-155364d725ca,research/pibank-expanded-2026-10-06/ranked-09-provider.json,,not_selected_for_capture_plan
BBVA,bbva cci,bbva cci,9900,1,https://www.bbva.pe/personas/productos/cuentas/servicios/interbancario-cci-codigo-swift.html,2026-09-13 07:17:29 +00:00,2026-09-02 02:54:13 +00:00,2026-10-06T19:16:42.923Z,10061916-1987-0381-0000-155364d725ca,research/pibank-expanded-2026-10-06/ranked-09-provider.json,,not_selected_for_capture_plan
BBVA,cci,cci,9900,4,https://www.bbva.pe/personas/productos/cuentas/servicios/interbancario-cci-codigo-swift.html,2026-09-14 05:11:53 +00:00,2026-09-02 02:48:23 +00:00,2026-10-06T19:16:42.923Z,10061916-1987-0381-0000-155364d725ca,research/pibank-expanded-2026-10-06/ranked-09-provider.json,,not_selected_for_capture_plan
BBVA,cci bbva,cci bbva,9900,1,https://www.bbva.pe/personas/productos/cuentas/servicios/interbancario-cci-codigo-swift.html,2026-09-13 14:20:20 +00:00,2026-07-10 23:11:42 +00:00,2026-10-06T19:16:42.923Z,10061916-1987-0381-0000-155364d725ca,research/pibank-expanded-2026-10-06/ranked-09-provider.json,,not_selected_for_capture_plan
BBVA,codigo interbancario bbva,codigo interbancario bbva,9900,1,https://www.bbva.pe/personas/productos/cuentas/servicios/interbancario-cci-codigo-swift.html,2026-09-13 12:09:27 +00:00,2026-07-10 23:23:58 +00:00,2026-10-06T19:16:42.923Z,10061916-1987-0381-0000-155364d725ca,research/pibank-expanded-2026-10-06/ranked-09-provider.json,,not_selected_for_capture_plan
BBVA,pos,pos,9900,3,https://www.bbva.pe/blog/mi-empresa/como-adquirir-un-pos-conoce-la-guia-detallada-que-todo-negociante-debe-tener-en-cuenta.html,2026-09-12 18:11:08 +00:00,2026-09-01 23:51:59 +00:00,2026-10-06T19:16:42.923Z,10061916-1987-0381-0000-155364d725ca,research/pibank-expanded-2026-10-06/ranked-09-provider.json,,not_selected_for_capture_plan
BBVA,ahorro,ahorro,8100,30,https://www.bbva.pe/blog/mis-finanzas/ahorro/que-es-una-cuenta-de-ahorro-y-como-funciona.html,2026-09-12 13:35:13 +00:00,2026-07-11 00:19:57 +00:00,2026-10-06T19:16:42.923Z,10061916-1987-0381-0000-155364d725ca,research/pibank-expanded-2026-10-06/ranked-09-provider.json,,not_selected_for_capture_plan
BBVA,cci banco de la nacion,cci banco de la nacion,8100,19,https://www.bbva.pe/personas/productos/cuentas/servicios/interbancario-cci-codigo-swift.html,2026-09-14 01:11:31 +00:00,2026-09-02 08:26:23 +00:00,2026-10-06T19:16:42.923Z,10061916-1987-0381-0000-155364d725ca,research/pibank-expanded-2026-10-06/ranked-09-provider.json,,not_selected_for_capture_plan
BBVA,cci banco de la nación,cci banco de la nacion,8100,19,https://www.bbva.pe/personas/productos/cuentas/servicios/interbancario-cci-codigo-swift.html,2026-09-15 07:08:52 +00:00,2026-09-02 08:13:43 +00:00,2026-10-06T19:16:42.923Z,10061916-1987-0381-0000-155364d725ca,research/pibank-expanded-2026-10-06/ranked-09-provider.json,,not_selected_for_capture_plan
BBVA,cci interbank,cci interbank,8100,7,https://www.bbva.pe/personas/productos/cuentas/servicios/interbancario-cci-codigo-swift.html,2026-09-13 21:13:42 +00:00,2026-07-10 23:49:20 +00:00,2026-10-06T19:16:42.923Z,10061916-1987-0381-0000-155364d725ca,research/pibank-expanded-2026-10-06/ranked-09-provider.json,,not_selected_for_capture_plan
BBVA,codigo interbancario banco de la nacion,codigo interbancario banco de la nacion,8100,48,https://www.bbva.pe/personas/productos/cuentas/servicios/interbancario-cci-codigo-swift.html,2026-09-15 01:14:37 +00:00,2026-09-02 08:11:25 +00:00,2026-10-06T19:16:42.923Z,10061916-1987-0381-0000-155364d725ca,research/pibank-expanded-2026-10-06/ranked-09-provider.json,,not_selected_for_capture_plan
BBVA,código interbancario banco de la nación,codigo interbancario banco de la nacion,8100,44,https://www.bbva.pe/personas/productos/cuentas/servicios/interbancario-cci-codigo-swift.html,2026-09-15 22:31:51 +00:00,2026-09-02 07:38:42 +00:00,2026-10-06T19:16:42.923Z,10061916-1987-0381-0000-155364d725ca,research/pibank-expanded-2026-10-06/ranked-09-provider.json,,not_selected_for_capture_plan
BBVA,detracciones,detracciones,8100,4,https://www.bbva.pe/blog/mis-finanzas/ahorro/cual-es-la-cuenta-de-detracciones.html,2026-09-13 11:40:05 +00:00,2026-09-02 07:51:18 +00:00,2026-10-06T19:16:42.923Z,10061916-1987-0381-0000-155364d725ca,research/pibank-expanded-2026-10-06/ranked-09-provider.json,,not_selected_for_capture_plan
BBVA,gratificaciones,gratificaciones,8100,22,https://www.bbva.pe/blog/mis-finanzas/ahorro/gratificacion-que-es-como-se-calcula.html,2026-09-15 14:53:37 +00:00,2026-09-02 06:44:51 +00:00,2026-10-06T19:16:42.923Z,10061916-1987-0381-0000-155364d725ca,research/pibank-expanded-2026-10-06/ranked-09-provider.json,,not_selected_for_capture_plan
BBVA,gratificación,gratificacion,8100,15,https://www.bbva.pe/blog/mis-finanzas/ahorro/gratificacion-que-es-como-se-calcula.html,2026-09-12 01:30:01 +00:00,2026-09-02 06:59:52 +00:00,2026-10-06T19:16:42.923Z,10061916-1987-0381-0000-155364d725ca,research/pibank-expanded-2026-10-06/ranked-09-provider.json,,not_selected_for_capture_plan
BBVA,retiro de afp 2026,retiro de afp 2026,8100,69,https://www.bbva.pe/blog/mis-finanzas/ahorro/cuando-y-como-puedo-retirar-dinero-de-mi-afp.html,2026-09-14 21:49:44 +00:00,2026-09-02 10:26:52 +00:00,2026-10-06T19:16:42.923Z,10061916-1987-0381-0000-155364d725ca,research/pibank-expanded-2026-10-06/ranked-09-provider.json,,not_selected_for_capture_plan
BBVA,seguimiento retiro afp,seguimiento retiro afp,8100,4,https://www.bbva.pe/blog/mis-finanzas/ahorro/seguimiento-retiro-afp-2025.html,2026-09-15 18:13:08 +00:00,2026-09-02 04:28:24 +00:00,2026-10-06T19:16:42.923Z,10061916-1987-0381-0000-155364d725ca,research/pibank-expanded-2026-10-06/ranked-09-provider.json,,not_selected_for_capture_plan
BBVA,www consulta retiro afp,www consulta retiro afp,8100,7,https://www.bbva.pe/blog/mis-finanzas/ahorro/seguimiento-retiro-afp-2025.html,2026-09-12 11:44:58 +00:00,2026-09-02 03:38:02 +00:00,2026-10-06T19:16:42.923Z,10061916-1987-0381-0000-155364d725ca,research/pibank-expanded-2026-10-06/ranked-09-provider.json,,not_selected_for_capture_plan
BBVA,afp consulta saldo con dni,afp consulta saldo con dni,6600,8,https://www.bbva.pe/blog/mis-finanzas/ahorro/como-consultar-tu-saldo-en-afp-rapidamente.html,2026-09-16 11:48:42 +00:00,2026-07-11 04:52:06 +00:00,2026-10-06T19:16:42.923Z,10061916-1987-0381-0000-155364d725ca,research/pibank-expanded-2026-10-06/ranked-09-provider.json,,not_selected_for_capture_plan
BBVA,afp mi cuenta,afp mi cuenta,6600,23,https://www.bbva.pe/blog/mis-finanzas/ahorro/como-consultar-tu-saldo-en-afp-rapidamente.html,2026-09-12 11:23:27 +00:00,2026-09-02 15:59:46 +00:00,2026-10-06T19:16:42.923Z,10061916-1987-0381-0000-155364d725ca,research/pibank-expanded-2026-10-06/ranked-09-provider.json,,not_selected_for_capture_plan
BBVA,banco de la nacion detracciones,banco de la nacion detracciones,6600,21,https://www.bbva.pe/blog/mis-finanzas/ahorro/cual-es-la-cuenta-de-detracciones.html,2026-09-13 14:59:25 +00:00,2026-09-02 15:23:29 +00:00,2026-10-06T19:16:42.923Z,10061916-1987-0381-0000-155364d725ca,research/pibank-expanded-2026-10-06/ranked-09-provider.json,,not_selected_for_capture_plan
BBVA,como saber cuanto tengo en mi afp,como saber cuanto tengo en mi afp,6600,9,https://www.bbva.pe/blog/mis-finanzas/ahorro/como-consultar-tu-saldo-en-afp-rapidamente.html,2026-09-14 22:53:03 +00:00,2026-07-11 00:25:57 +00:00,2026-10-06T19:16:42.923Z,10061916-1987-0381-0000-155364d725ca,research/pibank-expanded-2026-10-06/ranked-09-provider.json,,not_selected_for_capture_plan
BBVA,cooperativa,cooperativa,6600,11,https://www.bbva.pe/blog/mis-finanzas/ahorro/como-funcionan-cooperativas-ahorro-credito.html,2026-09-14 22:30:26 +00:00,2026-09-02 07:46:49 +00:00,2026-10-06T19:16:42.923Z,10061916-1987-0381-0000-155364d725ca,research/pibank-expanded-2026-10-06/ranked-09-provider.json,,not_selected_for_capture_plan
BBVA,cuenta de detracciones,cuenta de detracciones,6600,5,https://www.bbva.pe/blog/mis-finanzas/ahorro/cual-es-la-cuenta-de-detracciones.html,2026-09-15 14:51:44 +00:00,2026-09-02 14:12:12 +00:00,2026-10-06T19:16:42.923Z,10061916-1987-0381-0000-155364d725ca,research/pibank-expanded-2026-10-06/ranked-09-provider.json,,not_selected_for_capture_plan
BBVA,cuenta digital bbva,cuenta digital bbva,6600,1,https://www.bbva.pe/personas/productos/cuentas/ahorro/cuenta-digital.html,2026-09-14 16:53:57 +00:00,2026-07-11 04:18:23 +00:00,2026-10-06T19:16:42.923Z,10061916-1987-0381-0000-155364d725ca,research/pibank-expanded-2026-10-06/ranked-09-provider.json,B05,selected_exploratory_family
BBVA,deposito,deposito,6600,5,https://www.bbva.pe/blog/mis-finanzas/ahorro/Que-es-un-deposito-a-corto-plazo-bbva-peru.html,2026-09-16 12:18:06 +00:00,2026-09-04 17:45:39 +00:00,2026-10-06T19:16:42.923Z,10061916-1987-0381-0000-155364d725ca,research/pibank-expanded-2026-10-06/ranked-09-provider.json,,not_selected_for_capture_plan
BBVA,depósito,deposito,6600,21,https://www.bbva.pe/blog/mis-finanzas/inversiones/diferencias-entre-un-deposito-a-la-vista-y-un-deposito-a-plazo.html,2026-09-12 19:54:28 +00:00,2026-09-03 18:31:31 +00:00,2026-10-06T19:16:42.923Z,10061916-1987-0381-0000-155364d725ca,research/pibank-expanded-2026-10-06/ranked-09-provider.json,,not_selected_for_capture_plan
BBVA,detracciones banco de la nación,detracciones banco de la nacion,6600,19,https://www.bbva.pe/blog/mis-finanzas/ahorro/cual-es-la-cuenta-de-detracciones.html,2026-09-13 01:57:37 +00:00,2026-07-11 02:31:19 +00:00,2026-10-06T19:16:42.923Z,10061916-1987-0381-0000-155364d725ca,research/pibank-expanded-2026-10-06/ranked-09-provider.json,,not_selected_for_capture_plan
BBVA,abrir cuenta bbva,abrir cuenta bbva,5400,1,https://www.bbva.pe/personas/productos/cuentas/ahorro.html,2026-09-13 21:30:28 +00:00,2026-09-03 00:24:03 +00:00,2026-10-06T19:16:42.923Z,10061916-1987-0381-0000-155364d725ca,research/pibank-expanded-2026-10-06/ranked-09-provider.json,B05,selected_exploratory_family
BBVA,afp integra consulta de saldo,afp integra consulta de saldo,5400,30,https://www.bbva.pe/blog/mis-finanzas/ahorro/como-consultar-tu-saldo-en-afp-rapidamente.html,2026-09-14 08:41:40 +00:00,2026-09-03 00:17:28 +00:00,2026-10-06T19:16:42.923Z,10061916-1987-0381-0000-155364d725ca,research/pibank-expanded-2026-10-06/ranked-09-provider.json,,not_selected_for_capture_plan
BBVA,codigo swift interbank,codigo swift interbank,5400,27,https://www.bbva.pe/personas/productos/cuentas/servicios/interbancario-cci-codigo-swift.html,2026-09-17 09:20:32 +00:00,2026-09-03 08:16:17 +00:00,2026-10-06T19:16:42.923Z,10061916-1987-0381-0000-155364d725ca,research/pibank-expanded-2026-10-06/ranked-09-provider.json,,not_selected_for_capture_plan
BBVA,como saber cuánto tengo en mi afp con mi dni,como saber cuanto tengo en mi afp con mi dni,5400,11,https://www.bbva.pe/blog/mis-finanzas/ahorro/como-consultar-tu-saldo-en-afp-rapidamente.html,2026-09-17 06:58:43 +00:00,2026-09-02 22:41:42 +00:00,2026-10-06T19:16:42.923Z,10061916-1987-0381-0000-155364d725ca,research/pibank-expanded-2026-10-06/ranked-09-provider.json,,not_selected_for_capture_plan
BBVA,como va mi solicitud de afp,como va mi solicitud de afp,5400,5,https://www.bbva.pe/blog/mis-finanzas/ahorro/seguimiento-retiro-afp-2025.html,2026-09-16 02:01:49 +00:00,2026-09-02 22:54:53 +00:00,2026-10-06T19:16:42.923Z,10061916-1987-0381-0000-155364d725ca,research/pibank-expanded-2026-10-06/ranked-09-provider.json,,not_selected_for_capture_plan
BBVA,cts 2025,cts 2025,5400,35,https://www.bbva.pe/personas/productos/cuentas/cts.html,2026-09-14 17:05:28 +00:00,2026-07-11 02:38:07 +00:00,2026-10-06T19:16:42.923Z,10061916-1987-0381-0000-155364d725ca,research/pibank-expanded-2026-10-06/ranked-09-provider.json,,not_selected_for_capture_plan
BBVA,código swift interbank,codigo swift interbank,5400,19,https://www.bbva.pe/personas/productos/cuentas/servicios/interbancario-cci-codigo-swift.html,2026-09-15 10:33:37 +00:00,2026-09-08 11:07:33 +00:00,2026-10-06T19:16:42.923Z,10061916-1987-0381-0000-155364d725ca,research/pibank-expanded-2026-10-06/ranked-09-provider.json,,not_selected_for_capture_plan
BBVA,calcular gratificacion,calcular gratificacion,4400,13,https://www.bbva.pe/blog/mis-finanzas/ahorro/gratificacion-que-es-como-se-calcula.html,2026-09-16 23:21:37 +00:00,2026-09-03 09:07:18 +00:00,2026-10-06T19:16:42.923Z,10061916-1987-0381-0000-155364d725ca,research/pibank-expanded-2026-10-06/ranked-09-provider.json,,not_selected_for_capture_plan
BBVA,cheques,cheques,4400,62,https://www.bbva.pe/content/dam/public-web/peru/documents/prefooter/personas-naturales-y-microempresas/emision-certificacion-depositos-cobros.pdf,2026-09-16 03:04:54 +00:00,2026-07-11 06:42:27 +00:00,2026-10-06T19:16:42.923Z,10061916-1987-0381-0000-155364d725ca,research/pibank-expanded-2026-10-06/ranked-09-provider.json,,not_selected_for_capture_plan
BBVA,como va mi solicitud de retiro de afp,como va mi solicitud de retiro de afp,4400,3,https://www.bbva.pe/blog/mis-finanzas/ahorro/seguimiento-retiro-afp-2025.html,2026-09-16 13:52:11 +00:00,2026-07-11 06:34:55 +00:00,2026-10-06T19:16:42.923Z,10061916-1987-0381-0000-155364d725ca,research/pibank-expanded-2026-10-06/ranked-09-provider.json,,not_selected_for_capture_plan
BBVA,consulta multired virtual,consulta multired virtual,4400,33,https://www.bbva.pe/personas/servicios-digitales/nueva-banca-movil/consulta-tu-saldo--movimientos--y-comparte-tu-cuenta.html,2026-09-16 19:22:02 +00:00,2026-09-03 08:04:14 +00:00,2026-10-06T19:16:42.923Z,10061916-1987-0381-0000-155364d725ca,research/pibank-expanded-2026-10-06/ranked-09-provider.json,,not_selected_for_capture_plan
BBVA,consulta retiro afp,consulta retiro afp,4400,5,https://www.bbva.pe/blog/mis-finanzas/ahorro/seguimiento-retiro-afp-2025.html,2026-09-16 15:35:49 +00:00,2026-09-03 08:04:30 +00:00,2026-10-06T19:16:42.923Z,10061916-1987-0381-0000-155364d725ca,research/pibank-expanded-2026-10-06/ranked-09-provider.json,,not_selected_for_capture_plan
BBVA,cuando depositan cts,cuando depositan cts,4400,42,https://www.bbva.pe/blog/mis-finanzas/ahorro/que-es-la-cts-preguntas-frecuentes.html,2026-09-15 04:36:15 +00:00,2026-07-11 06:15:13 +00:00,2026-10-06T19:16:42.923Z,10061916-1987-0381-0000-155364d725ca,research/pibank-expanded-2026-10-06/ranked-09-provider.json,,not_selected_for_capture_plan
BBVA,cuando pagan cts,cuando pagan cts,4400,44,https://www.bbva.pe/blog/mis-finanzas/ahorro/que-es-la-cts-preguntas-frecuentes.html,2026-09-17 17:41:07 +00:00,2026-07-11 06:29:36 +00:00,2026-10-06T19:16:42.923Z,10061916-1987-0381-0000-155364d725ca,research/pibank-expanded-2026-10-06/ranked-09-provider.json,,not_selected_for_capture_plan
BBVA,cuenta bancaria,cuenta bancaria,4400,6,https://www.bbva.pe/blog/mis-finanzas/ahorro/la-importancia-de-contar-con-una-cuenta-bancaria-como-abrir-una-en-BBVA.html,2026-09-13 19:42:48 +00:00,2026-07-11 04:33:30 +00:00,2026-10-06T19:16:42.923Z,10061916-1987-0381-0000-155364d725ca,research/pibank-expanded-2026-10-06/ranked-09-provider.json,,not_selected_for_capture_plan
BBVA,cuenta sueldo bbva,cuenta sueldo bbva,4400,1,https://www.bbva.pe/personas/productos/cuentas/ahorro/sueldo.html,2026-09-14 10:59:41 +00:00,2026-09-03 07:45:44 +00:00,2026-10-06T19:16:42.923Z,10061916-1987-0381-0000-155364d725ca,research/pibank-expanded-2026-10-06/ranked-09-provider.json,,not_selected_for_capture_plan
BBVA,cómo va mi solicitud de retiro de afp,como va mi solicitud de retiro de afp,4400,6,https://www.bbva.pe/blog/mis-finanzas/ahorro/seguimiento-retiro-afp-2025.html,2026-09-17 22:53:22 +00:00,2026-09-03 07:54:30 +00:00,2026-10-06T19:16:42.923Z,10061916-1987-0381-0000-155364d725ca,research/pibank-expanded-2026-10-06/ranked-09-provider.json,,not_selected_for_capture_plan
BBVA,estado de cuenta afp,estado de cuenta afp,4400,8,https://www.bbva.pe/blog/mis-finanzas/ahorro/como-consultar-tu-saldo-en-afp-rapidamente.html,2026-09-13 14:31:42 +00:00,2026-07-11 09:40:18 +00:00,2026-10-06T19:16:42.923Z,10061916-1987-0381-0000-155364d725ca,research/pibank-expanded-2026-10-06/ranked-09-provider.json,,not_selected_for_capture_plan
BBVA,menaje,menaje,4400,56,https://www.bbva.pe/blog/mis-finanzas/ahorro/guia-menaje-para-cocina.html,2026-09-13 21:11:34 +00:00,2026-09-03 04:37:29 +00:00,2026-10-06T19:16:42.923Z,10061916-1987-0381-0000-155364d725ca,research/pibank-expanded-2026-10-06/ranked-09-provider.json,,not_selected_for_capture_plan
BBVA,multired virtual consulta,multired virtual consulta,4400,26,https://www.bbva.pe/personas/servicios-digitales/nueva-banca-movil/consulta-tu-saldo--movimientos--y-comparte-tu-cuenta.html,2026-09-17 23:52:07 +00:00,2026-09-03 04:19:10 +00:00,2026-10-06T19:16:42.923Z,10061916-1987-0381-0000-155364d725ca,research/pibank-expanded-2026-10-06/ranked-09-provider.json,,not_selected_for_capture_plan
BBVA,que es cci,que es cci,4400,5,https://www.bbva.pe/personas/productos/cuentas/servicios/interbancario-cci-codigo-swift.html,2026-09-16 17:05:21 +00:00,2026-09-03 03:09:06 +00:00,2026-10-06T19:16:42.923Z,10061916-1987-0381-0000-155364d725ca,research/pibank-expanded-2026-10-06/ranked-09-provider.json,,not_selected_for_capture_plan
BBVA,que es codigo interbancario,que es codigo interbancario,4400,5,https://www.bbva.pe/personas/productos/cuentas/servicios/interbancario-cci-codigo-swift.html,2026-09-14 12:30:59 +00:00,2026-07-11 05:25:49 +00:00,2026-10-06T19:16:42.923Z,10061916-1987-0381-0000-155364d725ca,research/pibank-expanded-2026-10-06/ranked-09-provider.json,,not_selected_for_capture_plan
BBVA,que es cts,que es cts,4400,20,https://www.bbva.pe/blog/mis-finanzas/ahorro/que-es-la-cts-preguntas-frecuentes.html,2026-09-12 09:34:23 +00:00,2026-07-11 05:25:43 +00:00,2026-10-06T19:16:42.923Z,10061916-1987-0381-0000-155364d725ca,research/pibank-expanded-2026-10-06/ranked-09-provider.json,,not_selected_for_capture_plan
BBVA,transferencia,transferencia,4400,20,https://www.bbva.pe/blog/mis-finanzas/ahorro/que-son-las-transferencias-bancarias.html,2026-09-16 13:58:49 +00:00,2026-09-03 01:12:41 +00:00,2026-10-06T19:16:42.923Z,10061916-1987-0381-0000-155364d725ca,research/pibank-expanded-2026-10-06/ranked-09-provider.json,,not_selected_for_capture_plan
BBVA,cci scotiabank,cci scotiabank,3600,26,https://www.bbva.pe/personas/productos/cuentas/servicios/interbancario-cci-codigo-swift.html,2026-09-14 02:01:27 +00:00,2026-07-11 09:48:45 +00:00,2026-10-06T19:16:42.923Z,10061916-1987-0381-0000-155364d725ca,research/pibank-expanded-2026-10-06/ranked-09-provider.json,,not_selected_for_capture_plan
BBVA,codigo interbancario scotiabank,codigo interbancario scotiabank,3600,10,https://www.bbva.pe/personas/productos/cuentas/servicios/interbancario-cci-codigo-swift.html,2026-09-16 14:38:15 +00:00,2026-09-03 19:04:19 +00:00,2026-10-06T19:16:42.923Z,10061916-1987-0381-0000-155364d725ca,research/pibank-expanded-2026-10-06/ranked-09-provider.json,,not_selected_for_capture_plan
BBVA,como calcular la gratificación,como calcular la gratificacion,3600,3,https://www.bbva.pe/blog/mis-finanzas/ahorro/gratificacion-que-es-como-se-calcula.html,2026-09-16 00:11:48 +00:00,2026-07-11 10:01:14 +00:00,2026-10-06T19:16:42.923Z,10061916-1987-0381-0000-155364d725ca,research/pibank-expanded-2026-10-06/ranked-09-provider.json,,not_selected_for_capture_plan
BBVA,como se calcula la gratificacion,como se calcula la gratificacion,3600,3,https://www.bbva.pe/blog/mis-finanzas/ahorro/gratificacion-que-es-como-se-calcula.html,2026-09-16 15:27:52 +00:00,2026-09-03 19:11:00 +00:00,2026-10-06T19:16:42.923Z,10061916-1987-0381-0000-155364d725ca,research/pibank-expanded-2026-10-06/ranked-09-provider.json,,not_selected_for_capture_plan
BBVA,como se calcula la gratificación,como se calcula la gratificacion,3600,5,https://www.bbva.pe/blog/mis-finanzas/ahorro/gratificacion-que-es-como-se-calcula.html,2026-09-15 12:05:45 +00:00,2026-07-11 06:38:53 +00:00,2026-10-06T19:16:42.923Z,10061916-1987-0381-0000-155364d725ca,research/pibank-expanded-2026-10-06/ranked-09-provider.json,,not_selected_for_capture_plan
BBVA,consulta cci bcp,consulta cci bcp,3600,25,https://www.bbva.pe/personas/productos/cuentas/servicios/interbancario-cci-codigo-swift.html,2026-09-15 08:42:33 +00:00,2026-07-11 14:59:46 +00:00,2026-10-06T19:16:42.923Z,10061916-1987-0381-0000-155364d725ca,research/pibank-expanded-2026-10-06/ranked-09-provider.json,,not_selected_for_capture_plan
BBVA,cts cuando se paga,cts cuando se paga,3600,24,https://www.bbva.pe/blog/mis-finanzas/ahorro/que-es-la-cts-preguntas-frecuentes.html,2026-09-17 07:03:46 +00:00,2026-09-03 18:34:21 +00:00,2026-10-06T19:16:42.923Z,10061916-1987-0381-0000-155364d725ca,research/pibank-expanded-2026-10-06/ranked-09-provider.json,,not_selected_for_capture_plan
BBVA,cts que es,cts que es,3600,22,https://www.bbva.pe/blog/mis-finanzas/ahorro/que-es-la-cts-preguntas-frecuentes.html,2026-09-16 10:32:55 +00:00,2026-09-03 18:34:31 +00:00,2026-10-06T19:16:42.923Z,10061916-1987-0381-0000-155364d725ca,research/pibank-expanded-2026-10-06/ranked-09-provider.json,,not_selected_for_capture_plan
BBVA,cuenta de ahorros bbva,cuenta de ahorros bbva,3600,1,https://www.bbva.pe/personas/productos/cuentas/ahorro.html,2026-09-17 18:32:24 +00:00,2026-09-03 18:30:49 +00:00,2026-10-06T19:16:42.923Z,10061916-1987-0381-0000-155364d725ca,research/pibank-expanded-2026-10-06/ranked-09-provider.json,B05,selected_exploratory_family
BBVA,cuenta de detracciones banco de la nacion,cuenta de detracciones banco de la nacion,3600,14,https://www.bbva.pe/blog/mis-finanzas/ahorro/cual-es-la-cuenta-de-detracciones.html,2026-09-16 19:15:56 +00:00,2026-07-11 09:07:16 +00:00,2026-10-06T19:16:42.923Z,10061916-1987-0381-0000-155364d725ca,research/pibank-expanded-2026-10-06/ranked-09-provider.json,,not_selected_for_capture_plan
BBVA,cuenta independencia bbva,cuenta independencia bbva,3600,1,https://www.bbva.pe/personas/productos/cuentas/ahorro/independencia.html,2026-09-15 09:36:56 +00:00,2026-09-03 18:31:07 +00:00,2026-10-06T19:16:42.923Z,10061916-1987-0381-0000-155364d725ca,research/pibank-expanded-2026-10-06/ranked-09-provider.json,,not_selected_for_capture_plan
BBVA,cuenta joven interbank,cuenta joven interbank,3600,12,https://www.bbva.pe/blog/mis-finanzas/ahorro/que-es-cuenta-joven.html,2026-09-16 19:29:58 +00:00,2026-09-03 18:42:10 +00:00,2026-10-06T19:16:42.923Z,10061916-1987-0381-0000-155364d725ca,research/pibank-expanded-2026-10-06/ranked-09-provider.json,,not_selected_for_capture_plan
BBVA,cuenta mancomunada,cuenta mancomunada,3600,21,https://www.bbva.pe/blog/mis-finanzas/cuentas-bancarias.html,2026-09-15 01:28:05 +00:00,2026-07-11 09:07:07 +00:00,2026-10-06T19:16:42.923Z,10061916-1987-0381-0000-155364d725ca,research/pibank-expanded-2026-10-06/ranked-09-provider.json,,not_selected_for_capture_plan
BBVA,cómo calcular la gratificación,como calcular la gratificacion,3600,2,https://www.bbva.pe/blog/mis-finanzas/ahorro/gratificacion-que-es-como-se-calcula.html,2026-09-14 03:16:32 +00:00,2026-09-03 18:25:58 +00:00,2026-10-06T19:16:42.923Z,10061916-1987-0381-0000-155364d725ca,research/pibank-expanded-2026-10-06/ranked-09-provider.json,,not_selected_for_capture_plan
BBVA,paypal peru,paypal peru,3600,2,https://www.bbva.pe/blog/mis-finanzas/ahorro/cuenta-paypal-peru.html,2026-09-12 19:47:17 +00:00,2026-09-03 13:47:57 +00:00,2026-10-06T19:16:42.923Z,10061916-1987-0381-0000-155364d725ca,research/pibank-expanded-2026-10-06/ranked-09-provider.json,,not_selected_for_capture_plan
BBVA,tasa de interes,tasa de interes,3600,41,https://www.bbva.pe/blog/mis-finanzas/tasa-de-interes-en-depositos-a-plazo.html,2026-09-12 22:20:21 +00:00,2026-07-11 04:49:45 +00:00,2026-10-06T19:16:42.923Z,10061916-1987-0381-0000-155364d725ca,research/pibank-expanded-2026-10-06/ranked-09-provider.json,,not_selected_for_capture_plan
BBVA,tasa de interés,tasa de interes,3600,32,https://www.bbva.pe/blog/mis-finanzas/tasa-de-interes-en-depositos-a-plazo.html,2026-09-15 23:06:51 +00:00,2026-09-03 11:19:50 +00:00,2026-10-06T19:16:42.923Z,10061916-1987-0381-0000-155364d725ca,research/pibank-expanded-2026-10-06/ranked-09-provider.json,,not_selected_for_capture_plan
BBVA,afp cronograma de pagos,afp cronograma de pagos,2900,74,https://www.bbva.pe/blog/mis-finanzas/ahorro/cuando-y-como-puedo-retirar-dinero-de-mi-afp.html,2026-09-12 23:21:55 +00:00,2026-09-04 08:12:18 +00:00,2026-10-06T19:16:42.923Z,10061916-1987-0381-0000-155364d725ca,research/pibank-expanded-2026-10-06/ranked-09-provider.json,,not_selected_for_capture_plan
BBVA,afp habitat estado de solicitud,afp habitat estado de solicitud,2900,16,https://www.bbva.pe/blog/mis-finanzas/ahorro/seguimiento-retiro-afp-2025.html,2026-09-15 12:34:55 +00:00,2026-09-04 08:23:25 +00:00,2026-10-06T19:16:42.923Z,10061916-1987-0381-0000-155364d725ca,research/pibank-expanded-2026-10-06/ranked-09-provider.json,,not_selected_for_capture_plan
BBVA,beneficios cuenta sueldo bcp,beneficios cuenta sueldo bcp,2900,35,https://www.bbva.pe/blog/mis-finanzas/ahorro/cuales-son-los-beneficios-de-tener-una-cuenta-sueldo.html,2026-09-17 22:24:00 +00:00,2026-09-04 07:37:41 +00:00,2026-10-06T19:16:42.923Z,10061916-1987-0381-0000-155364d725ca,research/pibank-expanded-2026-10-06/ranked-09-provider.json,,not_selected_for_capture_plan
BBVA,calculadora de gratificación,calculadora de gratificacion,2900,7,https://www.bbva.pe/blog/mis-finanzas/ahorro/gratificacion-que-es-como-se-calcula.html,2026-09-16 16:22:47 +00:00,2026-07-11 06:51:26 +00:00,2026-10-06T19:16:42.923Z,10061916-1987-0381-0000-155364d725ca,research/pibank-expanded-2026-10-06/ranked-09-provider.json,,not_selected_for_capture_plan
BBVA,como va mi solicitud de retiro,como va mi solicitud de retiro,2900,5,https://www.bbva.pe/blog/mis-finanzas/ahorro/seguimiento-retiro-afp-2025.html,2026-09-17 14:12:24 +00:00,2026-09-04 06:32:09 +00:00,2026-10-06T19:16:42.923Z,10061916-1987-0381-0000-155364d725ca,research/pibank-expanded-2026-10-06/ranked-09-provider.json,,not_selected_for_capture_plan
BBVA,como va mi solicitud de retiro afp,como va mi solicitud de retiro afp,2900,7,https://www.bbva.pe/blog/mis-finanzas/ahorro/seguimiento-retiro-afp-2025.html,2026-09-16 01:23:29 +00:00,2026-09-04 06:29:35 +00:00,2026-10-06T19:16:42.923Z,10061916-1987-0381-0000-155364d725ca,research/pibank-expanded-2026-10-06/ranked-09-provider.json,,not_selected_for_capture_plan
BBVA,cuando pagan la cts,cuando pagan la cts,2900,46,https://www.bbva.pe/blog/mis-finanzas/ahorro/que-es-la-cts-preguntas-frecuentes.html,2026-09-13 11:01:54 +00:00,2026-07-11 15:05:05 +00:00,2026-10-06T19:16:42.923Z,10061916-1987-0381-0000-155364d725ca,research/pibank-expanded-2026-10-06/ranked-09-provider.json,,not_selected_for_capture_plan
BBVA,cuanto tengo en mi afp,cuanto tengo en mi afp,2900,9,https://www.bbva.pe/blog/mis-finanzas/ahorro/como-consultar-tu-saldo-en-afp-rapidamente.html,2026-09-17 21:06:16 +00:00,2026-09-04 06:01:40 +00:00,2026-10-06T19:16:42.923Z,10061916-1987-0381-0000-155364d725ca,research/pibank-expanded-2026-10-06/ranked-09-provider.json,,not_selected_for_capture_plan
BBVA,cuenta de ahorros,cuenta de ahorros,2900,9,https://www.bbva.pe/personas/productos/cuentas/ahorro.html,2026-09-17 05:09:54 +00:00,2026-09-03 18:45:16 +00:00,2026-10-06T19:16:42.923Z,10061916-1987-0381-0000-155364d725ca,research/pibank-expanded-2026-10-06/ranked-09-provider.json,G01,selected_exploratory_family
BBVA,cuenta ganadora bbva,cuenta ganadora bbva,2900,1,https://www.bbva.pe/personas/productos/cuentas/ahorro/ganadora.html,2026-09-15 11:08:02 +00:00,2026-07-11 11:50:07 +00:00,2026-10-06T19:16:42.923Z,10061916-1987-0381-0000-155364d725ca,research/pibank-expanded-2026-10-06/ranked-09-provider.json,,not_selected_for_capture_plan
BBVA,gratificación diciembre 2025,gratificacion diciembre 2025,2900,29,https://www.bbva.pe/blog/mis-finanzas/ahorro/gratificacion-que-es-como-se-calcula.html,2026-09-14 20:17:36 +00:00,2026-07-11 13:54:54 +00:00,2026-10-06T19:16:42.923Z,10061916-1987-0381-0000-155364d725ca,research/pibank-expanded-2026-10-06/ranked-09-provider.json,,not_selected_for_capture_plan
BBVA,plazo fijo interbank,plazo fijo interbank,2900,15,https://www.bbva.pe/personas/productos/inversiones/depositos/deposito-plazo.html,2026-09-16 22:25:39 +00:00,2026-09-04 00:18:34 +00:00,2026-10-06T19:16:42.923Z,10061916-1987-0381-0000-155364d725ca,research/pibank-expanded-2026-10-06/ranked-09-provider.json,,not_selected_for_capture_plan
BBVA,que es el itf,que es el itf,2900,14,https://www.bbva.pe/content/dam/public-web/peru/documents/personas/productos-no-vigentes/cuenta-de-registro.pdf,2026-09-13 04:41:03 +00:00,2026-07-11 07:43:54 +00:00,2026-10-06T19:16:42.923Z,10061916-1987-0381-0000-155364d725ca,research/pibank-expanded-2026-10-06/ranked-09-provider.json,,not_selected_for_capture_plan
BBVA,remesas,remesas,2900,33,https://www.bbva.pe/personas/productos/cuentas/servicios/remesas-del-exterior.html,2026-09-12 17:44:43 +00:00,2026-07-11 11:40:52 +00:00,2026-10-06T19:16:42.923Z,10061916-1987-0381-0000-155364d725ca,research/pibank-expanded-2026-10-06/ranked-09-provider.json,,not_selected_for_capture_plan
BBVA,reutilización,reutilizacion,2900,14,https://www.bbva.pe/blog/mis-finanzas/ahorro/importancia-reutilizacion-reciclaje-en-hogar.html,2026-09-12 00:40:12 +00:00,2026-09-03 23:10:27 +00:00,2026-10-06T19:16:42.923Z,10061916-1987-0381-0000-155364d725ca,research/pibank-expanded-2026-10-06/ranked-09-provider.json,,not_selected_for_capture_plan
BBVA,saldo,saldo,2900,8,https://www.bbva.pe/personas/servicios-digitales/nueva-banca-movil/consulta-tu-saldo--movimientos--y-comparte-tu-cuenta.html,2026-09-13 09:14:03 +00:00,2026-07-11 11:44:12 +00:00,2026-10-06T19:16:42.923Z,10061916-1987-0381-0000-155364d725ca,research/pibank-expanded-2026-10-06/ranked-09-provider.json,,not_selected_for_capture_plan
BBVA,trea,trea,2900,2,https://www.bbva.pe/blog/mis-finanzas/ahorro/que-es-la-trea-y-como-se-calcula.html,2026-09-15 02:25:03 +00:00,2026-07-11 10:46:59 +00:00,2026-10-06T19:16:42.923Z,10061916-1987-0381-0000-155364d725ca,research/pibank-expanded-2026-10-06/ranked-09-provider.json,E01,selected_exploratory_family
BBVA,western,western,2900,5,https://www.bbva.pe/blog/mis-finanzas/ahorro/que-es-western-union.html,2026-09-14 18:33:37 +00:00,2026-09-03 21:09:38 +00:00,2026-10-06T19:16:42.923Z,10061916-1987-0381-0000-155364d725ca,research/pibank-expanded-2026-10-06/ranked-09-provider.json,,not_selected_for_capture_plan
BBVA,afp consulta saldo prima,afp consulta saldo prima,2400,19,https://www.bbva.pe/blog/mis-finanzas/ahorro/como-consultar-tu-saldo-en-afp-rapidamente.html,2026-09-15 23:15:17 +00:00,2026-09-04 20:29:34 +00:00,2026-10-06T19:16:42.923Z,10061916-1987-0381-0000-155364d725ca,research/pibank-expanded-2026-10-06/ranked-09-provider.json,,not_selected_for_capture_plan
BBVA,afp peru,afp peru,2400,10,https://www.bbva.pe/blog/mis-finanzas/ahorro/que-es-una-afp.html,2026-09-15 03:51:55 +00:00,2026-07-11 17:56:38 +00:00,2026-10-06T19:16:42.923Z,10061916-1987-0381-0000-155364d725ca,research/pibank-expanded-2026-10-06/ranked-09-provider.json,,not_selected_for_capture_plan
BBVA,bbva cuenta digital,bbva cuenta digital,2400,1,https://www.bbva.pe/personas/productos/cuentas/ahorro/cuenta-digital.html,2026-09-17 10:38:40 +00:00,2026-09-04 19:57:36 +00:00,2026-10-06T19:16:42.923Z,10061916-1987-0381-0000-155364d725ca,research/pibank-expanded-2026-10-06/ranked-09-provider.json,B05,selected_exploratory_family
BBVA,calcular grati,calcular grati,2400,9,https://www.bbva.pe/blog/mis-finanzas/ahorro/gratificacion-que-es-como-se-calcula.html,2026-09-13 13:54:50 +00:00,2026-09-04 19:25:58 +00:00,2026-10-06T19:16:42.923Z,10061916-1987-0381-0000-155364d725ca,research/pibank-expanded-2026-10-06/ranked-09-provider.json,,not_selected_for_capture_plan
BBVA,calculo de gratificación,calculo de gratificacion,2400,14,https://www.bbva.pe/blog/mis-finanzas/ahorro/gratificacion-que-es-como-se-calcula.html,2026-09-12 16:00:40 +00:00,2026-07-12 05:42:16 +00:00,2026-10-06T19:16:42.923Z,10061916-1987-0381-0000-155364d725ca,research/pibank-expanded-2026-10-06/ranked-09-provider.json,,not_selected_for_capture_plan
BBVA,como va,como va,2400,19,https://www.bbva.pe/personas/servicios-digitales/nueva-banca-movil/consulta-tu-saldo--movimientos--y-comparte-tu-cuenta.html,2026-09-12 11:37:26 +00:00,2026-07-12 04:17:02 +00:00,2026-10-06T19:16:42.923Z,10061916-1987-0381-0000-155364d725ca,research/pibank-expanded-2026-10-06/ranked-09-provider.json,,not_selected_for_capture_plan
BBVA,como ver mi afp,como ver mi afp,2400,14,https://www.bbva.pe/blog/mis-finanzas/ahorro/como-consultar-tu-saldo-en-afp-rapidamente.html,2026-09-12 11:13:48 +00:00,2026-07-12 04:29:14 +00:00,2026-10-06T19:16:42.923Z,10061916-1987-0381-0000-155364d725ca,research/pibank-expanded-2026-10-06/ranked-09-provider.json,,not_selected_for_capture_plan
BBVA,consulta cci,consulta cci,2400,4,https://www.bbva.pe/personas/productos/cuentas/servicios/interbancario-cci-codigo-swift.html,2026-09-13 10:04:41 +00:00,2026-09-05 07:19:36 +00:00,2026-10-06T19:16:42.923Z,10061916-1987-0381-0000-155364d725ca,research/pibank-expanded-2026-10-06/ranked-09-provider.json,,not_selected_for_capture_plan
BBVA,cuanto demora una transferencia interbancaria,cuanto demora una transferencia interbancaria,2400,29,https://www.bbva.pe/personas/servicios-digitales/transferencia-interbancaria.html,2026-09-13 03:08:26 +00:00,2026-07-12 03:49:00 +00:00,2026-10-06T19:16:42.923Z,10061916-1987-0381-0000-155364d725ca,research/pibank-expanded-2026-10-06/ranked-09-provider.json,,not_selected_for_capture_plan
BBVA,cuenta corriente,cuenta corriente,2400,4,https://www.bbva.pe/empresas/productos/cuentas/corrientes.html,2026-09-14 21:26:59 +00:00,2026-07-12 03:46:43 +00:00,2026-10-06T19:16:42.923Z,10061916-1987-0381-0000-155364d725ca,research/pibank-expanded-2026-10-06/ranked-09-provider.json,,not_selected_for_capture_plan
BBVA,cuenta detracciones,cuenta detracciones,2400,4,https://www.bbva.pe/blog/mis-finanzas/ahorro/cual-es-la-cuenta-de-detracciones.html,2026-09-17 20:29:25 +00:00,2026-09-04 18:04:41 +00:00,2026-10-06T19:16:42.923Z,10061916-1987-0381-0000-155364d725ca,research/pibank-expanded-2026-10-06/ranked-09-provider.json,,not_selected_for_capture_plan
BBVA,detraccion,detraccion,2400,7,https://www.bbva.pe/blog/mis-finanzas/ahorro/cual-es-la-cuenta-de-detracciones.html,2026-09-16 07:19:19 +00:00,2026-07-11 14:40:33 +00:00,2026-10-06T19:16:42.923Z,10061916-1987-0381-0000-155364d725ca,research/pibank-expanded-2026-10-06/ranked-09-provider.json,,not_selected_for_capture_plan
BBVA,detracciones cuenta,detracciones cuenta,2400,5,https://www.bbva.pe/blog/mis-finanzas/ahorro/cual-es-la-cuenta-de-detracciones.html,2026-09-17 20:36:09 +00:00,2026-07-12 03:35:37 +00:00,2026-10-06T19:16:42.923Z,10061916-1987-0381-0000-155364d725ca,research/pibank-expanded-2026-10-06/ranked-09-provider.json,,not_selected_for_capture_plan
BBVA,que es afp,que es afp,2400,4,https://www.bbva.pe/blog/mis-finanzas/ahorro/que-es-una-afp.html,2026-09-13 07:11:36 +00:00,2026-09-04 11:56:17 +00:00,2026-10-06T19:16:42.923Z,10061916-1987-0381-0000-155364d725ca,research/pibank-expanded-2026-10-06/ranked-09-provider.json,,not_selected_for_capture_plan
BBVA,que es la cts,que es la cts,2400,23,https://www.bbva.pe/blog/mis-finanzas/ahorro/que-es-la-cts-preguntas-frecuentes.html,2026-09-15 03:44:38 +00:00,2026-09-04 11:51:31 +00:00,2026-10-06T19:16:42.923Z,10061916-1987-0381-0000-155364d725ca,research/pibank-expanded-2026-10-06/ranked-09-provider.json,,not_selected_for_capture_plan
BBVA,retiro cts,retiro cts,2400,22,https://www.bbva.pe/blog/mis-finanzas/ahorro/como-transfiero-mi-CTS-a-mi-cuenta-de-ahorros.html,2026-09-14 09:11:31 +00:00,2026-09-04 11:09:29 +00:00,2026-10-06T19:16:42.923Z,10061916-1987-0381-0000-155364d725ca,research/pibank-expanded-2026-10-06/ranked-09-provider.json,,not_selected_for_capture_plan
BBVA,tipos de afp,tipos de afp,2400,10,https://www.bbva.pe/blog/mis-finanzas/ahorro/que-es-una-afp.html,2026-09-16 12:29:58 +00:00,2026-07-11 18:22:31 +00:00,2026-10-06T19:16:42.923Z,10061916-1987-0381-0000-155364d725ca,research/pibank-expanded-2026-10-06/ranked-09-provider.json,,not_selected_for_capture_plan
BBVA,western union lima,western union lima,2400,18,https://www.bbva.pe/blog/mis-finanzas/ahorro/que-es-western-union.html,2026-09-14 06:01:39 +00:00,2026-07-11 10:31:56 +00:00,2026-10-06T19:16:42.923Z,10061916-1987-0381-0000-155364d725ca,research/pibank-expanded-2026-10-06/ranked-09-provider.json,,not_selected_for_capture_plan
BBVA,alcanza,alcanza,1900,49,https://www.bbva.pe/blog/mis-finanzas/ahorro/alcancia-virtual-apartados-ahorra-sin-esfuerzo.html,2026-09-16 03:50:15 +00:00,2026-09-05 09:37:37 +00:00,2026-10-06T19:16:42.923Z,10061916-1987-0381-0000-155364d725ca,research/pibank-expanded-2026-10-06/ranked-09-provider.json,,not_selected_for_capture_plan
BBVA,alcanzaba,alcanzaba,1900,41,https://www.bbva.pe/blog/mis-finanzas/ahorro/alcancia-virtual-apartados-ahorra-sin-esfuerzo.html,2026-09-16 09:44:41 +00:00,2026-07-13 02:40:22 +00:00,2026-10-06T19:16:42.923Z,10061916-1987-0381-0000-155364d725ca,research/pibank-expanded-2026-10-06/ranked-09-provider.json,,not_selected_for_capture_plan
BBVA,banco de la nación pagos,banco de la nacion pagos,1900,59,https://bancaporinternet.bbva.pe/bdntux_pe_web_85/bdntux_pe_web/transferencias/pago-servicios-publicos/index?partida=posicion-global,2026-09-16 20:22:32 +00:00,2026-09-05 09:01:43 +00:00,2026-10-06T19:16:42.923Z,10061916-1987-0381-0000-155364d725ca,research/pibank-expanded-2026-10-06/ranked-09-provider.json,,not_selected_for_capture_plan
BBVA,bbva plazo fijo,bbva plazo fijo,1900,1,https://www.bbva.pe/personas/productos/inversiones/depositos/deposito-plazo.html,2026-09-12 20:29:42 +00:00,2026-07-13 00:46:14 +00:00,2026-10-06T19:16:42.923Z,10061916-1987-0381-0000-155364d725ca,research/pibank-expanded-2026-10-06/ranked-09-provider.json,,not_selected_for_capture_plan
BBVA,bloqueada,bloqueada,1900,7,https://www.bbva.pe/blog/mis-finanzas/que-pasa-si-me-bloquean-mi-cuenta-y-que-hacer.html,2026-09-17 17:35:01 +00:00,2026-07-13 00:31:03 +00:00,2026-10-06T19:16:42.923Z,10061916-1987-0381-0000-155364d725ca,research/pibank-expanded-2026-10-06/ranked-09-provider.json,,not_selected_for_capture_plan
BBVA,cci que significa,cci que significa,1900,8,https://www.bbva.pe/personas/productos/cuentas/servicios/interbancario-cci-codigo-swift.html,2026-09-14 02:39:37 +00:00,2026-07-12 23:24:19 +00:00,2026-10-06T19:16:42.923Z,10061916-1987-0381-0000-155364d725ca,research/pibank-expanded-2026-10-06/ranked-09-provider.json,,not_selected_for_capture_plan
BBVA,como saber mi número de cuenta bcp con dni,como saber mi numero de cuenta bcp con dni,1900,34,https://www.bbva.pe/blog/mis-finanzas/como-saber-el-numero-de-tu-cuenta-bancaria.html,2026-09-17 13:34:35 +00:00,2026-07-12 22:39:44 +00:00,2026-10-06T19:16:42.923Z,10061916-1987-0381-0000-155364d725ca,research/pibank-expanded-2026-10-06/ranked-09-provider.json,,not_selected_for_capture_plan
BBVA,consulta cci banco de la nacion,consulta cci banco de la nacion,1900,20,https://www.bbva.pe/personas/productos/cuentas/servicios/interbancario-cci-codigo-swift.html,2026-09-15 07:39:53 +00:00,2026-07-12 22:23:17 +00:00,2026-10-06T19:16:42.923Z,10061916-1987-0381-0000-155364d725ca,research/pibank-expanded-2026-10-06/ranked-09-provider.json,,not_selected_for_capture_plan
BBVA,consulta cci banco de la nación,consulta cci banco de la nacion,1900,16,https://www.bbva.pe/personas/productos/cuentas/servicios/interbancario-cci-codigo-swift.html,2026-09-15 03:14:58 +00:00,2026-07-12 22:11:50 +00:00,2026-10-06T19:16:42.923Z,10061916-1987-0381-0000-155364d725ca,research/pibank-expanded-2026-10-06/ranked-09-provider.json,,not_selected_for_capture_plan
BBVA,consultar cci banco de la nacion,consultar cci banco de la nacion,1900,12,https://www.bbva.pe/personas/productos/cuentas/servicios/interbancario-cci-codigo-swift.html,2026-09-17 00:38:34 +00:00,2026-09-05 07:13:03 +00:00,2026-10-06T19:16:42.923Z,10061916-1987-0381-0000-155364d725ca,research/pibank-expanded-2026-10-06/ranked-09-provider.json,,not_selected_for_capture_plan
BBVA,consultar cci banco de la nación,consultar cci banco de la nacion,1900,14,https://www.bbva.pe/personas/productos/cuentas/servicios/interbancario-cci-codigo-swift.html,2026-09-12 22:55:48 +00:00,2026-09-05 07:17:09 +00:00,2026-10-06T19:16:42.923Z,10061916-1987-0381-0000-155364d725ca,research/pibank-expanded-2026-10-06/ranked-09-provider.json,,not_selected_for_capture_plan
BBVA,cooperativa de ahorro y credito,cooperativa de ahorro y credito,1900,4,https://www.bbva.pe/blog/mis-finanzas/ahorro/como-funcionan-cooperativas-ahorro-credito.html,2026-09-14 22:22:33 +00:00,2026-09-05 07:25:30 +00:00,2026-10-06T19:16:42.923Z,10061916-1987-0381-0000-155364d725ca,research/pibank-expanded-2026-10-06/ranked-09-provider.json,,not_selected_for_capture_plan
BBVA,cooperativa de ahorro y crédito,cooperativa de ahorro y credito,1900,4,https://www.bbva.pe/blog/mis-finanzas/ahorro/como-funcionan-cooperativas-ahorro-credito.html,2026-09-12 09:43:53 +00:00,2026-09-05 07:06:25 +00:00,2026-10-06T19:16:42.923Z,10061916-1987-0381-0000-155364d725ca,research/pibank-expanded-2026-10-06/ranked-09-provider.json,,not_selected_for_capture_plan
BBVA,cts 2026 se puede retirar,cts 2026 se puede retirar,1900,32,https://www.bbva.pe/blog/mis-finanzas/ahorro/como-transfiero-mi-CTS-a-mi-cuenta-de-ahorros.html,2026-09-12 01:56:19 +00:00,2026-09-05 07:09:30 +00:00,2026-10-06T19:16:42.923Z,10061916-1987-0381-0000-155364d725ca,research/pibank-expanded-2026-10-06/ranked-09-provider.json,,not_selected_for_capture_plan
BBVA,cuando depositan la cts,cuando depositan la cts,1900,25,https://www.bbva.pe/blog/mis-finanzas/ahorro/que-es-la-cts-preguntas-frecuentes.html,2026-09-16 16:31:58 +00:00,2026-07-12 21:47:10 +00:00,2026-10-06T19:16:42.923Z,10061916-1987-0381-0000-155364d725ca,research/pibank-expanded-2026-10-06/ranked-09-provider.json,,not_selected_for_capture_plan
BBVA,cuenta sueldo,cuenta sueldo,1900,5,https://www.bbva.pe/blog/mis-finanzas/ahorro/que-es-una-cuenta-sueldo.html,2026-09-17 18:32:24 +00:00,2026-07-12 03:46:38 +00:00,2026-10-06T19:16:42.923Z,10061916-1987-0381-0000-155364d725ca,research/pibank-expanded-2026-10-06/ranked-09-provider.json,,not_selected_for_capture_plan
BBVA,estado de solicitud afp,estado de solicitud afp,1900,6,https://www.bbva.pe/blog/mis-finanzas/ahorro/seguimiento-retiro-afp-2025.html,2026-09-12 10:52:42 +00:00,2026-07-12 19:51:49 +00:00,2026-10-06T19:16:42.923Z,10061916-1987-0381-0000-155364d725ca,research/pibank-expanded-2026-10-06/ranked-09-provider.json,,not_selected_for_capture_plan
BBVA,participara,participara,1900,22,https://www.bbva.pe/personas/productos/cuentas/ahorro/ganadora.html,2026-09-13 14:13:46 +00:00,2026-09-05 01:25:09 +00:00,2026-10-06T19:16:42.923Z,10061916-1987-0381-0000-155364d725ca,research/pibank-expanded-2026-10-06/ranked-09-provider.json,,not_selected_for_capture_plan
BBVA,plazo fijo bbva,plazo fijo bbva,1900,1,https://www.bbva.pe/personas/productos/inversiones/depositos/deposito-plazo.html,2026-09-12 09:18:54 +00:00,2026-09-05 01:04:55 +00:00,2026-10-06T19:16:42.923Z,10061916-1987-0381-0000-155364d725ca,research/pibank-expanded-2026-10-06/ranked-09-provider.json,,not_selected_for_capture_plan
BBVA,que es paypal,que es paypal,1900,4,https://www.bbva.pe/blog/mis-finanzas/ahorro/cuenta-paypal-peru.html,2026-09-14 07:37:37 +00:00,2026-07-12 11:40:02 +00:00,2026-10-06T19:16:42.923Z,10061916-1987-0381-0000-155364d725ca,research/pibank-expanded-2026-10-06/ranked-09-provider.json,,not_selected_for_capture_plan
BBVA,tarjeta de debito,tarjeta de debito,1900,11,https://www.bbva.pe/blog/mis-finanzas/ahorro/que-es-una-tarjeta-de-debito-y-como-se-diferencia-de-una-tarjeta-de-credito.html,2026-09-16 06:16:53 +00:00,2026-07-12 09:17:23 +00:00,2026-10-06T19:16:42.923Z,10061916-1987-0381-0000-155364d725ca,research/pibank-expanded-2026-10-06/ranked-09-provider.json,,not_selected_for_capture_plan
BBVA,transferencia interbancaria,transferencia interbancaria,1900,2,https://www.bbva.pe/personas/servicios-digitales/transferencia-interbancaria.html,2026-09-16 10:18:29 +00:00,2026-09-04 21:40:10 +00:00,2026-10-06T19:16:42.923Z,10061916-1987-0381-0000-155364d725ca,research/pibank-expanded-2026-10-06/ranked-09-provider.json,,not_selected_for_capture_plan
BBVA,www consulta retiro afp pe profuturo,www consulta retiro afp pe profuturo,1900,30,https://www.bbva.pe/blog/mis-finanzas/ahorro/seguimiento-retiro-afp-2025.html,2026-09-13 23:19:29 +00:00,2026-09-04 21:08:32 +00:00,2026-10-06T19:16:42.923Z,10061916-1987-0381-0000-155364d725ca,research/pibank-expanded-2026-10-06/ranked-09-provider.json,,not_selected_for_capture_plan
BBVA,afp asociacion,afp asociacion,1600,21,https://www.bbva.pe/blog/mis-finanzas/ahorro/que-es-una-afp.html,2026-09-14 05:20:42 +00:00,2026-07-14 05:05:52 +00:00,2026-10-06T19:16:42.923Z,10061916-1987-0381-0000-155364d725ca,research/pibank-expanded-2026-10-06/ranked-09-provider.json,,not_selected_for_capture_plan
BBVA,afp que es,afp que es,1600,4,https://www.bbva.pe/blog/mis-finanzas/ahorro/que-es-una-afp.html,2026-09-17 20:19:34 +00:00,2026-09-06 00:09:11 +00:00,2026-10-06T19:16:42.923Z,10061916-1987-0381-0000-155364d725ca,research/pibank-expanded-2026-10-06/ranked-09-provider.json,,not_selected_for_capture_plan
BBVA,ahorros que es,ahorros que es,1600,32,https://www.bbva.pe/blog/mis-finanzas/ahorro/que-es-una-cuenta-de-ahorro-y-como-funciona.html,2026-09-13 16:22:31 +00:00,2026-07-14 04:50:20 +00:00,2026-10-06T19:16:42.923Z,10061916-1987-0381-0000-155364d725ca,research/pibank-expanded-2026-10-06/ranked-09-provider.json,,not_selected_for_capture_plan
BBVA,asociación afp,asociacion afp,1600,22,https://www.bbva.pe/blog/mis-finanzas/ahorro/que-es-una-afp.html,2026-09-12 13:55:23 +00:00,2026-07-14 04:05:19 +00:00,2026-10-06T19:16:42.923Z,10061916-1987-0381-0000-155364d725ca,research/pibank-expanded-2026-10-06/ranked-09-provider.json,,not_selected_for_capture_plan
BBVA,banco de la nacion cuenta de detracciones,banco de la nacion cuenta de detracciones,1600,17,https://www.bbva.pe/blog/mis-finanzas/ahorro/cual-es-la-cuenta-de-detracciones.html,2026-09-16 12:26:00 +00:00,2026-07-14 03:51:26 +00:00,2026-10-06T19:16:42.923Z,10061916-1987-0381-0000-155364d725ca,research/pibank-expanded-2026-10-06/ranked-09-provider.json,,not_selected_for_capture_plan
BBVA,como puedo retirar mi afp,como puedo retirar mi afp,1600,12,https://www.bbva.pe/blog/mis-finanzas/ahorro/cuando-y-como-puedo-retirar-dinero-de-mi-afp.html,2026-09-15 14:04:51 +00:00,2026-07-14 02:27:53 +00:00,2026-10-06T19:16:42.923Z,10061916-1987-0381-0000-155364d725ca,research/pibank-expanded-2026-10-06/ranked-09-provider.json,,not_selected_for_capture_plan
BBVA,como va mi solicitud de retiro afp habitat,como va mi solicitud de retiro afp habitat,1600,10,https://www.bbva.pe/blog/mis-finanzas/ahorro/seguimiento-retiro-afp-2025.html,2026-09-13 21:06:55 +00:00,2026-07-14 02:38:42 +00:00,2026-10-06T19:16:42.923Z,10061916-1987-0381-0000-155364d725ca,research/pibank-expanded-2026-10-06/ranked-09-provider.json,,not_selected_for_capture_plan
BBVA,cts que significa,cts que significa,1600,18,https://www.bbva.pe/blog/mis-finanzas/ahorro/que-es-la-cts-preguntas-frecuentes.html,2026-09-17 20:54:50 +00:00,2026-09-05 21:31:35 +00:00,2026-10-06T19:16:42.923Z,10061916-1987-0381-0000-155364d725ca,research/pibank-expanded-2026-10-06/ranked-09-provider.json,,not_selected_for_capture_plan
BBVA,cts retiro,cts retiro,1600,12,https://www.bbva.pe/personas/productos/cuentas/cts.html,2026-09-14 19:52:05 +00:00,2026-09-05 21:30:47 +00:00,2026-10-06T19:16:42.923Z,10061916-1987-0381-0000-155364d725ca,research/pibank-expanded-2026-10-06/ranked-09-provider.json,,not_selected_for_capture_plan
BBVA,cuando pagan la gratificación,cuando pagan la gratificacion,1600,11,https://www.bbva.pe/blog/mis-finanzas/ahorro/gratificacion-que-es-como-se-calcula.html,2026-09-15 11:00:40 +00:00,2026-07-12 21:45:28 +00:00,2026-10-06T19:16:42.923Z,10061916-1987-0381-0000-155364d725ca,research/pibank-expanded-2026-10-06/ranked-09-provider.json,,not_selected_for_capture_plan
BBVA,cuentas de ahorro de alto rendimiento,cuentas de ahorro de alto rendimiento,1600,6,https://www.bbva.pe/blog/mis-finanzas/ahorro/que-es-cuenta-de-alto-rendimiento.html,2026-09-14 10:11:37 +00:00,2026-09-05 21:23:43 +00:00,2026-10-06T19:16:42.923Z,10061916-1987-0381-0000-155364d725ca,research/pibank-expanded-2026-10-06/ranked-09-provider.json,C01,selected_exploratory_family
BBVA,depósito a plazo fijo simulador,deposito a plazo fijo simulador,1600,5,https://www.bbva.pe/personas/productos/inversiones/depositos/deposito-plazo.html,2026-09-15 09:51:35 +00:00,2026-09-05 20:44:49 +00:00,2026-10-06T19:16:42.923Z,10061916-1987-0381-0000-155364d725ca,research/pibank-expanded-2026-10-06/ranked-09-provider.json,,not_selected_for_capture_plan
BBVA,diferencia entre cuenta corriente y cuenta de ahorros,diferencia entre cuenta corriente y cuenta de ahorros,1600,3,https://www.bbva.pe/blog/mis-finanzas/ahorro/diferencias-entre-cuenta-corriente-y-cuenta-de-ahorro.html,2026-09-14 04:15:21 +00:00,2026-07-14 01:21:56 +00:00,2026-10-06T19:16:42.923Z,10061916-1987-0381-0000-155364d725ca,research/pibank-expanded-2026-10-06/ranked-09-provider.json,,not_selected_for_capture_plan
BBVA,financiera oh cts,financiera oh cts,1600,29,https://www.bbva.pe/blog/mis-finanzas/ahorro/que-es-la-cts-preguntas-frecuentes.html,2026-09-12 20:16:39 +00:00,2026-07-14 00:12:30 +00:00,2026-10-06T19:16:42.923Z,10061916-1987-0381-0000-155364d725ca,research/pibank-expanded-2026-10-06/ranked-09-provider.json,,not_selected_for_capture_plan
BBVA,gratificacion,gratificacion,1600,9,https://www.bbva.pe/blog/mis-finanzas/ahorro/gratificacion-que-es-como-se-calcula.html,2026-09-16 12:51:24 +00:00,2026-07-13 23:42:07 +00:00,2026-10-06T19:16:42.923Z,10061916-1987-0381-0000-155364d725ca,research/pibank-expanded-2026-10-06/ranked-09-provider.json,,not_selected_for_capture_plan
BBVA,gratificacion que es,gratificacion que es,1600,11,https://www.bbva.pe/blog/mis-finanzas/ahorro/gratificacion-que-es-como-se-calcula.html,2026-09-15 07:38:42 +00:00,2026-09-05 18:46:01 +00:00,2026-10-06T19:16:42.923Z,10061916-1987-0381-0000-155364d725ca,research/pibank-expanded-2026-10-06/ranked-09-provider.json,,not_selected_for_capture_plan
BBVA,gratificación 2026,gratificacion 2026,1600,13,https://www.bbva.pe/blog/mis-finanzas/ahorro/gratificacion-que-es-como-se-calcula.html,2026-09-13 20:32:54 +00:00,2026-09-05 18:31:44 +00:00,2026-10-06T19:16:42.923Z,10061916-1987-0381-0000-155364d725ca,research/pibank-expanded-2026-10-06/ranked-09-provider.json,,not_selected_for_capture_plan
BBVA,gratificación que es,gratificacion que es,1600,8,https://www.bbva.pe/blog/mis-finanzas/ahorro/gratificacion-que-es-como-se-calcula.html,2026-09-14 03:36:55 +00:00,2026-09-05 18:31:37 +00:00,2026-10-06T19:16:42.923Z,10061916-1987-0381-0000-155364d725ca,research/pibank-expanded-2026-10-06/ranked-09-provider.json,,not_selected_for_capture_plan
BBVA,menaje que es,menaje que es,1600,8,https://www.bbva.pe/blog/mis-finanzas/ahorro/guia-menaje-para-cocina.html,2026-09-16 22:35:29 +00:00,2026-07-14 15:11:07 +00:00,2026-10-06T19:16:42.923Z,10061916-1987-0381-0000-155364d725ca,research/pibank-expanded-2026-10-06/ranked-09-provider.json,,not_selected_for_capture_plan
BBVA,prima afp estado de solicitud,prima afp estado de solicitud,1600,5,https://www.bbva.pe/blog/mis-finanzas/ahorro/seguimiento-retiro-afp-2025.html,2026-09-13 05:01:55 +00:00,2026-07-13 08:31:28 +00:00,2026-10-06T19:16:42.923Z,10061916-1987-0381-0000-155364d725ca,research/pibank-expanded-2026-10-06/ranked-09-provider.json,,not_selected_for_capture_plan
BBVA,que ahorrar,que ahorrar,1600,20,https://www.bbva.pe/blog/mis-finanzas/ahorro/por-que-es-importante-ahorrar.html,2026-09-17 16:32:34 +00:00,2026-07-13 08:10:43 +00:00,2026-10-06T19:16:42.923Z,10061916-1987-0381-0000-155364d725ca,research/pibank-expanded-2026-10-06/ranked-09-provider.json,,not_selected_for_capture_plan
BBVA,que ahorro,que ahorro,1600,70,https://www.bbva.pe/blog/mis-finanzas/ahorro/que-es-una-cuenta-de-ahorro-y-como-funciona.html,2026-09-14 09:53:11 +00:00,2026-07-13 08:10:13 +00:00,2026-10-06T19:16:42.923Z,10061916-1987-0381-0000-155364d725ca,research/pibank-expanded-2026-10-06/ranked-09-provider.json,,not_selected_for_capture_plan
BBVA,que es ahorrar,que es ahorrar,1600,22,https://www.bbva.pe/blog/mis-finanzas/ahorro/por-que-es-importante-ahorrar.html,2026-09-15 15:57:30 +00:00,2026-07-13 08:09:42 +00:00,2026-10-06T19:16:42.923Z,10061916-1987-0381-0000-155364d725ca,research/pibank-expanded-2026-10-06/ranked-09-provider.json,,not_selected_for_capture_plan
BBVA,que es el ahorrar,que es el ahorrar,1600,20,https://www.bbva.pe/blog/mis-finanzas/ahorro/por-que-es-importante-ahorrar.html,2026-09-15 10:17:53 +00:00,2026-07-13 08:05:18 +00:00,2026-10-06T19:16:42.923Z,10061916-1987-0381-0000-155364d725ca,research/pibank-expanded-2026-10-06/ranked-09-provider.json,,not_selected_for_capture_plan
BBVA,que es el menaje,que es el menaje,1600,7,https://www.bbva.pe/blog/mis-finanzas/ahorro/guia-menaje-para-cocina.html,2026-09-14 15:53:51 +00:00,2026-07-14 09:39:58 +00:00,2026-10-06T19:16:42.923Z,10061916-1987-0381-0000-155364d725ca,research/pibank-expanded-2026-10-06/ranked-09-provider.json,,not_selected_for_capture_plan
BBVA,que es gratificacion,que es gratificacion,1600,11,https://www.bbva.pe/blog/mis-finanzas/ahorro/gratificacion-que-es-como-se-calcula.html,2026-09-15 09:24:02 +00:00,2026-09-05 13:45:37 +00:00,2026-10-06T19:16:42.923Z,10061916-1987-0381-0000-155364d725ca,research/pibank-expanded-2026-10-06/ranked-09-provider.json,,not_selected_for_capture_plan
BBVA,que es gratificación,que es gratificacion,1600,11,https://www.bbva.pe/blog/mis-finanzas/ahorro/gratificacion-que-es-como-se-calcula.html,2026-09-13 03:59:35 +00:00,2026-09-05 13:45:41 +00:00,2026-10-06T19:16:42.923Z,10061916-1987-0381-0000-155364d725ca,research/pibank-expanded-2026-10-06/ranked-09-provider.json,,not_selected_for_capture_plan
BBVA,que es la afp,que es la afp,1600,6,https://www.bbva.pe/blog/mis-finanzas/ahorro/que-es-una-afp.html,2026-09-17 13:16:51 +00:00,2026-09-05 13:44:26 +00:00,2026-10-06T19:16:42.923Z,10061916-1987-0381-0000-155364d725ca,research/pibank-expanded-2026-10-06/ranked-09-provider.json,,not_selected_for_capture_plan
BBVA,que es la gratificacion,que es la gratificacion,1600,10,https://www.bbva.pe/blog/mis-finanzas/ahorro/gratificacion-que-es-como-se-calcula.html,2026-09-14 15:47:09 +00:00,2026-09-05 13:43:08 +00:00,2026-10-06T19:16:42.923Z,10061916-1987-0381-0000-155364d725ca,research/pibank-expanded-2026-10-06/ranked-09-provider.json,,not_selected_for_capture_plan
BBVA,que es la gratificación,que es la gratificacion,1600,10,https://www.bbva.pe/blog/mis-finanzas/ahorro/gratificacion-que-es-como-se-calcula.html,2026-09-12 04:45:37 +00:00,2026-09-05 13:47:59 +00:00,2026-10-06T19:16:42.923Z,10061916-1987-0381-0000-155364d725ca,research/pibank-expanded-2026-10-06/ranked-09-provider.json,,not_selected_for_capture_plan
BBVA,que es menaje,que es menaje,1600,10,https://www.bbva.pe/blog/mis-finanzas/ahorro/guia-menaje-para-cocina.html,2026-09-13 07:17:01 +00:00,2026-07-14 09:36:20 +00:00,2026-10-06T19:16:42.923Z,10061916-1987-0381-0000-155364d725ca,research/pibank-expanded-2026-10-06/ranked-09-provider.json,,not_selected_for_capture_plan
BBVA,que es menajeria,que es menajeria,1600,19,https://www.bbva.pe/blog/mis-finanzas/ahorro/guia-menaje-para-cocina.html,2026-09-14 15:32:34 +00:00,2026-08-26 23:24:14 +00:00,2026-10-06T19:16:42.923Z,10061916-1987-0381-0000-155364d725ca,research/pibank-expanded-2026-10-06/ranked-09-provider.json,,not_selected_for_capture_plan
BBVA,que es una cuenta corriente,que es una cuenta corriente,1600,16,https://www.bbva.pe/blog/mis-finanzas/cuenta-corriente-caracteristicas.html,2026-09-16 05:42:28 +00:00,2026-07-12 11:39:33 +00:00,2026-10-06T19:16:42.923Z,10061916-1987-0381-0000-155364d725ca,research/pibank-expanded-2026-10-06/ranked-09-provider.json,,not_selected_for_capture_plan
BBVA,que significa a f p,que significa a f p,1600,4,https://www.bbva.pe/blog/mis-finanzas/ahorro/que-es-una-afp.html,2026-09-13 05:09:15 +00:00,2026-07-13 08:01:19 +00:00,2026-10-06T19:16:42.923Z,10061916-1987-0381-0000-155364d725ca,research/pibank-expanded-2026-10-06/ranked-09-provider.json,,not_selected_for_capture_plan
BBVA,que significa afp,que significa afp,1600,4,https://www.bbva.pe/blog/mis-finanzas/ahorro/que-es-una-afp.html,2026-09-12 16:24:27 +00:00,2026-07-13 08:02:12 +00:00,2026-10-06T19:16:42.923Z,10061916-1987-0381-0000-155364d725ca,research/pibank-expanded-2026-10-06/ranked-09-provider.json,,not_selected_for_capture_plan
BBVA,que significa afps,que significa afps,1600,6,https://www.bbva.pe/blog/mis-finanzas/ahorro/que-es-una-afp.html,2026-09-14 17:57:37 +00:00,2026-07-13 08:02:35 +00:00,2026-10-06T19:16:42.923Z,10061916-1987-0381-0000-155364d725ca,research/pibank-expanded-2026-10-06/ranked-09-provider.json,,not_selected_for_capture_plan
BBVA,que son ahorros,que son ahorros,1600,12,https://www.bbva.pe/blog/mis-finanzas/ahorro/que-es-una-cuenta-de-ahorro-y-como-funciona.html,2026-09-17 18:34:19 +00:00,2026-09-05 13:31:43 +00:00,2026-10-06T19:16:42.923Z,10061916-1987-0381-0000-155364d725ca,research/pibank-expanded-2026-10-06/ranked-09-provider.json,,not_selected_for_capture_plan
BBVA,que son cuenta corriente,que son cuenta corriente,1600,30,https://www.bbva.pe/blog/mis-finanzas/cuenta-corriente-caracteristicas.html,2026-09-13 13:45:51 +00:00,2026-09-05 00:01:59 +00:00,2026-10-06T19:16:42.923Z,10061916-1987-0381-0000-155364d725ca,research/pibank-expanded-2026-10-06/ranked-09-provider.json,,not_selected_for_capture_plan
BBVA,que son cuentas corrientes,que son cuentas corrientes,1600,13,https://www.bbva.pe/blog/mis-finanzas/cuenta-corriente-caracteristicas.html,2026-09-17 19:08:36 +00:00,2026-07-12 11:33:41 +00:00,2026-10-06T19:16:42.923Z,10061916-1987-0381-0000-155364d725ca,research/pibank-expanded-2026-10-06/ranked-09-provider.json,,not_selected_for_capture_plan
BBVA,que son gratificaciones,que son gratificaciones,1600,29,https://www.bbva.pe/blog/mis-finanzas/ahorro/gratificacion-que-es-como-se-calcula.html,2026-09-15 04:24:36 +00:00,2026-09-05 13:31:31 +00:00,2026-10-06T19:16:42.923Z,10061916-1987-0381-0000-155364d725ca,research/pibank-expanded-2026-10-06/ranked-09-provider.json,,not_selected_for_capture_plan
BBVA,que son las gratificaciones,que son las gratificaciones,1600,26,https://www.bbva.pe/blog/mis-finanzas/ahorro/gratificacion-que-es-como-se-calcula.html,2026-09-14 11:49:17 +00:00,2026-09-05 13:30:54 +00:00,2026-10-06T19:16:42.923Z,10061916-1987-0381-0000-155364d725ca,research/pibank-expanded-2026-10-06/ranked-09-provider.json,,not_selected_for_capture_plan
BBVA,qué ahorro,que ahorro,1600,15,https://www.bbva.pe/blog/mis-finanzas/ahorro/por-que-es-importante-ahorrar.html,2026-09-14 05:54:49 +00:00,2026-09-05 13:27:23 +00:00,2026-10-06T19:16:42.923Z,10061916-1987-0381-0000-155364d725ca,research/pibank-expanded-2026-10-06/ranked-09-provider.json,,not_selected_for_capture_plan
BBVA,qué es el ahorro,que es el ahorro,1600,16,https://www.bbva.pe/blog/mis-finanzas/ahorro/por-que-es-importante-ahorrar.html,2026-09-15 00:54:47 +00:00,2026-09-05 13:25:02 +00:00,2026-10-06T19:16:42.923Z,10061916-1987-0381-0000-155364d725ca,research/pibank-expanded-2026-10-06/ranked-09-provider.json,,not_selected_for_capture_plan
BBVA,qué es la gratificación,que es la gratificacion,1600,10,https://www.bbva.pe/blog/mis-finanzas/ahorro/gratificacion-que-es-como-se-calcula.html,2026-09-14 05:19:48 +00:00,2026-09-05 13:23:06 +00:00,2026-10-06T19:16:42.923Z,10061916-1987-0381-0000-155364d725ca,research/pibank-expanded-2026-10-06/ranked-09-provider.json,,not_selected_for_capture_plan
BBVA,qué significa afp,que significa afp,1600,4,https://www.bbva.pe/blog/mis-finanzas/ahorro/que-es-una-afp.html,2026-09-14 19:18:00 +00:00,2026-07-13 07:26:41 +00:00,2026-10-06T19:16:42.923Z,10061916-1987-0381-0000-155364d725ca,research/pibank-expanded-2026-10-06/ranked-09-provider.json,,not_selected_for_capture_plan
BBVA,qué significa cts,que significa cts,1600,20,https://www.bbva.pe/blog/mis-finanzas/ahorro/que-es-la-cts-preguntas-frecuentes.html,2026-09-13 21:11:34 +00:00,2026-09-05 13:02:50 +00:00,2026-10-06T19:16:42.923Z,10061916-1987-0381-0000-155364d725ca,research/pibank-expanded-2026-10-06/ranked-09-provider.json,,not_selected_for_capture_plan
BBVA,retiro afp prima 2025 link consulta dni,retiro afp prima 2025 link consulta dni,1600,27,https://www.bbva.pe/blog/mis-finanzas/ahorro/seguimiento-retiro-afp-2025.html,2026-09-16 00:28:56 +00:00,2026-09-05 12:47:07 +00:00,2026-10-06T19:16:42.923Z,10061916-1987-0381-0000-155364d725ca,research/pibank-expanded-2026-10-06/ranked-09-provider.json,,not_selected_for_capture_plan
BBVA,retiro afp profuturo 2025 link consulta dni,retiro afp profuturo 2025 link consulta dni,1600,19,https://www.bbva.pe/blog/mis-finanzas/ahorro/seguimiento-retiro-afp-2025.html,2026-09-17 14:19:33 +00:00,2026-09-05 12:47:04 +00:00,2026-10-06T19:16:42.923Z,10061916-1987-0381-0000-155364d725ca,research/pibank-expanded-2026-10-06/ranked-09-provider.json,,not_selected_for_capture_plan
BBVA,retiro afp profuturo 2025: link consulta dni,retiro afp profuturo 2025: link consulta dni,1600,18,https://www.bbva.pe/blog/mis-finanzas/ahorro/seguimiento-retiro-afp-2025.html,2026-09-13 04:10:27 +00:00,2026-07-13 06:44:44 +00:00,2026-10-06T19:16:42.923Z,10061916-1987-0381-0000-155364d725ca,research/pibank-expanded-2026-10-06/ranked-09-provider.json,,not_selected_for_capture_plan
BBVA,sbs reglamento retiro afp 2025,sbs reglamento retiro afp 2025,1600,37,https://www.bbva.pe/blog/mis-finanzas/ahorro/cuando-y-como-puedo-retirar-dinero-de-mi-afp.html,2026-09-17 01:25:46 +00:00,2026-09-05 12:16:21 +00:00,2026-10-06T19:16:42.923Z,10061916-1987-0381-0000-155364d725ca,research/pibank-expanded-2026-10-06/ranked-09-provider.json,,not_selected_for_capture_plan
BBVA,ver mi afp,ver mi afp,1600,15,https://www.bbva.pe/blog/mis-finanzas/ahorro/como-consultar-tu-saldo-en-afp-rapidamente.html,2026-09-17 10:12:12 +00:00,2026-07-13 03:10:20 +00:00,2026-10-06T19:16:42.923Z,10061916-1987-0381-0000-155364d725ca,research/pibank-expanded-2026-10-06/ranked-09-provider.json,,not_selected_for_capture_plan
BBVA,western union chiclayo,western union chiclayo,1600,36,https://www.bbva.pe/blog/mis-finanzas/ahorro/que-es-western-union.html,2026-09-17 23:16:00 +00:00,2026-07-12 07:34:00 +00:00,2026-10-06T19:16:42.923Z,10061916-1987-0381-0000-155364d725ca,research/pibank-expanded-2026-10-06/ranked-09-provider.json,,not_selected_for_capture_plan
BBVA,western unión,western union,1600,5,https://www.bbva.pe/blog/mis-finanzas/ahorro/que-es-western-union.html,2026-09-14 00:59:47 +00:00,2026-07-13 03:10:19 +00:00,2026-10-06T19:16:42.923Z,10061916-1987-0381-0000-155364d725ca,research/pibank-expanded-2026-10-06/ranked-09-provider.json,,not_selected_for_capture_plan
BBVA,abrir cuenta en dolares bcp,abrir cuenta en dolares bcp,1300,37,https://www.bbva.pe/personas/productos/cuentas/ahorro-dolares.html,2026-09-17 12:20:03 +00:00,2026-07-14 04:58:08 +00:00,2026-10-06T19:16:42.923Z,10061916-1987-0381-0000-155364d725ca,research/pibank-expanded-2026-10-06/ranked-09-provider.json,,not_selected_for_capture_plan
BBVA,afp consulta saldo integra,afp consulta saldo integra,1300,25,https://www.bbva.pe/blog/mis-finanzas/ahorro/como-consultar-tu-saldo-en-afp-rapidamente.html,2026-09-13 00:30:13 +00:00,2026-07-15 08:13:23 +00:00,2026-10-06T19:16:42.923Z,10061916-1987-0381-0000-155364d725ca,research/pibank-expanded-2026-10-06/ranked-09-provider.json,,not_selected_for_capture_plan
BBVA,codigo swift bbva,codigo swift bbva,1300,1,https://www.bbva.pe/personas/productos/cuentas/servicios/interbancario-cci-codigo-swift.html,2026-09-14 21:55:21 +00:00,2026-07-15 02:38:15 +00:00,2026-10-06T19:16:42.923Z,10061916-1987-0381-0000-155364d725ca,research/pibank-expanded-2026-10-06/ranked-09-provider.json,,not_selected_for_capture_plan
BBVA,como retirar mi afp profuturo,como retirar mi afp profuturo,1300,64,https://www.bbva.pe/blog/mis-finanzas/ahorro/cuando-y-como-puedo-retirar-dinero-de-mi-afp.html,2026-09-16 21:45:10 +00:00,2026-09-06 14:36:24 +00:00,2026-10-06T19:16:42.923Z,10061916-1987-0381-0000-155364d725ca,research/pibank-expanded-2026-10-06/ranked-09-provider.json,,not_selected_for_capture_plan
BBVA,como saber cuánto tengo en mi afp integra,como saber cuanto tengo en mi afp integra,1300,48,https://www.bbva.pe/blog/mis-finanzas/ahorro/como-consultar-tu-saldo-en-afp-rapidamente.html,2026-09-14 03:34:25 +00:00,2026-07-15 02:12:19 +00:00,2026-10-06T19:16:42.923Z,10061916-1987-0381-0000-155364d725ca,research/pibank-expanded-2026-10-06/ranked-09-provider.json,,not_selected_for_capture_plan
BBVA,como saber mi número de tarjeta bcp,como saber mi numero de tarjeta bcp,1300,52,https://www.bbva.pe/blog/mi-guia-digital/numero-de-tarjeta-y-numero-de-cuenta.html,2026-09-13 11:49:44 +00:00,2026-07-15 01:59:05 +00:00,2026-10-06T19:16:42.923Z,10061916-1987-0381-0000-155364d725ca,research/pibank-expanded-2026-10-06/ranked-09-provider.json,,not_selected_for_capture_plan
BBVA,como ver cuanto tengo en mi afp,como ver cuanto tengo en mi afp,1300,12,https://www.bbva.pe/blog/mis-finanzas/ahorro/como-consultar-tu-saldo-en-afp-rapidamente.html,2026-09-17 17:41:07 +00:00,2026-09-06 14:19:16 +00:00,2026-10-06T19:16:42.923Z,10061916-1987-0381-0000-155364d725ca,research/pibank-expanded-2026-10-06/ranked-09-provider.json,,not_selected_for_capture_plan
BBVA,consultar mi cts con dni,consultar mi cts con dni,1300,11,https://www.bbva.pe/personas/productos/cuentas/cts.html,2026-09-14 18:31:41 +00:00,2026-09-06 14:22:32 +00:00,2026-10-06T19:16:42.923Z,10061916-1987-0381-0000-155364d725ca,research/pibank-expanded-2026-10-06/ranked-09-provider.json,,not_selected_for_capture_plan
BBVA,cts interbank,cts interbank,1300,39,https://www.bbva.pe/personas/productos/cuentas/cts.html,2026-09-16 16:22:47 +00:00,2026-07-15 01:09:23 +00:00,2026-10-06T19:16:42.923Z,10061916-1987-0381-0000-155364d725ca,research/pibank-expanded-2026-10-06/ranked-09-provider.json,,not_selected_for_capture_plan
BBVA,cts oh,cts oh,1300,23,https://www.bbva.pe/blog/mis-finanzas/ahorro/que-es-la-cts-preguntas-frecuentes.html,2026-09-16 05:19:55 +00:00,2026-07-15 01:09:16 +00:00,2026-10-06T19:16:42.923Z,10061916-1987-0381-0000-155364d725ca,research/pibank-expanded-2026-10-06/ranked-09-provider.json,,not_selected_for_capture_plan
BBVA,cuando dan la cts,cuando dan la cts,1300,31,https://www.bbva.pe/blog/mis-finanzas/ahorro/que-es-la-cts-preguntas-frecuentes.html,2026-09-14 05:51:58 +00:00,2026-09-06 13:44:49 +00:00,2026-10-06T19:16:42.923Z,10061916-1987-0381-0000-155364d725ca,research/pibank-expanded-2026-10-06/ranked-09-provider.json,,not_selected_for_capture_plan
BBVA,cuando daran la cts,cuando daran la cts,1300,30,https://www.bbva.pe/blog/mis-finanzas/ahorro/que-es-la-cts-preguntas-frecuentes.html,2026-09-15 04:12:32 +00:00,2026-07-15 01:02:29 +00:00,2026-10-06T19:16:42.923Z,10061916-1987-0381-0000-155364d725ca,research/pibank-expanded-2026-10-06/ranked-09-provider.json,,not_selected_for_capture_plan
BBVA,cuando se paga la cts,cuando se paga la cts,1300,24,https://www.bbva.pe/blog/mis-finanzas/ahorro/que-es-la-cts-preguntas-frecuentes.html,2026-09-16 01:41:44 +00:00,2026-09-06 13:42:40 +00:00,2026-10-06T19:16:42.923Z,10061916-1987-0381-0000-155364d725ca,research/pibank-expanded-2026-10-06/ranked-09-provider.json,,not_selected_for_capture_plan
BBVA,cuanto es la cts,cuanto es la cts,1300,28,https://www.bbva.pe/blog/mis-finanzas/ahorro/que-es-la-cts-preguntas-frecuentes.html,2026-09-15 05:28:25 +00:00,2026-07-15 00:57:40 +00:00,2026-10-06T19:16:42.923Z,10061916-1987-0381-0000-155364d725ca,research/pibank-expanded-2026-10-06/ranked-09-provider.json,,not_selected_for_capture_plan
BBVA,cuenta a plazo fijo,cuenta a plazo fijo,1300,17,https://www.bbva.pe/personas/productos/inversiones/depositos/deposito-plazo.html,2026-09-14 18:03:43 +00:00,2026-07-15 01:08:42 +00:00,2026-10-06T19:16:42.923Z,10061916-1987-0381-0000-155364d725ca,research/pibank-expanded-2026-10-06/ranked-09-provider.json,,not_selected_for_capture_plan
BBVA,cuenta digital,cuenta digital,1300,3,https://www.bbva.pe/blog/mis-finanzas/ahorro/10-razones-abrir-una-cuenta-digital.html,2026-09-12 08:53:56 +00:00,2026-07-15 01:11:08 +00:00,2026-10-06T19:16:42.923Z,10061916-1987-0381-0000-155364d725ca,research/pibank-expanded-2026-10-06/ranked-09-provider.json,C02,selected_exploratory_family
BBVA,cuenta interbancaria,cuenta interbancaria,1300,4,https://www.bbva.pe/personas/productos/cuentas/servicios/interbancario-cci-codigo-swift.html,2026-09-17 17:50:00 +00:00,2026-09-06 13:52:23 +00:00,2026-10-06T19:16:42.923Z,10061916-1987-0381-0000-155364d725ca,research/pibank-expanded-2026-10-06/ranked-09-provider.json,,not_selected_for_capture_plan
BBVA,debito,debito,1300,10,https://www.bbva.pe/blog/mis-finanzas/ahorro/explicacion-detallada-sobre-el-funcionamiento-de-una-tarjeta-de-debito.html,2026-09-13 13:59:58 +00:00,2026-07-15 00:34:58 +00:00,2026-10-06T19:16:42.923Z,10061916-1987-0381-0000-155364d725ca,research/pibank-expanded-2026-10-06/ranked-09-provider.json,,not_selected_for_capture_plan
BBVA,deposito de cts,deposito de cts,1300,30,https://www.bbva.pe/blog/mis-finanzas/ahorro/que-es-la-cts-preguntas-frecuentes.html,2026-09-14 08:21:17 +00:00,2026-07-15 00:21:51 +00:00,2026-10-06T19:16:42.923Z,10061916-1987-0381-0000-155364d725ca,research/pibank-expanded-2026-10-06/ranked-09-provider.json,,not_selected_for_capture_plan
BBVA,depósito de cts,deposito de cts,1300,28,https://www.bbva.pe/blog/mis-finanzas/ahorro/que-es-la-cts-preguntas-frecuentes.html,2026-09-14 01:45:40 +00:00,2026-09-06 13:25:00 +00:00,2026-10-06T19:16:42.923Z,10061916-1987-0381-0000-155364d725ca,research/pibank-expanded-2026-10-06/ranked-09-provider.json,,not_selected_for_capture_plan
BBVA,depósitos de cts,depositos de cts,1300,27,https://www.bbva.pe/blog/mis-finanzas/ahorro/que-es-la-cts-preguntas-frecuentes.html,2026-09-16 14:56:44 +00:00,2026-09-06 13:25:36 +00:00,2026-10-06T19:16:42.923Z,10061916-1987-0381-0000-155364d725ca,research/pibank-expanded-2026-10-06/ranked-09-provider.json,,not_selected_for_capture_plan
BBVA,detracción,detraccion,1300,11,https://www.bbva.pe/blog/mis-finanzas/ahorro/cual-es-la-cuenta-de-detracciones.html,2026-09-16 09:23:41 +00:00,2026-09-06 13:02:46 +00:00,2026-10-06T19:16:42.923Z,10061916-1987-0381-0000-155364d725ca,research/pibank-expanded-2026-10-06/ranked-09-provider.json,,not_selected_for_capture_plan
BBVA,diferencia entre tarjeta de debito y credito,diferencia entre tarjeta de debito y credito,1300,11,https://www.bbva.pe/blog/mis-finanzas/ahorro/que-es-una-tarjeta-de-debito-y-como-se-diferencia-de-una-tarjeta-de-credito.html,2026-09-15 00:24:00 +00:00,2026-07-14 04:34:46 +00:00,2026-10-06T19:16:42.923Z,10061916-1987-0381-0000-155364d725ca,research/pibank-expanded-2026-10-06/ranked-09-provider.json,,not_selected_for_capture_plan
BBVA,estado de retiro afp,estado de retiro afp,1300,4,https://www.bbva.pe/blog/mis-finanzas/ahorro/seguimiento-retiro-afp-2025.html,2026-09-17 06:00:31 +00:00,2026-09-06 12:01:48 +00:00,2026-10-06T19:16:42.923Z,10061916-1987-0381-0000-155364d725ca,research/pibank-expanded-2026-10-06/ranked-09-provider.json,,not_selected_for_capture_plan
BBVA,fondo afp,fondo afp,1300,18,https://www.bbva.pe/blog/mis-finanzas/ahorro/que-es-una-afp.html,2026-09-12 23:21:55 +00:00,2026-07-14 21:29:12 +00:00,2026-10-06T19:16:42.923Z,10061916-1987-0381-0000-155364d725ca,research/pibank-expanded-2026-10-06/ranked-09-provider.json,,not_selected_for_capture_plan
BBVA,gratificación julio 2026,gratificacion julio 2026,1300,13,https://www.bbva.pe/blog/mis-finanzas/ahorro/gratificacion-que-es-como-se-calcula.html,2026-09-14 04:48:33 +00:00,2026-08-13 00:49:50 +00:00,2026-10-06T19:16:42.923Z,10061916-1987-0381-0000-155364d725ca,research/pibank-expanded-2026-10-06/ranked-09-provider.json,,not_selected_for_capture_plan
BBVA,numero de cuenta,numero de cuenta,1300,43,https://www.bbva.pe/blog/mis-finanzas/como-saber-el-numero-de-tu-cuenta-bancaria.html,2026-09-12 09:34:23 +00:00,2026-07-14 13:25:29 +00:00,2026-10-06T19:16:42.923Z,10061916-1987-0381-0000-155364d725ca,research/pibank-expanded-2026-10-06/ranked-09-provider.json,,not_selected_for_capture_plan
BBVA,que es el cci,que es el cci,1300,6,https://www.bbva.pe/personas/productos/cuentas/servicios/interbancario-cci-codigo-swift.html,2026-09-17 17:18:37 +00:00,2026-07-13 08:04:58 +00:00,2026-10-06T19:16:42.923Z,10061916-1987-0381-0000-155364d725ca,research/pibank-expanded-2026-10-06/ranked-09-provider.json,,not_selected_for_capture_plan
BBVA,que es la trea,que es la trea,1300,2,https://www.bbva.pe/blog/mis-finanzas/ahorro/que-es-la-trea-y-como-se-calcula.html,2026-09-16 07:11:15 +00:00,2026-09-06 04:46:03 +00:00,2026-10-06T19:16:42.923Z,10061916-1987-0381-0000-155364d725ca,research/pibank-expanded-2026-10-06/ranked-09-provider.json,E01,selected_exploratory_family
BBVA,qué es el cci,que es el cci,1300,7,https://www.bbva.pe/personas/productos/cuentas/servicios/interbancario-cci-codigo-swift.html,2026-09-12 03:14:29 +00:00,2026-09-06 04:11:13 +00:00,2026-10-06T19:16:42.923Z,10061916-1987-0381-0000-155364d725ca,research/pibank-expanded-2026-10-06/ranked-09-provider.json,,not_selected_for_capture_plan
BBVA,retiro de cts,retiro de cts,1300,13,https://www.bbva.pe/personas/productos/cuentas/cts.html,2026-09-15 22:16:49 +00:00,2026-09-06 03:44:25 +00:00,2026-10-06T19:16:42.923Z,10061916-1987-0381-0000-155364d725ca,research/pibank-expanded-2026-10-06/ranked-09-provider.json,,not_selected_for_capture_plan
BBVA,retiro de la cts,retiro de la cts,1300,24,https://www.bbva.pe/blog/mis-finanzas/ahorro/como-transfiero-mi-CTS-a-mi-cuenta-de-ahorros.html,2026-09-17 11:28:48 +00:00,2026-09-06 03:44:35 +00:00,2026-10-06T19:16:42.923Z,10061916-1987-0381-0000-155364d725ca,research/pibank-expanded-2026-10-06/ranked-09-provider.json,,not_selected_for_capture_plan
BBVA,tarjeta oechsle estado de cuenta,tarjeta oechsle estado de cuenta,1300,34,https://www.bbva.pe/personas/servicios-digitales/nueva-banca-movil/estados-de-cuenta-de-tarjeta-de-credito.html,2026-09-17 00:43:00 +00:00,2026-09-06 02:11:26 +00:00,2026-10-06T19:16:42.923Z,10061916-1987-0381-0000-155364d725ca,research/pibank-expanded-2026-10-06/ranked-09-provider.json,,not_selected_for_capture_plan
BBVA,transferencia diferida,transferencia diferida,1300,9,https://www.bbva.pe/personas/servicios-digitales/transferencia-interbancaria.html,2026-09-17 09:28:00 +00:00,2026-09-06 01:41:29 +00:00,2026-10-06T19:16:42.923Z,10061916-1987-0381-0000-155364d725ca,research/pibank-expanded-2026-10-06/ranked-09-provider.json,,not_selected_for_capture_plan
BBVA,ver estado de solicitud afp prima,ver estado de solicitud afp prima,1300,3,https://www.bbva.pe/blog/mis-finanzas/ahorro/seguimiento-retiro-afp-2025.html,2026-09-13 03:20:05 +00:00,2026-07-14 05:35:34 +00:00,2026-10-06T19:16:42.923Z,10061916-1987-0381-0000-155364d725ca,research/pibank-expanded-2026-10-06/ranked-09-provider.json,,not_selected_for_capture_plan
BBVA,afp integra ver mi saldo,afp integra ver mi saldo,1000,33,https://www.bbva.pe/blog/mis-finanzas/ahorro/como-consultar-tu-saldo-en-afp-rapidamente.html,2026-09-17 05:59:32 +00:00,2026-07-16 17:32:59 +00:00,2026-10-06T19:16:42.923Z,10061916-1987-0381-0000-155364d725ca,research/pibank-expanded-2026-10-06/ranked-09-provider.json,,not_selected_for_capture_plan
BBVA,afp prima seguimiento de solicitud de retiro,afp prima seguimiento de solicitud de retiro,1000,6,https://www.bbva.pe/blog/mis-finanzas/ahorro/seguimiento-retiro-afp-2025.html,2026-09-16 15:25:08 +00:00,2026-07-16 17:46:26 +00:00,2026-10-06T19:16:42.923Z,10061916-1987-0381-0000-155364d725ca,research/pibank-expanded-2026-10-06/ranked-09-provider.json,,not_selected_for_capture_plan
BBVA,bcp interbancario,bcp interbancario,1000,50,https://www.bbva.pe/blog/mis-finanzas/ahorro/que-es-una-cuenta-interbancaria.html,2026-09-13 09:45:12 +00:00,2026-07-16 15:26:03 +00:00,2026-10-06T19:16:42.923Z,10061916-1987-0381-0000-155364d725ca,research/pibank-expanded-2026-10-06/ranked-09-provider.json,,not_selected_for_capture_plan
BBVA,calculo de gratificaciones,calculo de gratificaciones,1000,4,https://www.bbva.pe/blog/mis-finanzas/ahorro/gratificacion-que-es-como-se-calcula.html,2026-09-17 06:43:23 +00:00,2026-09-07 12:43:58 +00:00,2026-10-06T19:16:42.923Z,10061916-1987-0381-0000-155364d725ca,research/pibank-expanded-2026-10-06/ranked-09-provider.json,,not_selected_for_capture_plan
BBVA,cci bn,cci bn,1000,12,https://www.bbva.pe/personas/productos/cuentas/servicios/interbancario-cci-codigo-swift.html,2026-09-12 17:25:48 +00:00,2026-09-07 12:05:55 +00:00,2026-10-06T19:16:42.923Z,10061916-1987-0381-0000-155364d725ca,research/pibank-expanded-2026-10-06/ranked-09-provider.json,,not_selected_for_capture_plan
BBVA,cci que es,cci que es,1000,4,https://www.bbva.pe/personas/productos/cuentas/servicios/interbancario-cci-codigo-swift.html,2026-09-14 20:10:11 +00:00,2026-07-16 13:41:05 +00:00,2026-10-06T19:16:42.923Z,10061916-1987-0381-0000-155364d725ca,research/pibank-expanded-2026-10-06/ranked-09-provider.json,,not_selected_for_capture_plan
BBVA,codigo interbancario bn,codigo interbancario bn,1000,19,https://www.bbva.pe/personas/productos/cuentas/servicios/interbancario-cci-codigo-swift.html,2026-09-15 14:47:19 +00:00,2026-07-16 12:36:36 +00:00,2026-10-06T19:16:42.923Z,10061916-1987-0381-0000-155364d725ca,research/pibank-expanded-2026-10-06/ranked-09-provider.json,,not_selected_for_capture_plan
BBVA,como retirar afp,como retirar afp,1000,8,https://www.bbva.pe/blog/mis-finanzas/ahorro/como-retirar-tu-dinero-de-la-afp-sin-cometer-errores.html,2026-09-17 01:57:51 +00:00,2026-07-16 11:51:57 +00:00,2026-10-06T19:16:42.923Z,10061916-1987-0381-0000-155364d725ca,research/pibank-expanded-2026-10-06/ranked-09-provider.json,,not_selected_for_capture_plan
BBVA,como saber mi cci bcp,como saber mi cci bcp,1000,22,https://www.bbva.pe/personas/productos/cuentas/servicios/interbancario-cci-codigo-swift.html,2026-09-14 11:40:29 +00:00,2026-07-16 12:05:49 +00:00,2026-10-06T19:16:42.923Z,10061916-1987-0381-0000-155364d725ca,research/pibank-expanded-2026-10-06/ranked-09-provider.json,,not_selected_for_capture_plan
BBVA,como saber si tengo cts,como saber si tengo cts,1000,9,https://www.bbva.pe/personas/productos/cuentas/cts.html,2026-09-14 20:42:35 +00:00,2026-09-07 10:45:16 +00:00,2026-10-06T19:16:42.923Z,10061916-1987-0381-0000-155364d725ca,research/pibank-expanded-2026-10-06/ranked-09-provider.json,,not_selected_for_capture_plan
BBVA,como va mi solicitud afp,como va mi solicitud afp,1000,5,https://www.bbva.pe/blog/mis-finanzas/ahorro/seguimiento-retiro-afp-2025.html,2026-09-17 07:17:07 +00:00,2026-07-16 11:58:15 +00:00,2026-10-06T19:16:42.923Z,10061916-1987-0381-0000-155364d725ca,research/pibank-expanded-2026-10-06/ranked-09-provider.json,,not_selected_for_capture_plan
BBVA,consultar mi afp,consultar mi afp,1000,14,https://www.bbva.pe/blog/mis-finanzas/ahorro/como-consultar-tu-saldo-en-afp-rapidamente.html,2026-09-12 09:55:58 +00:00,2026-07-16 11:27:10 +00:00,2026-10-06T19:16:42.923Z,10061916-1987-0381-0000-155364d725ca,research/pibank-expanded-2026-10-06/ranked-09-provider.json,,not_selected_for_capture_plan
BBVA,cts bcp,cts bcp,1000,30,https://www.bbva.pe/personas/productos/cuentas/cts.html,2026-09-16 20:01:55 +00:00,2026-07-15 01:09:27 +00:00,2026-10-06T19:16:42.923Z,10061916-1987-0381-0000-155364d725ca,research/pibank-expanded-2026-10-06/ranked-09-provider.json,,not_selected_for_capture_plan
BBVA,cuenta corriente y cuenta de ahorro,cuenta corriente y cuenta de ahorro,1000,4,https://www.bbva.pe/personas/productos/cuentas/ahorro.html,2026-09-16 09:11:09 +00:00,2026-09-07 10:06:01 +00:00,2026-10-06T19:16:42.923Z,10061916-1987-0381-0000-155364d725ca,research/pibank-expanded-2026-10-06/ranked-09-provider.json,,not_selected_for_capture_plan
BBVA,cuenta cts,cuenta cts,1000,5,https://www.bbva.pe/personas/productos/cuentas/cts.html,2026-09-15 17:12:57 +00:00,2026-07-16 10:48:57 +00:00,2026-10-06T19:16:42.923Z,10061916-1987-0381-0000-155364d725ca,research/pibank-expanded-2026-10-06/ranked-09-provider.json,,not_selected_for_capture_plan
BBVA,cuenta de ahorros o cuenta corriente,cuenta de ahorros o cuenta corriente,1000,4,https://www.bbva.pe/personas/productos/cuentas/ahorro.html,2026-09-15 02:13:23 +00:00,2026-09-07 09:51:36 +00:00,2026-10-06T19:16:42.923Z,10061916-1987-0381-0000-155364d725ca,research/pibank-expanded-2026-10-06/ranked-09-provider.json,,not_selected_for_capture_plan
BBVA,cuenta dolares bcp,cuenta dolares bcp,1000,39,https://bancaporinternet.bbva.pe/bdntux_pe_web_85/bdntux_pe_web/cuentas/apertura/,2026-09-12 09:10:00 +00:00,2026-07-16 10:34:05 +00:00,2026-10-06T19:16:42.923Z,10061916-1987-0381-0000-155364d725ca,research/pibank-expanded-2026-10-06/ranked-09-provider.json,,not_selected_for_capture_plan
BBVA,cuenta en dolares bcp,cuenta en dolares bcp,1000,34,https://www.bbva.pe/personas/productos/cuentas/ahorro-dolares.html,2026-09-16 07:50:41 +00:00,2026-07-15 01:05:11 +00:00,2026-10-06T19:16:42.923Z,10061916-1987-0381-0000-155364d725ca,research/pibank-expanded-2026-10-06/ranked-09-provider.json,,not_selected_for_capture_plan
BBVA,cuenta interbancaria bcp,cuenta interbancaria bcp,1000,34,https://www.bbva.pe/personas/productos/cuentas/servicios/interbancario-cci-codigo-swift.html,2026-09-17 00:32:44 +00:00,2026-09-07 10:06:09 +00:00,2026-10-06T19:16:42.923Z,10061916-1987-0381-0000-155364d725ca,research/pibank-expanded-2026-10-06/ranked-09-provider.json,,not_selected_for_capture_plan
BBVA,debito y credito,debito y credito,1000,17,https://www.bbva.pe/blog/mis-finanzas/ahorro/que-es-una-tarjeta-de-debito-y-como-se-diferencia-de-una-tarjeta-de-credito.html,2026-09-15 04:52:38 +00:00,2026-09-07 09:38:14 +00:00,2026-10-06T19:16:42.923Z,10061916-1987-0381-0000-155364d725ca,research/pibank-expanded-2026-10-06/ranked-09-provider.json,,not_selected_for_capture_plan
BBVA,deposito a plazo fijo interbank,deposito a plazo fijo interbank,1000,9,https://www.bbva.pe/personas/productos/inversiones/depositos/deposito-plazo.html,2026-09-17 15:02:22 +00:00,2026-07-15 00:07:22 +00:00,2026-10-06T19:16:42.923Z,10061916-1987-0381-0000-155364d725ca,research/pibank-expanded-2026-10-06/ranked-09-provider.json,,not_selected_for_capture_plan
BBVA,estado de cuenta banco de la nacion,estado de cuenta banco de la nacion,1000,39,https://www.bbva.pe/personas/servicios-digitales/nueva-banca-movil/consulta-tu-saldo--movimientos--y-comparte-tu-cuenta.html,2026-09-15 17:44:39 +00:00,2026-09-07 07:41:02 +00:00,2026-10-06T19:16:42.923Z,10061916-1987-0381-0000-155364d725ca,research/pibank-expanded-2026-10-06/ranked-09-provider.json,,not_selected_for_capture_plan
BBVA,gratificación 2025,gratificacion 2025,1000,12,https://www.bbva.pe/blog/mis-finanzas/ahorro/gratificacion-que-es-como-se-calcula.html,2026-09-13 18:27:24 +00:00,2026-07-12 01:23:03 +00:00,2026-10-06T19:16:42.923Z,10061916-1987-0381-0000-155364d725ca,research/pibank-expanded-2026-10-06/ranked-09-provider.json,,not_selected_for_capture_plan
BBVA,interbancario,interbancario,1000,5,https://www.bbva.pe/personas/productos/cuentas/servicios/interbancario-cci-codigo-swift.html,2026-09-12 10:46:22 +00:00,2026-07-16 03:02:14 +00:00,2026-10-06T19:16:42.923Z,10061916-1987-0381-0000-155364d725ca,research/pibank-expanded-2026-10-06/ranked-09-provider.json,,not_selected_for_capture_plan
BBVA,mancomunada,mancomunada,1000,29,https://www.bbva.pe/blog/mis-finanzas/cuentas-bancarias.html,2026-09-12 07:19:55 +00:00,2026-07-14 15:28:33 +00:00,2026-10-06T19:16:42.923Z,10061916-1987-0381-0000-155364d725ca,research/pibank-expanded-2026-10-06/ranked-09-provider.json,,not_selected_for_capture_plan
BBVA,mancomunado,mancomunado,1000,82,https://www.bbva.pe/blog/mis-finanzas/cuentas-bancarias.html,2026-09-14 11:11:42 +00:00,2026-07-14 15:43:35 +00:00,2026-10-06T19:16:42.923Z,10061916-1987-0381-0000-155364d725ca,research/pibank-expanded-2026-10-06/ranked-09-provider.json,,not_selected_for_capture_plan
BBVA,menaje de cocina,menaje de cocina,1000,16,https://www.bbva.pe/blog/mis-finanzas/ahorro/guia-menaje-para-cocina.html,2026-09-13 16:44:37 +00:00,2026-07-15 23:04:06 +00:00,2026-10-06T19:16:42.923Z,10061916-1987-0381-0000-155364d725ca,research/pibank-expanded-2026-10-06/ranked-09-provider.json,,not_selected_for_capture_plan
BBVA,número de tarjeta,numero de tarjeta,1000,77,https://www.bbva.pe/blog/mi-guia-digital/numero-de-tarjeta-y-numero-de-cuenta.html,2026-09-17 15:14:22 +00:00,2026-09-07 01:13:55 +00:00,2026-10-06T19:16:42.923Z,10061916-1987-0381-0000-155364d725ca,research/pibank-expanded-2026-10-06/ranked-09-provider.json,,not_selected_for_capture_plan
BBVA,que es cts en peru,que es cts en peru,1000,20,https://www.bbva.pe/blog/mis-finanzas/ahorro/que-es-la-cts-preguntas-frecuentes.html,2026-09-16 20:33:56 +00:00,2026-07-15 16:54:46 +00:00,2026-10-06T19:16:42.923Z,10061916-1987-0381-0000-155364d725ca,research/pibank-expanded-2026-10-06/ranked-09-provider.json,,not_selected_for_capture_plan
BBVA,que es cts peru,que es cts peru,1000,15,https://www.bbva.pe/blog/mis-finanzas/ahorro/que-es-la-cts-preguntas-frecuentes.html,2026-09-12 12:53:32 +00:00,2026-07-15 16:54:24 +00:00,2026-10-06T19:16:42.923Z,10061916-1987-0381-0000-155364d725ca,research/pibank-expanded-2026-10-06/ranked-09-provider.json,,not_selected_for_capture_plan
BBVA,que es cuspp,que es cuspp,1000,22,https://www.bbva.pe/blog/mis-finanzas/ahorro/que-es-una-afp.html,2026-09-17 22:52:23 +00:00,2026-07-15 16:54:35 +00:00,2026-10-06T19:16:42.923Z,10061916-1987-0381-0000-155364d725ca,research/pibank-expanded-2026-10-06/ranked-09-provider.json,,not_selected_for_capture_plan
BBVA,que es itf,que es itf,1000,19,https://www.bbva.pe/content/dam/public-web/peru/documents/personas/productos-no-vigentes/cuenta-de-registro.pdf,2026-09-17 06:19:40 +00:00,2026-07-15 16:57:37 +00:00,2026-10-06T19:16:42.923Z,10061916-1987-0381-0000-155364d725ca,research/pibank-expanded-2026-10-06/ranked-09-provider.json,,not_selected_for_capture_plan
BBVA,retiro cts 2025,retiro cts 2025,1000,36,https://www.bbva.pe/personas/productos/cuentas/cts.html,2026-09-12 13:13:32 +00:00,2026-09-06 21:41:50 +00:00,2026-10-06T19:16:42.923Z,10061916-1987-0381-0000-155364d725ca,research/pibank-expanded-2026-10-06/ranked-09-provider.json,,not_selected_for_capture_plan
BBVA,se puede retirar la cts 2025,se puede retirar la cts 2025,1000,35,https://www.bbva.pe/blog/mis-finanzas/ahorro/como-transfiero-mi-CTS-a-mi-cuenta-de-ahorros.html,2026-09-13 16:08:49 +00:00,2026-09-06 20:55:39 +00:00,2026-10-06T19:16:42.923Z,10061916-1987-0381-0000-155364d725ca,research/pibank-expanded-2026-10-06/ranked-09-provider.json,,not_selected_for_capture_plan
BBVA,transferencia bancaria,transferencia bancaria,1000,9,https://www.bbva.pe/blog/mis-finanzas/ahorro/que-son-las-transferencias-bancarias.html,2026-09-14 15:22:36 +00:00,2026-09-06 18:51:37 +00:00,2026-10-06T19:16:42.923Z,10061916-1987-0381-0000-155364d725ca,research/pibank-expanded-2026-10-06/ranked-09-provider.json,,not_selected_for_capture_plan
BBVA,vincular cci a ruc,vincular cci a ruc,1000,17,https://www.bbva.pe/personas/productos/cuentas/servicios/interbancario-cci-codigo-swift.html,2026-09-15 17:54:35 +00:00,2026-07-15 08:49:50 +00:00,2026-10-06T19:16:42.923Z,10061916-1987-0381-0000-155364d725ca,research/pibank-expanded-2026-10-06/ranked-09-provider.json,,not_selected_for_capture_plan
BBVA,western union abierto,western union abierto,1000,26,https://www.bbva.pe/blog/mis-finanzas/ahorro/que-es-western-union.html,2026-09-15 14:24:05 +00:00,2026-09-06 18:03:01 +00:00,2026-10-06T19:16:42.923Z,10061916-1987-0381-0000-155364d725ca,research/pibank-expanded-2026-10-06/ranked-09-provider.json,,not_selected_for_capture_plan
BBVA,western union peru,western union peru,1000,4,https://www.bbva.pe/blog/mis-finanzas/ahorro/que-es-western-union.html,2026-09-15 15:33:20 +00:00,2026-07-15 08:41:29 +00:00,2026-10-06T19:16:42.923Z,10061916-1987-0381-0000-155364d725ca,research/pibank-expanded-2026-10-06/ranked-09-provider.json,,not_selected_for_capture_plan
BBVA,western union perú,western union peru,1000,4,https://www.bbva.pe/blog/mis-finanzas/ahorro/que-es-western-union.html,2026-09-18 00:01:10 +00:00,2026-09-06 18:01:17 +00:00,2026-10-06T19:16:42.923Z,10061916-1987-0381-0000-155364d725ca,research/pibank-expanded-2026-10-06/ranked-09-provider.json,,not_selected_for_capture_plan
BBVA,a f p qué significa,a f p que significa,880,8,https://www.bbva.pe/blog/mis-finanzas/ahorro/que-es-una-afp.html,2026-09-12 20:57:03 +00:00,2026-07-18 08:27:57 +00:00,2026-10-06T19:16:42.923Z,10061916-1987-0381-0000-155364d725ca,research/pibank-expanded-2026-10-06/ranked-09-provider.json,,not_selected_for_capture_plan
BBVA,afp profuturo seguimiento de solicitud,afp profuturo seguimiento de solicitud,880,14,https://www.bbva.pe/blog/mis-finanzas/ahorro/seguimiento-retiro-afp-2025.html,2026-09-14 23:53:25 +00:00,2026-07-18 08:07:28 +00:00,2026-10-06T19:16:42.923Z,10061916-1987-0381-0000-155364d725ca,research/pibank-expanded-2026-10-06/ranked-09-provider.json,,not_selected_for_capture_plan
BBVA,afp que significa,afp que significa,880,4,https://www.bbva.pe/blog/mis-finanzas/ahorro/que-es-una-afp.html,2026-09-12 01:09:07 +00:00,2026-09-08 17:44:48 +00:00,2026-10-06T19:16:42.923Z,10061916-1987-0381-0000-155364d725ca,research/pibank-expanded-2026-10-06/ranked-09-provider.json,,not_selected_for_capture_plan
BBVA,afp qué significa,afp que significa,880,4,https://www.bbva.pe/blog/mis-finanzas/ahorro/que-es-una-afp.html,2026-09-16 07:19:31 +00:00,2026-09-08 17:43:47 +00:00,2026-10-06T19:16:42.923Z,10061916-1987-0381-0000-155364d725ca,research/pibank-expanded-2026-10-06/ranked-09-provider.json,,not_selected_for_capture_plan
BBVA,afp scotiabank,afp scotiabank,880,25,https://www.bbva.pe/blog/mis-finanzas/ahorro/como-recibir-mi-afp-cuenta-intangible-bbva.html,2026-09-15 04:58:41 +00:00,2026-09-08 17:28:50 +00:00,2026-10-06T19:16:42.923Z,10061916-1987-0381-0000-155364d725ca,research/pibank-expanded-2026-10-06/ranked-09-provider.json,,not_selected_for_capture_plan
BBVA,afp significado,afp significado,880,3,https://www.bbva.pe/blog/mis-finanzas/ahorro/que-es-una-afp.html,2026-09-15 06:23:55 +00:00,2026-09-08 17:29:14 +00:00,2026-10-06T19:16:42.923Z,10061916-1987-0381-0000-155364d725ca,research/pibank-expanded-2026-10-06/ranked-09-provider.json,,not_selected_for_capture_plan
BBVA,ahorros,ahorros,880,21,https://www.bbva.pe/blog/mis-finanzas/ahorro/que-es-una-cuenta-de-ahorro-y-como-funciona.html,2026-09-17 18:16:23 +00:00,2026-07-16 17:26:35 +00:00,2026-10-06T19:16:42.923Z,10061916-1987-0381-0000-155364d725ca,research/pibank-expanded-2026-10-06/ranked-09-provider.json,,not_selected_for_capture_plan
BBVA,alcancias,alcancias,880,50,https://www.bbva.pe/blog/mis-finanzas/ahorro/alcancia-virtual-apartados-ahorra-sin-esfuerzo.html,2026-09-12 06:57:12 +00:00,2026-07-18 07:54:01 +00:00,2026-10-06T19:16:42.923Z,10061916-1987-0381-0000-155364d725ca,research/pibank-expanded-2026-10-06/ranked-09-provider.json,,not_selected_for_capture_plan
BBVA,codigo swift interbank peru,codigo swift interbank peru,880,25,https://www.bbva.pe/personas/productos/cuentas/servicios/interbancario-cci-codigo-swift.html,2026-09-14 06:18:29 +00:00,2026-07-16 12:29:47 +00:00,2026-10-06T19:16:42.923Z,10061916-1987-0381-0000-155364d725ca,research/pibank-expanded-2026-10-06/ranked-09-provider.json,,not_selected_for_capture_plan
BBVA,como saber cuanto tengo en mi afp prima,como saber cuanto tengo en mi afp prima,880,29,https://www.bbva.pe/blog/mis-finanzas/ahorro/como-consultar-tu-saldo-en-afp-rapidamente.html,2026-09-14 16:10:37 +00:00,2026-09-08 12:40:37 +00:00,2026-10-06T19:16:42.923Z,10061916-1987-0381-0000-155364d725ca,research/pibank-expanded-2026-10-06/ranked-09-provider.json,,not_selected_for_capture_plan
BBVA,conoce tu cci bcp,conoce tu cci bcp,880,14,https://www.bbva.pe/personas/productos/cuentas/servicios/interbancario-cci-codigo-swift.html,2026-09-15 07:02:14 +00:00,2026-07-18 01:38:24 +00:00,2026-10-06T19:16:42.923Z,10061916-1987-0381-0000-155364d725ca,research/pibank-expanded-2026-10-06/ranked-09-provider.json,,not_selected_for_capture_plan
BBVA,consulta cci bbva,consulta cci bbva,880,1,https://www.bbva.pe/personas/productos/cuentas/servicios/interbancario-cci-codigo-swift.html,2026-09-17 11:13:05 +00:00,2026-09-08 12:28:40 +00:00,2026-10-06T19:16:42.923Z,10061916-1987-0381-0000-155364d725ca,research/pibank-expanded-2026-10-06/ranked-09-provider.json,,not_selected_for_capture_plan
BBVA,consulta codigo interbancario bbva,consulta codigo interbancario bbva,880,1,https://www.bbva.pe/personas/productos/cuentas/servicios/interbancario-cci-codigo-swift.html,2026-09-17 00:04:03 +00:00,2026-07-18 01:35:41 +00:00,2026-10-06T19:16:42.923Z,10061916-1987-0381-0000-155364d725ca,research/pibank-expanded-2026-10-06/ranked-09-provider.json,,not_selected_for_capture_plan
BBVA,consultar cci bbva,consultar cci bbva,880,1,https://www.bbva.pe/personas/productos/cuentas/servicios/interbancario-cci-codigo-swift.html,2026-09-13 01:10:57 +00:00,2026-07-18 01:36:46 +00:00,2026-10-06T19:16:42.923Z,10061916-1987-0381-0000-155364d725ca,research/pibank-expanded-2026-10-06/ranked-09-provider.json,,not_selected_for_capture_plan
BBVA,coop,coop,880,87,https://www.bbva.pe/blog/mis-finanzas/ahorro/como-funcionan-cooperativas-ahorro-credito.html,2026-09-14 04:07:41 +00:00,2026-09-08 12:05:41 +00:00,2026-10-06T19:16:42.923Z,10061916-1987-0381-0000-155364d725ca,research/pibank-expanded-2026-10-06/ranked-09-provider.json,,not_selected_for_capture_plan
BBVA,crear cuenta digital bbva,crear cuenta digital bbva,880,1,https://www.bbva.pe/personas/productos/cuentas/ahorro/cuenta-digital.html,2026-09-16 07:10:24 +00:00,2026-09-10 03:43:09 +00:00,2026-10-06T19:16:42.923Z,10061916-1987-0381-0000-155364d725ca,research/pibank-expanded-2026-10-06/ranked-09-provider.json,B05,selected_exploratory_family
BBVA,cuando depositan la cts 2025,cuando depositan la cts 2025,880,62,https://www.bbva.pe/personas/productos/cuentas/cts.html,2026-09-13 20:52:17 +00:00,2026-07-16 10:45:36 +00:00,2026-10-06T19:16:42.923Z,10061916-1987-0381-0000-155364d725ca,research/pibank-expanded-2026-10-06/ranked-09-provider.json,,not_selected_for_capture_plan
BBVA,cuando se deposita la cts,cuando se deposita la cts,880,22,https://www.bbva.pe/blog/mis-finanzas/ahorro/que-es-la-cts-preguntas-frecuentes.html,2026-09-15 03:01:16 +00:00,2026-07-18 01:04:50 +00:00,2026-10-06T19:16:42.923Z,10061916-1987-0381-0000-155364d725ca,research/pibank-expanded-2026-10-06/ranked-09-provider.json,,not_selected_for_capture_plan
BBVA,cuanto es la gratificacion,cuanto es la gratificacion,880,4,https://www.bbva.pe/blog/mis-finanzas/ahorro/gratificacion-que-es-como-se-calcula.html,2026-09-12 20:51:47 +00:00,2026-07-16 10:41:52 +00:00,2026-10-06T19:16:42.923Z,10061916-1987-0381-0000-155364d725ca,research/pibank-expanded-2026-10-06/ranked-09-provider.json,,not_selected_for_capture_plan
BBVA,cuanto tengo en mi afp integra,cuanto tengo en mi afp integra,880,54,https://www.bbva.pe/blog/mis-finanzas/ahorro/como-consultar-tu-saldo-en-afp-rapidamente.html,2026-09-13 06:16:16 +00:00,2026-07-16 10:52:59 +00:00,2026-10-06T19:16:42.923Z,10061916-1987-0381-0000-155364d725ca,research/pibank-expanded-2026-10-06/ranked-09-provider.json,,not_selected_for_capture_plan
BBVA,cuenta bbva digital,cuenta bbva digital,880,1,https://www.bbva.pe/personas/productos/cuentas/ahorro/cuenta-digital.html,2026-09-15 03:13:47 +00:00,2026-07-18 00:54:57 +00:00,2026-10-06T19:16:42.923Z,10061916-1987-0381-0000-155364d725ca,research/pibank-expanded-2026-10-06/ranked-09-provider.json,,not_selected_for_capture_plan
BBVA,cuenta cts bcp,cuenta cts bcp,880,28,https://www.bbva.pe/personas/productos/cuentas/cts.html,2026-09-17 21:17:45 +00:00,2026-07-18 00:40:09 +00:00,2026-10-06T19:16:42.923Z,10061916-1987-0381-0000-155364d725ca,research/pibank-expanded-2026-10-06/ranked-09-provider.json,,not_selected_for_capture_plan
BBVA,cuenta de alto rendimiento,cuenta de alto rendimiento,880,2,https://www.bbva.pe/blog/mis-finanzas/ahorro/que-es-cuenta-de-alto-rendimiento.html,2026-09-13 06:40:08 +00:00,2026-07-19 19:00:35 +00:00,2026-10-06T19:16:42.923Z,10061916-1987-0381-0000-155364d725ca,research/pibank-expanded-2026-10-06/ranked-09-provider.json,C01,selected_exploratory_family
BBVA,deposito a plazo,deposito a plazo,880,25,https://www.bbva.pe/blog/mis-finanzas/inversiones/diferencias-entre-un-deposito-a-la-vista-y-un-deposito-a-plazo.html,2026-09-16 18:46:03 +00:00,2026-07-16 09:52:33 +00:00,2026-10-06T19:16:42.923Z,10061916-1987-0381-0000-155364d725ca,research/pibank-expanded-2026-10-06/ranked-09-provider.json,,not_selected_for_capture_plan
BBVA,descuento afp,descuento afp,880,67,https://www.bbva.pe/blog/mis-finanzas/ahorro/como-recibir-mi-afp-cuenta-intangible-bbva.html,2026-09-16 06:41:59 +00:00,2026-07-16 09:44:48 +00:00,2026-10-06T19:16:42.923Z,10061916-1987-0381-0000-155364d725ca,research/pibank-expanded-2026-10-06/ranked-09-provider.json,,not_selected_for_capture_plan
BBVA,el ahorro,el ahorro,880,23,https://www.bbva.pe/blog/mis-finanzas/ahorro/por-que-es-importante-ahorrar.html,2026-09-12 13:52:00 +00:00,2026-07-17 22:00:52 +00:00,2026-10-06T19:16:42.923Z,10061916-1987-0381-0000-155364d725ca,research/pibank-expanded-2026-10-06/ranked-09-provider.json,,not_selected_for_capture_plan
BBVA,estado de cuenta de tarjeta oh,estado de cuenta de tarjeta oh,880,32,https://www.bbva.pe/personas/servicios-digitales/nueva-banca-movil/estados-de-cuenta-de-tarjeta-de-credito.html,2026-09-15 08:19:12 +00:00,2026-09-08 08:37:39 +00:00,2026-10-06T19:16:42.923Z,10061916-1987-0381-0000-155364d725ca,research/pibank-expanded-2026-10-06/ranked-09-provider.json,,not_selected_for_capture_plan
BBVA,estado de cuenta tarjeta oh,estado de cuenta tarjeta oh,880,32,https://www.bbva.pe/personas/servicios-digitales/nueva-banca-movil/estados-de-cuenta-de-tarjeta-de-credito.html,2026-09-14 07:22:39 +00:00,2026-09-08 08:37:27 +00:00,2026-10-06T19:16:42.923Z,10061916-1987-0381-0000-155364d725ca,research/pibank-expanded-2026-10-06/ranked-09-provider.json,,not_selected_for_capture_plan
BBVA,gratificacion calcular,gratificacion calcular,880,11,https://www.bbva.pe/blog/mis-finanzas/ahorro/gratificacion-que-es-como-se-calcula.html,2026-09-13 23:42:40 +00:00,2026-09-08 06:29:13 +00:00,2026-10-06T19:16:42.923Z,10061916-1987-0381-0000-155364d725ca,research/pibank-expanded-2026-10-06/ranked-09-provider.json,,not_selected_for_capture_plan
BBVA,gratificación calculadora,gratificacion calculadora,880,6,https://www.bbva.pe/blog/mis-finanzas/ahorro/gratificacion-que-es-como-se-calcula.html,2026-09-14 00:47:45 +00:00,2026-09-08 06:28:55 +00:00,2026-10-06T19:16:42.923Z,10061916-1987-0381-0000-155364d725ca,research/pibank-expanded-2026-10-06/ranked-09-provider.json,,not_selected_for_capture_plan
BBVA,gratificación calculo,gratificacion calculo,880,13,https://www.bbva.pe/blog/mis-finanzas/ahorro/gratificacion-que-es-como-se-calcula.html,2026-09-14 18:39:12 +00:00,2026-07-16 05:13:24 +00:00,2026-10-06T19:16:42.923Z,10061916-1987-0381-0000-155364d725ca,research/pibank-expanded-2026-10-06/ranked-09-provider.json,,not_selected_for_capture_plan
BBVA,gratificación cálculo,gratificacion calculo,880,13,https://www.bbva.pe/blog/mis-finanzas/ahorro/gratificacion-que-es-como-se-calcula.html,2026-09-12 15:01:46 +00:00,2026-09-08 06:43:05 +00:00,2026-10-06T19:16:42.923Z,10061916-1987-0381-0000-155364d725ca,research/pibank-expanded-2026-10-06/ranked-09-provider.json,,not_selected_for_capture_plan
BBVA,inmediatas,inmediatas,880,65,https://www.bbva.pe/personas/servicios-digitales/transferencia-interbancaria.html,2026-09-14 17:35:32 +00:00,2026-07-17 18:42:43 +00:00,2026-10-06T19:16:42.923Z,10061916-1987-0381-0000-155364d725ca,research/pibank-expanded-2026-10-06/ranked-09-provider.json,,not_selected_for_capture_plan
BBVA,interbank cuenta joven,interbank cuenta joven,880,16,https://www.bbva.pe/blog/mis-finanzas/ahorro/que-es-cuenta-joven.html,2026-09-12 11:19:44 +00:00,2026-09-08 04:45:41 +00:00,2026-10-06T19:16:42.923Z,10061916-1987-0381-0000-155364d725ca,research/pibank-expanded-2026-10-06/ranked-09-provider.json,,not_selected_for_capture_plan
BBVA,presupuesto familiar,presupuesto familiar,880,18,https://www.bbva.pe/blog/mis-finanzas/ahorro/estrategias-gestionar-presupuesto-familiar-optimizar-ahorro.html,2026-09-13 13:47:07 +00:00,2026-09-07 22:04:40 +00:00,2026-10-06T19:16:42.923Z,10061916-1987-0381-0000-155364d725ca,research/pibank-expanded-2026-10-06/ranked-09-provider.json,,not_selected_for_capture_plan
BBVA,que es trea,que es trea,880,2,https://www.bbva.pe/blog/mis-finanzas/ahorro/que-es-la-trea-y-como-se-calcula.html,2026-09-15 13:19:51 +00:00,2026-09-07 21:14:26 +00:00,2026-10-06T19:16:42.923Z,10061916-1987-0381-0000-155364d725ca,research/pibank-expanded-2026-10-06/ranked-09-provider.json,E01,selected_exploratory_family
BBVA,qué es detracción,que es detraccion,880,16,https://www.bbva.pe/blog/mis-finanzas/ahorro/cual-es-la-cuenta-de-detracciones.html,2026-09-14 16:01:47 +00:00,2026-07-15 15:53:22 +00:00,2026-10-06T19:16:42.923Z,10061916-1987-0381-0000-155364d725ca,research/pibank-expanded-2026-10-06/ranked-09-provider.json,,not_selected_for_capture_plan
BBVA,requisitos retiro afp 2025,requisitos retiro afp 2025,880,2,https://www.bbva.pe/blog/mis-finanzas/ahorro/cuando-y-como-puedo-retirar-dinero-de-mi-afp.html,2026-09-14 23:34:43 +00:00,2026-07-17 03:51:33 +00:00,2026-10-06T19:16:42.923Z,10061916-1987-0381-0000-155364d725ca,research/pibank-expanded-2026-10-06/ranked-09-provider.json,,not_selected_for_capture_plan
BBVA,saldo afp,saldo afp,880,9,https://www.bbva.pe/blog/mis-finanzas/ahorro/como-consultar-tu-saldo-en-afp-rapidamente.html,2026-09-16 04:16:59 +00:00,2026-07-17 03:17:58 +00:00,2026-10-06T19:16:42.923Z,10061916-1987-0381-0000-155364d725ca,research/pibank-expanded-2026-10-06/ranked-09-provider.json,,not_selected_for_capture_plan
BBVA,saldo afp integra,saldo afp integra,880,43,https://www.bbva.pe/blog/mis-finanzas/ahorro/como-consultar-tu-saldo-en-afp-rapidamente.html,2026-09-15 18:06:46 +00:00,2026-07-17 03:08:43 +00:00,2026-10-06T19:16:42.923Z,10061916-1987-0381-0000-155364d725ca,research/pibank-expanded-2026-10-06/ranked-09-provider.json,,not_selected_for_capture_plan
BBVA,saldo contable y saldo disponible,saldo contable y saldo disponible,880,1,https://www.bbva.pe/blog/mis-finanzas/ahorro/que-es-el-saldo-contable-y-disponible.html,2026-09-16 21:50:33 +00:00,2026-07-17 02:53:32 +00:00,2026-10-06T19:16:42.923Z,10061916-1987-0381-0000-155364d725ca,research/pibank-expanded-2026-10-06/ranked-09-provider.json,,not_selected_for_capture_plan
BBVA,scotiabank plazo fijo,scotiabank plazo fijo,880,28,https://www.bbva.pe/personas/productos/inversiones/depositos/deposito-plazo.html,2026-09-16 23:35:39 +00:00,2026-07-15 13:41:35 +00:00,2026-10-06T19:16:42.923Z,10061916-1987-0381-0000-155364d725ca,research/pibank-expanded-2026-10-06/ranked-09-provider.json,,not_selected_for_capture_plan
BBVA,se aprobó el retiro de afp 2025,se aprobo el retiro de afp 2025,880,8,https://www.bbva.pe/blog/mis-finanzas/ahorro/cuando-y-como-puedo-retirar-dinero-de-mi-afp.html,2026-09-17 18:03:01 +00:00,2026-09-06 03:05:52 +00:00,2026-10-06T19:16:42.923Z,10061916-1987-0381-0000-155364d725ca,research/pibank-expanded-2026-10-06/ranked-09-provider.json,,not_selected_for_capture_plan
BBVA,abrir cuenta dolares bcp,abrir cuenta dolares bcp,720,38,https://www.bbva.pe/personas/productos/cuentas/ahorro-dolares.html,2026-09-16 21:50:58 +00:00,2026-07-20 04:53:08 +00:00,2026-10-06T19:16:42.923Z,10061916-1987-0381-0000-155364d725ca,research/pibank-expanded-2026-10-06/ranked-09-provider.json,,not_selected_for_capture_plan
BBVA,afp cuanto tengo,afp cuanto tengo,720,15,https://www.bbva.pe/blog/mis-finanzas/ahorro/como-consultar-tu-saldo-en-afp-rapidamente.html,2026-09-12 11:13:24 +00:00,2026-09-10 08:13:55 +00:00,2026-10-06T19:16:42.923Z,10061916-1987-0381-0000-155364d725ca,research/pibank-expanded-2026-10-06/ranked-09-provider.json,,not_selected_for_capture_plan
BBVA,afp integra consulta saldo,afp integra consulta saldo,720,32,https://www.bbva.pe/blog/mis-finanzas/ahorro/como-consultar-tu-saldo-en-afp-rapidamente.html,2026-09-16 20:36:50 +00:00,2026-09-10 08:13:56 +00:00,2026-10-06T19:16:42.923Z,10061916-1987-0381-0000-155364d725ca,research/pibank-expanded-2026-10-06/ranked-09-provider.json,,not_selected_for_capture_plan
BBVA,banco de la nacion cci,banco de la nacion cci,720,50,https://www.bbva.pe/personas/productos/cuentas/servicios/interbancario-cci-codigo-swift.html,2026-09-16 03:17:35 +00:00,2026-09-10 07:32:44 +00:00,2026-10-06T19:16:42.923Z,10061916-1987-0381-0000-155364d725ca,research/pibank-expanded-2026-10-06/ranked-09-provider.json,,not_selected_for_capture_plan
BBVA,banco pichincha plazo fijo,banco pichincha plazo fijo,720,57,https://www.bbva.pe/personas/productos/inversiones/depositos/deposito-plazo.html,2026-09-15 01:43:51 +00:00,2026-07-20 02:50:15 +00:00,2026-10-06T19:16:42.923Z,10061916-1987-0381-0000-155364d725ca,research/pibank-expanded-2026-10-06/ranked-09-provider.json,,not_selected_for_capture_plan
BBVA,como consultar mi afp,como consultar mi afp,720,15,https://www.bbva.pe/blog/mis-finanzas/ahorro/como-consultar-tu-saldo-en-afp-rapidamente.html,2026-09-15 18:56:37 +00:00,2026-09-10 04:38:48 +00:00,2026-10-06T19:16:42.923Z,10061916-1987-0381-0000-155364d725ca,research/pibank-expanded-2026-10-06/ranked-09-provider.json,,not_selected_for_capture_plan
BBVA,como puedo saber cuanto tengo en mi afp,como puedo saber cuanto tengo en mi afp,720,11,https://www.bbva.pe/blog/mis-finanzas/ahorro/como-consultar-tu-saldo-en-afp-rapidamente.html,2026-09-14 22:36:28 +00:00,2026-09-10 04:14:46 +00:00,2026-10-06T19:16:42.923Z,10061916-1987-0381-0000-155364d725ca,research/pibank-expanded-2026-10-06/ranked-09-provider.json,,not_selected_for_capture_plan
BBVA,como saber el cci de una cuenta,como saber el cci de una cuenta,720,3,https://www.bbva.pe/personas/productos/cuentas/servicios/interbancario-cci-codigo-swift.html,2026-09-15 15:33:20 +00:00,2026-07-18 02:01:32 +00:00,2026-10-06T19:16:42.923Z,10061916-1987-0381-0000-155364d725ca,research/pibank-expanded-2026-10-06/ranked-09-provider.json,,not_selected_for_capture_plan
BBVA,como sacar mi afp,como sacar mi afp,720,14,https://www.bbva.pe/blog/mis-finanzas/ahorro/cuando-y-como-puedo-retirar-dinero-de-mi-afp.html,2026-09-15 10:38:10 +00:00,2026-07-19 20:41:09 +00:00,2026-10-06T19:16:42.923Z,10061916-1987-0381-0000-155364d725ca,research/pibank-expanded-2026-10-06/ranked-09-provider.json,,not_selected_for_capture_plan
BBVA,consulta de retiro de afp,consulta de retiro de afp,720,4,https://www.bbva.pe/blog/mis-finanzas/ahorro/seguimiento-retiro-afp-2025.html,2026-09-12 11:49:32 +00:00,2026-09-10 04:19:16 +00:00,2026-10-06T19:16:42.923Z,10061916-1987-0381-0000-155364d725ca,research/pibank-expanded-2026-10-06/ranked-09-provider.json,,not_selected_for_capture_plan
BBVA,cts cuando pagan,cts cuando pagan,720,36,https://www.bbva.pe/blog/mis-finanzas/ahorro/que-es-la-cts-preguntas-frecuentes.html,2026-09-17 01:38:53 +00:00,2026-07-19 19:23:03 +00:00,2026-10-06T19:16:42.923Z,10061916-1987-0381-0000-155364d725ca,research/pibank-expanded-2026-10-06/ranked-09-provider.json,,not_selected_for_capture_plan
BBVA,cuando depositan la gratificacion,cuando depositan la gratificacion,720,12,https://www.bbva.pe/blog/mis-finanzas/ahorro/gratificacion-que-es-como-se-calcula.html,2026-09-15 12:31:26 +00:00,2026-07-19 19:18:17 +00:00,2026-10-06T19:16:42.923Z,10061916-1987-0381-0000-155364d725ca,research/pibank-expanded-2026-10-06/ranked-09-provider.json,,not_selected_for_capture_plan
BBVA,cuando fue el ultimo retiro de afp,cuando fue el ultimo retiro de afp,720,2,https://www.bbva.pe/blog/mis-finanzas/ahorro/cuando-y-como-puedo-retirar-dinero-de-mi-afp.html,2026-09-15 03:01:40 +00:00,2026-09-10 03:34:48 +00:00,2026-10-06T19:16:42.923Z,10061916-1987-0381-0000-155364d725ca,research/pibank-expanded-2026-10-06/ranked-09-provider.json,,not_selected_for_capture_plan
BBVA,cuando fue el último retiro de afp,cuando fue el ultimo retiro de afp,720,2,https://www.bbva.pe/blog/mis-finanzas/ahorro/cuando-y-como-puedo-retirar-dinero-de-mi-afp.html,2026-09-12 04:13:49 +00:00,2026-09-10 03:55:42 +00:00,2026-10-06T19:16:42.923Z,10061916-1987-0381-0000-155364d725ca,research/pibank-expanded-2026-10-06/ranked-09-provider.json,,not_selected_for_capture_plan
BBVA,cuantas afp hay en peru,cuantas afp hay en peru,720,4,https://www.bbva.pe/blog/mis-finanzas/ahorro/que-es-una-afp.html,2026-09-12 19:16:44 +00:00,2026-07-19 19:27:44 +00:00,2026-10-06T19:16:42.923Z,10061916-1987-0381-0000-155364d725ca,research/pibank-expanded-2026-10-06/ranked-09-provider.json,,not_selected_for_capture_plan
BBVA,cuanto tengo en mi afp prima,cuanto tengo en mi afp prima,720,30,https://www.bbva.pe/blog/mis-finanzas/ahorro/como-consultar-tu-saldo-en-afp-rapidamente.html,2026-09-16 22:04:27 +00:00,2026-09-10 03:34:03 +00:00,2026-10-06T19:16:42.923Z,10061916-1987-0381-0000-155364d725ca,research/pibank-expanded-2026-10-06/ranked-09-provider.json,,not_selected_for_capture_plan
BBVA,cuenta detracción,cuenta detraccion,720,4,https://www.bbva.pe/blog/mis-finanzas/ahorro/cual-es-la-cuenta-de-detracciones.html,2026-09-16 03:06:04 +00:00,2026-09-10 03:50:33 +00:00,2026-10-06T19:16:42.923Z,10061916-1987-0381-0000-155364d725ca,research/pibank-expanded-2026-10-06/ranked-09-provider.json,,not_selected_for_capture_plan
BBVA,cuenta empresa bcp,cuenta empresa bcp,720,44,https://www.bbva.pe/empresas/productos/cuentas.html,2026-09-16 16:03:22 +00:00,2026-09-10 03:47:34 +00:00,2026-10-06T19:16:42.923Z,10061916-1987-0381-0000-155364d725ca,research/pibank-expanded-2026-10-06/ranked-09-provider.json,,not_selected_for_capture_plan
BBVA,cuenta rolando,cuenta rolando,720,32,https://bancaporinternet.bbva.pe/bdntux_pe_web_85/bdntux_pe_web/cuentas/movimientos-cuenta/index/0,2026-09-14 15:50:00 +00:00,2026-09-10 03:30:35 +00:00,2026-10-06T19:16:42.923Z,10061916-1987-0381-0000-155364d725ca,research/pibank-expanded-2026-10-06/ranked-09-provider.json,,not_selected_for_capture_plan
BBVA,cuenta sueldo que es,cuenta sueldo que es,720,2,https://www.bbva.pe/blog/mis-finanzas/ahorro/que-es-una-cuenta-sueldo.html,2026-09-13 06:59:39 +00:00,2026-07-19 19:00:05 +00:00,2026-10-06T19:16:42.923Z,10061916-1987-0381-0000-155364d725ca,research/pibank-expanded-2026-10-06/ranked-09-provider.json,,not_selected_for_capture_plan
BBVA,cómo puedo ver mi afp,como puedo ver mi afp,720,8,https://www.bbva.pe/blog/mis-finanzas/ahorro/como-consultar-tu-saldo-en-afp-rapidamente.html,2026-09-13 21:18:16 +00:00,2026-07-19 18:41:57 +00:00,2026-10-06T19:16:42.923Z,10061916-1987-0381-0000-155364d725ca,research/pibank-expanded-2026-10-06/ranked-09-provider.json,,not_selected_for_capture_plan
BBVA,depositar,depositar,720,2,https://www.bbva.pe/blog/mi-guia-digital/como-depositar-dinero-en-la-tarjeta-de-debito.html,2026-09-15 16:27:45 +00:00,2026-09-10 02:54:01 +00:00,2026-10-06T19:16:42.923Z,10061916-1987-0381-0000-155364d725ca,research/pibank-expanded-2026-10-06/ranked-09-provider.json,,not_selected_for_capture_plan
BBVA,deposito afp,deposito afp,720,19,https://www.bbva.pe/blog/mis-finanzas/ahorro/como-recibir-mi-afp-cuenta-intangible-bbva.html,2026-09-14 02:46:09 +00:00,2026-07-19 17:50:18 +00:00,2026-10-06T19:16:42.923Z,10061916-1987-0381-0000-155364d725ca,research/pibank-expanded-2026-10-06/ranked-09-provider.json,,not_selected_for_capture_plan
BBVA,depósito de afp,deposito de afp,720,18,https://www.bbva.pe/blog/mis-finanzas/ahorro/como-recibir-mi-afp-cuenta-intangible-bbva.html,2026-09-13 02:00:36 +00:00,2026-09-10 02:54:14 +00:00,2026-10-06T19:16:42.923Z,10061916-1987-0381-0000-155364d725ca,research/pibank-expanded-2026-10-06/ranked-09-provider.json,,not_selected_for_capture_plan
BBVA,estado de cuenta tarjeta oh con dni,estado de cuenta tarjeta oh con dni,720,25,https://www.bbva.pe/personas/servicios-digitales/nueva-banca-movil/estados-de-cuenta-de-tarjeta-de-credito.html,2026-09-16 12:05:30 +00:00,2026-09-10 01:40:57 +00:00,2026-10-06T19:16:42.923Z,10061916-1987-0381-0000-155364d725ca,research/pibank-expanded-2026-10-06/ranked-09-provider.json,,not_selected_for_capture_plan
BBVA,estado de solicitud de retiro afp,estado de solicitud de retiro afp,720,5,https://www.bbva.pe/blog/mis-finanzas/ahorro/seguimiento-retiro-afp-2025.html,2026-09-15 10:25:47 +00:00,2026-07-19 15:14:30 +00:00,2026-10-06T19:16:42.923Z,10061916-1987-0381-0000-155364d725ca,research/pibank-expanded-2026-10-06/ranked-09-provider.json,,not_selected_for_capture_plan
BBVA,nuevo retiro afp,nuevo retiro afp,720,49,https://www.bbva.pe/blog/mis-finanzas/ahorro/cuando-y-como-puedo-retirar-dinero-de-mi-afp.html,2026-09-16 02:20:28 +00:00,2026-09-09 06:07:54 +00:00,2026-10-06T19:16:42.923Z,10061916-1987-0381-0000-155364d725ca,research/pibank-expanded-2026-10-06/ranked-09-provider.json,,not_selected_for_capture_plan
BBVA,oh estado de cuenta,oh estado de cuenta,720,35,https://www.bbva.pe/personas/servicios-digitales/nueva-banca-movil/estados-de-cuenta-de-tarjeta-de-credito.html,2026-09-16 06:36:42 +00:00,2026-09-09 06:10:18 +00:00,2026-10-06T19:16:42.923Z,10061916-1987-0381-0000-155364d725ca,research/pibank-expanded-2026-10-06/ranked-09-provider.json,,not_selected_for_capture_plan
BBVA,paypal perú,paypal peru,720,2,https://www.bbva.pe/blog/mis-finanzas/ahorro/cuenta-paypal-peru.html,2026-09-17 19:35:46 +00:00,2026-09-09 04:51:45 +00:00,2026-10-06T19:16:42.923Z,10061916-1987-0381-0000-155364d725ca,research/pibank-expanded-2026-10-06/ranked-09-provider.json,,not_selected_for_capture_plan
BBVA,que banco paga más intereses a plazo fijo 2025 perú,que banco paga mas intereses a plazo fijo 2025 peru,720,19,https://www.bbva.pe/personas/productos/inversiones/depositos/deposito-plazo.html,2026-09-17 15:20:03 +00:00,2026-09-09 02:51:52 +00:00,2026-10-06T19:16:42.923Z,10061916-1987-0381-0000-155364d725ca,research/pibank-expanded-2026-10-06/ranked-09-provider.json,,not_selected_for_capture_plan
BBVA,que es cci bcp,que es cci bcp,720,40,https://www.bbva.pe/blog/mis-finanzas/ahorro/como-saber-el-cci-cuenta-bancaria.html,2026-09-12 04:48:21 +00:00,2026-07-18 21:00:57 +00:00,2026-10-06T19:16:42.923Z,10061916-1987-0381-0000-155364d725ca,research/pibank-expanded-2026-10-06/ranked-09-provider.json,,not_selected_for_capture_plan
BBVA,que es cuenta sueldo,que es cuenta sueldo,720,2,https://www.bbva.pe/blog/mis-finanzas/ahorro/que-es-una-cuenta-sueldo.html,2026-09-16 19:11:18 +00:00,2026-07-18 20:44:56 +00:00,2026-10-06T19:16:42.923Z,10061916-1987-0381-0000-155364d725ca,research/pibank-expanded-2026-10-06/ranked-09-provider.json,,not_selected_for_capture_plan
BBVA,que es el saldo contable,que es el saldo contable,720,1,https://www.bbva.pe/blog/mis-finanzas/ahorro/que-es-el-saldo-contable-y-disponible.html,2026-09-14 05:25:28 +00:00,2026-07-18 20:51:31 +00:00,2026-10-06T19:16:42.923Z,10061916-1987-0381-0000-155364d725ca,research/pibank-expanded-2026-10-06/ranked-09-provider.json,,not_selected_for_capture_plan
BBVA,que es saldo contable,que es saldo contable,720,1,https://www.bbva.pe/blog/mis-finanzas/ahorro/que-es-el-saldo-contable-y-disponible.html,2026-09-13 17:54:30 +00:00,2026-09-09 02:23:55 +00:00,2026-10-06T19:16:42.923Z,10061916-1987-0381-0000-155364d725ca,research/pibank-expanded-2026-10-06/ranked-09-provider.json,,not_selected_for_capture_plan
BBVA,que es una tarjeta de debito,que es una tarjeta de debito,720,21,https://www.bbva.pe/blog/mis-finanzas/ahorro/que-es-una-tarjeta-de-debito-y-como-se-diferencia-de-una-tarjeta-de-credito.html,2026-09-14 21:13:54 +00:00,2026-09-09 01:59:08 +00:00,2026-10-06T19:16:42.923Z,10061916-1987-0381-0000-155364d725ca,research/pibank-expanded-2026-10-06/ranked-09-provider.json,,not_selected_for_capture_plan
BBVA,qué es saldo contable,que es saldo contable,720,1,https://www.bbva.pe/blog/mis-finanzas/ahorro/que-es-el-saldo-contable-y-disponible.html,2026-09-12 10:54:43 +00:00,2026-09-09 01:23:47 +00:00,2026-10-06T19:16:42.923Z,10061916-1987-0381-0000-155364d725ca,research/pibank-expanded-2026-10-06/ranked-09-provider.json,,not_selected_for_capture_plan
BBVA,reglamento sbs retiro afp 2025,reglamento sbs retiro afp 2025,720,46,https://www.bbva.pe/blog/mis-finanzas/ahorro/cuando-y-como-puedo-retirar-dinero-de-mi-afp.html,2026-09-17 22:53:22 +00:00,2026-09-09 00:45:41 +00:00,2026-10-06T19:16:42.923Z,10061916-1987-0381-0000-155364d725ca,research/pibank-expanded-2026-10-06/ranked-09-provider.json,,not_selected_for_capture_plan
BBVA,retirar afp prima,retirar afp prima,720,39,https://www.bbva.pe/blog/mis-finanzas/ahorro/cuando-y-como-puedo-retirar-dinero-de-mi-afp.html,2026-09-16 06:03:50 +00:00,2026-09-09 00:12:32 +00:00,2026-10-06T19:16:42.923Z,10061916-1987-0381-0000-155364d725ca,research/pibank-expanded-2026-10-06/ranked-09-provider.json,,not_selected_for_capture_plan
BBVA,retiro afp promulgado,retiro afp promulgado,720,53,https://www.bbva.pe/blog/mis-finanzas/ahorro/cuando-y-como-puedo-retirar-dinero-de-mi-afp.html,2026-09-12 11:13:48 +00:00,2026-09-09 00:15:35 +00:00,2026-10-06T19:16:42.923Z,10061916-1987-0381-0000-155364d725ca,research/pibank-expanded-2026-10-06/ranked-09-provider.json,,not_selected_for_capture_plan
BBVA,retiro de cts 2025,retiro de cts 2025,720,44,https://www.bbva.pe/blog/mis-finanzas/ahorro/como-transfiero-mi-CTS-a-mi-cuenta-de-ahorros.html,2026-09-16 15:27:52 +00:00,2026-09-09 00:13:17 +00:00,2026-10-06T19:16:42.923Z,10061916-1987-0381-0000-155364d725ca,research/pibank-expanded-2026-10-06/ranked-09-provider.json,,not_selected_for_capture_plan
BBVA,se puede retirar afp,se puede retirar afp,720,14,https://www.bbva.pe/blog/mis-finanzas/ahorro/que-hacer-con-el-retiro-de-mi-afp.html,2026-09-17 20:24:03 +00:00,2026-07-17 02:26:29 +00:00,2026-10-06T19:16:42.923Z,10061916-1987-0381-0000-155364d725ca,research/pibank-expanded-2026-10-06/ranked-09-provider.json,,not_selected_for_capture_plan
BBVA,seguimiento retiro afp prima,seguimiento retiro afp prima,720,3,https://www.bbva.pe/blog/mis-finanzas/ahorro/seguimiento-retiro-afp-2025.html,2026-09-14 09:53:11 +00:00,2026-07-18 16:13:25 +00:00,2026-10-06T19:16:42.923Z,10061916-1987-0381-0000-155364d725ca,research/pibank-expanded-2026-10-06/ranked-09-provider.json,,not_selected_for_capture_plan
BBVA,simulador plazo fijo,simulador plazo fijo,720,5,https://www.bbva.pe/personas/productos/inversiones/depositos/deposito-plazo.html,2026-09-16 23:59:26 +00:00,2026-09-08 23:14:10 +00:00,2026-10-06T19:16:42.923Z,10061916-1987-0381-0000-155364d725ca,research/pibank-expanded-2026-10-06/ranked-09-provider.json,,not_selected_for_capture_plan
BBVA,tarjeta debito,tarjeta debito,720,11,https://www.bbva.pe/blog/mis-finanzas/ahorro/que-es-una-tarjeta-de-debito-y-como-se-diferencia-de-una-tarjeta-de-credito.html,2026-09-15 01:55:57 +00:00,2026-07-16 22:34:28 +00:00,2026-10-06T19:16:42.923Z,10061916-1987-0381-0000-155364d725ca,research/pibank-expanded-2026-10-06/ranked-09-provider.json,,not_selected_for_capture_plan
BBVA,tasa de interes a plazo fijo,tasa de interes a plazo fijo,720,29,https://www.bbva.pe/personas/productos/inversiones/depositos/deposito-plazo.html,2026-09-17 10:38:40 +00:00,2026-09-08 21:37:51 +00:00,2026-10-06T19:16:42.923Z,10061916-1987-0381-0000-155364d725ca,research/pibank-expanded-2026-10-06/ranked-09-provider.json,,not_selected_for_capture_plan
BBVA,tasas de interés plazo fijo,tasas de interes plazo fijo,720,19,https://www.bbva.pe/personas/productos/inversiones/depositos/deposito-plazo.html,2026-09-12 10:54:43 +00:00,2026-09-08 21:36:24 +00:00,2026-10-06T19:16:42.923Z,10061916-1987-0381-0000-155364d725ca,research/pibank-expanded-2026-10-06/ranked-09-provider.json,,not_selected_for_capture_plan
BBVA,tunegocio.pe,tunegocio.pe,720,86,https://www.bbva.pe/empresas/productos/cuentas.html,2026-09-15 22:32:57 +00:00,2026-09-10 09:45:22 +00:00,2026-10-06T19:16:42.923Z,10061916-1987-0381-0000-155364d725ca,research/pibank-expanded-2026-10-06/ranked-09-provider.json,,not_selected_for_capture_plan
BBVA,abrir cuenta de ahorros bbva,abrir cuenta de ahorros bbva,590,1,https://www.bbva.pe/personas/productos/cuentas/ahorro.html,2026-09-14 17:16:46 +00:00,2026-07-26 21:13:42 +00:00,2026-10-06T19:16:42.923Z,10061916-1987-0381-0000-155364d725ca,research/pibank-expanded-2026-10-06/ranked-09-provider.json,B05,selected_exploratory_family
BBVA,abrir cuenta digital bbva,abrir cuenta digital bbva,590,1,https://www.bbva.pe/personas/productos/cuentas/ahorro/cuenta-digital.html,2026-09-16 04:39:46 +00:00,2026-07-26 20:59:31 +00:00,2026-10-06T19:16:42.923Z,10061916-1987-0381-0000-155364d725ca,research/pibank-expanded-2026-10-06/ranked-09-provider.json,B05,selected_exploratory_family
BBVA,afp como saber cuanto tengo,afp como saber cuanto tengo,590,15,https://www.bbva.pe/blog/mis-finanzas/ahorro/como-consultar-tu-saldo-en-afp-rapidamente.html,2026-09-17 03:41:19 +00:00,2026-09-14 01:25:57 +00:00,2026-10-06T19:16:42.923Z,10061916-1987-0381-0000-155364d725ca,research/pibank-expanded-2026-10-06/ranked-09-provider.json,,not_selected_for_capture_plan
BBVA,afp horizonte consulta,afp horizonte consulta,590,12,https://www.bbva.pe/blog/mis-finanzas/ahorro/como-consultar-tu-saldo-en-afp-rapidamente.html,2026-09-17 22:25:42 +00:00,2026-07-26 21:02:09 +00:00,2026-10-06T19:16:42.923Z,10061916-1987-0381-0000-155364d725ca,research/pibank-expanded-2026-10-06/ranked-09-provider.json,,not_selected_for_capture_plan
BBVA,afp seguimiento de retiro,afp seguimiento de retiro,590,4,https://www.bbva.pe/blog/mis-finanzas/ahorro/seguimiento-retiro-afp-2025.html,2026-09-15 15:42:22 +00:00,2026-09-11 22:05:53 +00:00,2026-10-06T19:16:42.923Z,10061916-1987-0381-0000-155364d725ca,research/pibank-expanded-2026-10-06/ranked-09-provider.json,,not_selected_for_capture_plan
BBVA,afp ver saldo,afp ver saldo,590,8,https://www.bbva.pe/blog/mis-finanzas/ahorro/como-consultar-tu-saldo-en-afp-rapidamente.html,2026-09-12 22:26:00 +00:00,2026-09-11 22:01:57 +00:00,2026-10-06T19:16:42.923Z,10061916-1987-0381-0000-155364d725ca,research/pibank-expanded-2026-10-06/ranked-09-provider.json,,not_selected_for_capture_plan
BBVA,apartados,apartados,590,1,https://www.bbva.pe/personas/productos/cuentas/servicios/apartados-bbva.html,2026-09-14 07:33:28 +00:00,2026-07-26 20:22:19 +00:00,2026-10-06T19:16:42.923Z,10061916-1987-0381-0000-155364d725ca,research/pibank-expanded-2026-10-06/ranked-09-provider.json,,not_selected_for_capture_plan
BBVA,banco falabella plazo fijo,banco falabella plazo fijo,590,40,https://www.bbva.pe/personas/productos/inversiones/depositos/deposito-plazo.html,2026-09-12 23:58:25 +00:00,2026-09-10 07:19:09 +00:00,2026-10-06T19:16:42.923Z,10061916-1987-0381-0000-155364d725ca,research/pibank-expanded-2026-10-06/ranked-09-provider.json,,not_selected_for_capture_plan
BBVA,calculadora de cts 2025,calculadora de cts 2025,590,94,https://www.bbva.pe/personas/productos/cuentas/cts.html,2026-09-13 08:33:50 +00:00,2026-07-26 16:18:33 +00:00,2026-10-06T19:16:42.923Z,10061916-1987-0381-0000-155364d725ca,research/pibank-expanded-2026-10-06/ranked-09-provider.json,,not_selected_for_capture_plan
BBVA,calculadora de la gratificacion,calculadora de la gratificacion,590,7,https://www.bbva.pe/blog/mis-finanzas/ahorro/gratificacion-que-es-como-se-calcula.html,2026-09-12 04:30:02 +00:00,2026-09-11 19:11:48 +00:00,2026-10-06T19:16:42.923Z,10061916-1987-0381-0000-155364d725ca,research/pibank-expanded-2026-10-06/ranked-09-provider.json,,not_selected_for_capture_plan
BBVA,calcular itf,calcular itf,590,14,https://www.bbva.pe/content/dam/public-web/peru/documents/personas/productos-no-vigentes/cuenta-de-registro.pdf,2026-09-15 06:12:55 +00:00,2026-07-29 14:29:24 +00:00,2026-10-06T19:16:42.923Z,10061916-1987-0381-0000-155364d725ca,research/pibank-expanded-2026-10-06/ranked-09-provider.json,,not_selected_for_capture_plan
BBVA,calculo de la gratificacion,calculo de la gratificacion,590,5,https://www.bbva.pe/blog/mis-finanzas/ahorro/gratificacion-que-es-como-se-calcula.html,2026-09-17 10:33:28 +00:00,2026-07-11 06:31:22 +00:00,2026-10-06T19:16:42.923Z,10061916-1987-0381-0000-155364d725ca,research/pibank-expanded-2026-10-06/ranked-09-provider.json,,not_selected_for_capture_plan
BBVA,calculo de la gratificación,calculo de la gratificacion,590,6,https://www.bbva.pe/blog/mis-finanzas/ahorro/gratificacion-que-es-como-se-calcula.html,2026-09-13 08:10:56 +00:00,2026-09-11 18:56:21 +00:00,2026-10-06T19:16:42.923Z,10061916-1987-0381-0000-155364d725ca,research/pibank-expanded-2026-10-06/ranked-09-provider.json,,not_selected_for_capture_plan
BBVA,certificado de deposito,certificado de deposito,590,11,https://www.bbva.pe/blog/mis-finanzas/inversiones/diferencia-entre-certificado-bancario-y-deposito-a-plazo.html,2026-09-17 05:02:30 +00:00,2026-07-26 13:41:43 +00:00,2026-10-06T19:16:42.923Z,10061916-1987-0381-0000-155364d725ca,research/pibank-expanded-2026-10-06/ranked-09-provider.json,,not_selected_for_capture_plan
BBVA,codigo de cuenta interbancario,codigo de cuenta interbancario,590,3,https://www.bbva.pe/personas/productos/cuentas/servicios/interbancario-cci-codigo-swift.html,2026-09-15 00:21:08 +00:00,2026-07-26 12:46:24 +00:00,2026-10-06T19:16:42.923Z,10061916-1987-0381-0000-155364d725ca,research/pibank-expanded-2026-10-06/ranked-09-provider.json,,not_selected_for_capture_plan
BBVA,codigo swift bbva peru,codigo swift bbva peru,590,1,https://www.bbva.pe/personas/productos/cuentas/servicios/interbancario-cci-codigo-swift.html,2026-09-17 04:09:22 +00:00,2026-07-19 21:20:54 +00:00,2026-10-06T19:16:42.923Z,10061916-1987-0381-0000-155364d725ca,research/pibank-expanded-2026-10-06/ranked-09-provider.json,,not_selected_for_capture_plan
BBVA,como ahorrar dinero,como ahorrar dinero,590,81,https://www.bbva.pe/blog/mis-finanzas/ahorro/como-ahorrar-dinero-tips-para-lograr-metas-ahorro.html,2026-09-16 20:21:11 +00:00,2026-07-26 12:17:31 +00:00,2026-10-06T19:16:42.923Z,10061916-1987-0381-0000-155364d725ca,research/pibank-expanded-2026-10-06/ranked-09-provider.json,E04,selected_exploratory_family
BBVA,como calcular mi gratificacion,como calcular mi gratificacion,590,5,https://www.bbva.pe/blog/mis-finanzas/ahorro/gratificacion-que-es-como-se-calcula.html,2026-09-12 20:16:39 +00:00,2026-07-26 12:16:54 +00:00,2026-10-06T19:16:42.923Z,10061916-1987-0381-0000-155364d725ca,research/pibank-expanded-2026-10-06/ranked-09-provider.json,,not_selected_for_capture_plan
BBVA,como depositar en cajero bcp,como depositar en cajero bcp,590,46,https://www.bbva.pe/personas/canales-de-atencion/cajeros/cajero-deposito.html,2026-09-13 22:25:16 +00:00,2026-07-19 21:07:55 +00:00,2026-10-06T19:16:42.923Z,10061916-1987-0381-0000-155364d725ca,research/pibank-expanded-2026-10-06/ranked-09-provider.json,,not_selected_for_capture_plan
BBVA,como retirar mi cts,como retirar mi cts,590,6,https://www.bbva.pe/blog/mis-finanzas/ahorro/como-transfiero-mi-CTS-a-mi-cuenta-de-ahorros.html,2026-09-16 00:30:24 +00:00,2026-07-26 12:09:26 +00:00,2026-10-06T19:16:42.923Z,10061916-1987-0381-0000-155364d725ca,research/pibank-expanded-2026-10-06/ranked-09-provider.json,,not_selected_for_capture_plan
BBVA,como retiro mi cts,como retiro mi cts,590,6,https://www.bbva.pe/personas/productos/cuentas/cts.html,2026-09-15 16:17:49 +00:00,2026-09-11 16:42:24 +00:00,2026-10-06T19:16:42.923Z,10061916-1987-0381-0000-155364d725ca,research/pibank-expanded-2026-10-06/ranked-09-provider.json,,not_selected_for_capture_plan
BBVA,como saber cuanto tengo en mi afp profuturo,como saber cuanto tengo en mi afp profuturo,590,75,https://www.bbva.pe/blog/mis-finanzas/ahorro/como-consultar-tu-saldo-en-afp-rapidamente.html,2026-09-12 03:22:33 +00:00,2026-09-11 16:27:55 +00:00,2026-10-06T19:16:42.923Z,10061916-1987-0381-0000-155364d725ca,research/pibank-expanded-2026-10-06/ranked-09-provider.json,,not_selected_for_capture_plan
BBVA,como saber cuánto tengo en mi afp,como saber cuanto tengo en mi afp,590,9,https://www.bbva.pe/blog/mis-finanzas/ahorro/como-consultar-tu-saldo-en-afp-rapidamente.html,2026-09-13 12:45:53 +00:00,2026-09-11 16:42:37 +00:00,2026-10-06T19:16:42.923Z,10061916-1987-0381-0000-155364d725ca,research/pibank-expanded-2026-10-06/ranked-09-provider.json,,not_selected_for_capture_plan
BBVA,como saber mi numero de cuenta,como saber mi numero de cuenta,590,3,https://www.bbva.pe/blog/mis-finanzas/como-saber-el-numero-de-tu-cuenta-bancaria.html,2026-09-15 11:34:40 +00:00,2026-07-19 20:43:14 +00:00,2026-10-06T19:16:42.923Z,10061916-1987-0381-0000-155364d725ca,research/pibank-expanded-2026-10-06/ranked-09-provider.json,,not_selected_for_capture_plan
BBVA,como saber si ya me depositaron mi afp,como saber si ya me depositaron mi afp,590,7,https://www.bbva.pe/blog/mis-finanzas/ahorro/seguimiento-retiro-afp-2025.html,2026-09-17 19:21:53 +00:00,2026-07-19 20:54:26 +00:00,2026-10-06T19:16:42.923Z,10061916-1987-0381-0000-155364d725ca,research/pibank-expanded-2026-10-06/ranked-09-provider.json,,not_selected_for_capture_plan
BBVA,como va mi retiro afp,como va mi retiro afp,590,6,https://www.bbva.pe/blog/mis-finanzas/ahorro/seguimiento-retiro-afp-2025.html,2026-09-17 11:28:48 +00:00,2026-07-26 11:57:08 +00:00,2026-10-06T19:16:42.923Z,10061916-1987-0381-0000-155364d725ca,research/pibank-expanded-2026-10-06/ranked-09-provider.json,,not_selected_for_capture_plan
BBVA,como va mi solicitud de afp profuturo,como va mi solicitud de afp profuturo,590,14,https://www.bbva.pe/blog/mis-finanzas/ahorro/seguimiento-retiro-afp-2025.html,2026-09-16 05:20:53 +00:00,2026-07-26 11:57:44 +00:00,2026-10-06T19:16:42.923Z,10061916-1987-0381-0000-155364d725ca,research/pibank-expanded-2026-10-06/ranked-09-provider.json,,not_selected_for_capture_plan
BBVA,consulta cci interbank,consulta cci interbank,590,11,https://www.bbva.pe/personas/productos/cuentas/servicios/interbancario-cci-codigo-swift.html,2026-09-17 19:20:24 +00:00,2026-07-26 12:00:34 +00:00,2026-10-06T19:16:42.923Z,10061916-1987-0381-0000-155364d725ca,research/pibank-expanded-2026-10-06/ranked-09-provider.json,,not_selected_for_capture_plan
BBVA,consulta de saldo banco de la nación por celular,consulta de saldo banco de la nacion por celular,590,23,https://www.bbva.pe/personas/servicios-digitales/nueva-banca-movil/consulta-tu-saldo--movimientos--y-comparte-tu-cuenta.html,2026-09-17 19:31:57 +00:00,2026-09-11 16:05:49 +00:00,2026-10-06T19:16:42.923Z,10061916-1987-0381-0000-155364d725ca,research/pibank-expanded-2026-10-06/ranked-09-provider.json,,not_selected_for_capture_plan
BBVA,consulta multired,consulta multired,590,29,https://bancaporinternet.bbva.pe/bdntux_pe_web_85/bdntux_pe_web/cuentas/movimientos-cuenta/index/0,2026-09-14 08:33:44 +00:00,2026-07-26 11:43:34 +00:00,2026-10-06T19:16:42.923Z,10061916-1987-0381-0000-155364d725ca,research/pibank-expanded-2026-10-06/ranked-09-provider.json,,not_selected_for_capture_plan
BBVA,consulta retiro afp prima,consulta retiro afp prima,590,15,https://www.bbva.pe/blog/mis-finanzas/ahorro/seguimiento-retiro-afp-2025.html,2026-09-17 20:09:50 +00:00,2026-07-26 11:54:52 +00:00,2026-10-06T19:16:42.923Z,10061916-1987-0381-0000-155364d725ca,research/pibank-expanded-2026-10-06/ranked-09-provider.json,,not_selected_for_capture_plan
BBVA,consultar cci interbank,consultar cci interbank,590,10,https://www.bbva.pe/personas/productos/cuentas/servicios/interbancario-cci-codigo-swift.html,2026-09-12 08:17:38 +00:00,2026-07-26 11:56:45 +00:00,2026-10-06T19:16:42.923Z,10061916-1987-0381-0000-155364d725ca,research/pibank-expanded-2026-10-06/ranked-09-provider.json,,not_selected_for_capture_plan
BBVA,cooperas,cooperas,590,16,https://www.bbva.pe/blog/mis-finanzas/ahorro/como-funcionan-cooperativas-ahorro-credito.html,2026-09-13 10:44:57 +00:00,2026-09-11 15:53:43 +00:00,2026-10-06T19:16:42.923Z,10061916-1987-0381-0000-155364d725ca,research/pibank-expanded-2026-10-06/ranked-09-provider.json,,not_selected_for_capture_plan
BBVA,cooperativa que es,cooperativa que es,590,8,https://www.bbva.pe/blog/mis-finanzas/ahorro/como-funcionan-cooperativas-ahorro-credito.html,2026-09-16 22:25:39 +00:00,2026-09-11 16:08:26 +00:00,2026-10-06T19:16:42.923Z,10061916-1987-0381-0000-155364d725ca,research/pibank-expanded-2026-10-06/ranked-09-provider.json,,not_selected_for_capture_plan
BBVA,crear cuenta en yahoo,crear cuenta en yahoo,590,27,https://www.bbva.pe/personas/productos/cuentas/ahorro/cuenta-digital/abrir-cuenta-app.html,2026-09-16 15:47:50 +00:00,2026-09-19 17:07:20 +00:00,2026-10-06T19:16:42.923Z,10061916-1987-0381-0000-155364d725ca,research/pibank-expanded-2026-10-06/ranked-09-provider.json,,not_selected_for_capture_plan
BBVA,cts bbva,cts bbva,590,1,https://www.bbva.pe/personas/productos/cuentas/cts.html,2026-09-14 08:46:48 +00:00,2026-07-26 11:26:02 +00:00,2026-10-06T19:16:42.923Z,10061916-1987-0381-0000-155364d725ca,research/pibank-expanded-2026-10-06/ranked-09-provider.json,,not_selected_for_capture_plan
BBVA,cts hasta cuando se puede retirar,cts hasta cuando se puede retirar,590,16,https://www.bbva.pe/personas/productos/cuentas/cts.html,2026-09-15 17:51:30 +00:00,2026-09-11 15:27:27 +00:00,2026-10-06T19:16:42.923Z,10061916-1987-0381-0000-155364d725ca,research/pibank-expanded-2026-10-06/ranked-09-provider.json,,not_selected_for_capture_plan
BBVA,cts peru,cts peru,590,17,https://www.bbva.pe/blog/mis-finanzas/ahorro/que-es-la-cts-preguntas-frecuentes.html,2026-09-13 06:53:33 +00:00,2026-07-26 11:21:20 +00:00,2026-10-06T19:16:42.923Z,10061916-1987-0381-0000-155364d725ca,research/pibank-expanded-2026-10-06/ranked-09-provider.json,,not_selected_for_capture_plan
BBVA,cual es el número de tarjeta,cual es el numero de tarjeta,590,9,https://www.bbva.pe/blog/mi-guia-digital/numero-de-tarjeta-y-numero-de-cuenta.html,2026-09-13 14:52:43 +00:00,2026-07-26 11:13:37 +00:00,2026-10-06T19:16:42.923Z,10061916-1987-0381-0000-155364d725ca,research/pibank-expanded-2026-10-06/ranked-09-provider.json,,not_selected_for_capture_plan
BBVA,cuando dan la gratificacion,cuando dan la gratificacion,590,9,https://www.bbva.pe/blog/mis-finanzas/ahorro/gratificacion-que-es-como-se-calcula.html,2026-09-17 16:25:31 +00:00,2026-09-11 15:36:51 +00:00,2026-10-06T19:16:42.923Z,10061916-1987-0381-0000-155364d725ca,research/pibank-expanded-2026-10-06/ranked-09-provider.json,,not_selected_for_capture_plan
BBVA,cuando pagan gratificacion,cuando pagan gratificacion,590,17,https://www.bbva.pe/blog/mis-finanzas/ahorro/gratificacion-que-es-como-se-calcula.html,2026-09-12 01:52:38 +00:00,2026-07-29 07:44:04 +00:00,2026-10-06T19:16:42.923Z,10061916-1987-0381-0000-155364d725ca,research/pibank-expanded-2026-10-06/ranked-09-provider.json,,not_selected_for_capture_plan
BBVA,cuando pagan la grati,cuando pagan la grati,590,16,https://www.bbva.pe/blog/mis-finanzas/ahorro/gratificacion-que-es-como-se-calcula.html,2026-09-16 03:04:54 +00:00,2026-07-26 11:06:24 +00:00,2026-10-06T19:16:42.923Z,10061916-1987-0381-0000-155364d725ca,research/pibank-expanded-2026-10-06/ranked-09-provider.json,,not_selected_for_capture_plan
BBVA,cuando pagan la gratificación 2026,cuando pagan la gratificacion 2026,590,5,https://www.bbva.pe/blog/mis-finanzas/ahorro/gratificacion-que-es-como-se-calcula.html,2026-09-17 06:36:15 +00:00,2026-08-01 04:29:17 +00:00,2026-10-06T19:16:42.923Z,10061916-1987-0381-0000-155364d725ca,research/pibank-expanded-2026-10-06/ranked-09-provider.json,,not_selected_for_capture_plan
BBVA,cuando se paga la gratificacion,cuando se paga la gratificacion,590,13,https://www.bbva.pe/blog/mis-finanzas/ahorro/gratificacion-que-es-como-se-calcula.html,2026-09-16 22:43:22 +00:00,2026-09-11 15:33:03 +00:00,2026-10-06T19:16:42.923Z,10061916-1987-0381-0000-155364d725ca,research/pibank-expanded-2026-10-06/ranked-09-provider.json,,not_selected_for_capture_plan
BBVA,cuando se paga la gratificación,cuando se paga la gratificacion,590,11,https://www.bbva.pe/blog/mis-finanzas/ahorro/gratificacion-que-es-como-se-calcula.html,2026-09-16 07:07:33 +00:00,2026-09-11 15:18:50 +00:00,2026-10-06T19:16:42.923Z,10061916-1987-0381-0000-155364d725ca,research/pibank-expanded-2026-10-06/ranked-09-provider.json,,not_selected_for_capture_plan
BBVA,cuanto tiempo demora una transferencia interbancaria,cuanto tiempo demora una transferencia interbancaria,590,17,https://www.bbva.pe/personas/servicios-digitales/transferencia-interbancaria.html,2026-09-15 23:40:41 +00:00,2026-07-26 11:14:29 +00:00,2026-10-06T19:16:42.923Z,10061916-1987-0381-0000-155364d725ca,research/pibank-expanded-2026-10-06/ranked-09-provider.json,,not_selected_for_capture_plan
BBVA,cuenta ahorro bbva,cuenta ahorro bbva,590,1,https://www.bbva.pe/personas/productos/cuentas/ahorro.html,2026-09-16 18:38:46 +00:00,2026-07-19 19:14:58 +00:00,2026-10-06T19:16:42.923Z,10061916-1987-0381-0000-155364d725ca,research/pibank-expanded-2026-10-06/ranked-09-provider.json,B05,selected_exploratory_family
BBVA,cuenta cci bcp,cuenta cci bcp,590,22,https://www.bbva.pe/personas/productos/cuentas/servicios/interbancario-cci-codigo-swift.html,2026-09-12 01:30:59 +00:00,2026-07-26 11:06:41 +00:00,2026-10-06T19:16:42.923Z,10061916-1987-0381-0000-155364d725ca,research/pibank-expanded-2026-10-06/ranked-09-provider.json,,not_selected_for_capture_plan
BBVA,cuenta en euros interbank,cuenta en euros interbank,590,34,https://www.bbva.pe/blog/mis-finanzas/ahorro/opciones-ahorro-en-moneda-extranjera-ofrecidas-bancos.html,2026-09-15 12:05:45 +00:00,2026-09-11 15:23:37 +00:00,2026-10-06T19:16:42.923Z,10061916-1987-0381-0000-155364d725ca,research/pibank-expanded-2026-10-06/ranked-09-provider.json,,not_selected_for_capture_plan
BBVA,cuenta intangible,cuenta intangible,590,1,https://www.bbva.pe/blog/mis-finanzas/ahorro/como-recibir-mi-afp-cuenta-intangible-bbva.html,2026-09-17 07:08:37 +00:00,2026-07-26 11:08:15 +00:00,2026-10-06T19:16:42.923Z,10061916-1987-0381-0000-155364d725ca,research/pibank-expanded-2026-10-06/ranked-09-provider.json,,not_selected_for_capture_plan
BBVA,cuenta sueldo scotiabank beneficios,cuenta sueldo scotiabank beneficios,590,36,https://www.bbva.pe/blog/mis-finanzas/ahorro/cuales-son-los-beneficios-de-tener-una-cuenta-sueldo.html,2026-09-15 11:03:25 +00:00,2026-09-11 15:22:03 +00:00,2026-10-06T19:16:42.923Z,10061916-1987-0381-0000-155364d725ca,research/pibank-expanded-2026-10-06/ranked-09-provider.json,,not_selected_for_capture_plan
BBVA,cuentas paypal,cuentas paypal,590,11,https://www.bbva.pe/blog/mis-finanzas/ahorro/cuenta-paypal-peru.html,2026-09-14 20:31:49 +00:00,2026-07-26 10:49:21 +00:00,2026-10-06T19:16:42.923Z,10061916-1987-0381-0000-155364d725ca,research/pibank-expanded-2026-10-06/ranked-09-provider.json,,not_selected_for_capture_plan
BBVA,cuspp que es,cuspp que es,590,22,https://www.bbva.pe/blog/mis-finanzas/ahorro/que-es-una-afp.html,2026-09-13 17:14:47 +00:00,2026-07-26 10:39:29 +00:00,2026-10-06T19:16:42.923Z,10061916-1987-0381-0000-155364d725ca,research/pibank-expanded-2026-10-06/ranked-09-provider.json,,not_selected_for_capture_plan
BBVA,cálculo de gratificaciones ejemplos,calculo de gratificaciones ejemplos,590,8,https://www.bbva.pe/blog/mis-finanzas/ahorro/gratificacion-que-es-como-se-calcula.html,2026-09-14 01:36:08 +00:00,2026-07-18 00:42:32 +00:00,2026-10-06T19:16:42.923Z,10061916-1987-0381-0000-155364d725ca,research/pibank-expanded-2026-10-06/ranked-09-provider.json,,not_selected_for_capture_plan
BBVA,cálculo de la gratificación,calculo de la gratificacion,590,12,https://www.bbva.pe/blog/mis-finanzas/ahorro/gratificacion-que-es-como-se-calcula.html,2026-09-15 02:05:34 +00:00,2026-09-11 15:07:30 +00:00,2026-10-06T19:16:42.923Z,10061916-1987-0381-0000-155364d725ca,research/pibank-expanded-2026-10-06/ranked-09-provider.json,,not_selected_for_capture_plan
BBVA,cómo calcular mi gratificación,como calcular mi gratificacion,590,5,https://www.bbva.pe/blog/mis-finanzas/ahorro/gratificacion-que-es-como-se-calcula.html,2026-09-16 02:15:34 +00:00,2026-09-11 15:02:44 +00:00,2026-10-06T19:16:42.923Z,10061916-1987-0381-0000-155364d725ca,research/pibank-expanded-2026-10-06/ranked-09-provider.json,,not_selected_for_capture_plan
BBVA,cómo retirar mi cts,como retirar mi cts,590,6,https://www.bbva.pe/personas/productos/cuentas/cts.html,2026-09-15 00:03:41 +00:00,2026-09-11 14:52:26 +00:00,2026-10-06T19:16:42.923Z,10061916-1987-0381-0000-155364d725ca,research/pibank-expanded-2026-10-06/ranked-09-provider.json,,not_selected_for_capture_plan
BBVA,cómo saber si ya me depositaron mi afp,como saber si ya me depositaron mi afp,590,8,https://www.bbva.pe/blog/mis-finanzas/ahorro/seguimiento-retiro-afp-2025.html,2026-09-15 01:18:40 +00:00,2026-09-11 14:52:30 +00:00,2026-10-06T19:16:42.923Z,10061916-1987-0381-0000-155364d725ca,research/pibank-expanded-2026-10-06/ranked-09-provider.json,,not_selected_for_capture_plan
BBVA,deposito a plazo fijo bbva,deposito a plazo fijo bbva,590,1,https://www.bbva.pe/personas/productos/inversiones/depositos/deposito-plazo.html,2026-09-16 14:26:58 +00:00,2026-07-26 09:37:58 +00:00,2026-10-06T19:16:42.923Z,10061916-1987-0381-0000-155364d725ca,research/pibank-expanded-2026-10-06/ranked-09-provider.json,,not_selected_for_capture_plan
BBVA,depósito a plazo fijo bbva,deposito a plazo fijo bbva,590,1,https://www.bbva.pe/personas/productos/inversiones/depositos/deposito-plazo.html,2026-09-17 08:48:06 +00:00,2026-09-11 13:55:14 +00:00,2026-10-06T19:16:42.923Z,10061916-1987-0381-0000-155364d725ca,research/pibank-expanded-2026-10-06/ranked-09-provider.json,,not_selected_for_capture_plan
BBVA,depósito cts,deposito cts,590,29,https://www.bbva.pe/blog/mis-finanzas/ahorro/que-es-la-cts-preguntas-frecuentes.html,2026-09-14 07:51:13 +00:00,2026-09-11 14:10:33 +00:00,2026-10-06T19:16:42.923Z,10061916-1987-0381-0000-155364d725ca,research/pibank-expanded-2026-10-06/ranked-09-provider.json,,not_selected_for_capture_plan
BBVA,depósitos cts,depositos cts,590,21,https://www.bbva.pe/blog/mis-finanzas/ahorro/que-es-la-cts-preguntas-frecuentes.html,2026-09-15 08:41:10 +00:00,2026-09-11 13:54:54 +00:00,2026-10-06T19:16:42.923Z,10061916-1987-0381-0000-155364d725ca,research/pibank-expanded-2026-10-06/ranked-09-provider.json,,not_selected_for_capture_plan
BBVA,esparcimiento,esparcimiento,590,67,https://www.bbva.pe/blog/mis-finanzas/ahorro/como-gestionar-ocio-entretenimiento-manera-economica.html,2026-09-15 16:25:51 +00:00,2026-09-11 10:47:43 +00:00,2026-10-06T19:16:42.923Z,10061916-1987-0381-0000-155364d725ca,research/pibank-expanded-2026-10-06/ranked-09-provider.json,,not_selected_for_capture_plan
BBVA,estado de cuenta de mi afp integra,estado de cuenta de mi afp integra,590,37,https://www.bbva.pe/blog/mis-finanzas/ahorro/como-consultar-tu-saldo-en-afp-rapidamente.html,2026-09-15 12:17:31 +00:00,2026-07-21 13:33:45 +00:00,2026-10-06T19:16:42.923Z,10061916-1987-0381-0000-155364d725ca,research/pibank-expanded-2026-10-06/ranked-09-provider.json,,not_selected_for_capture_plan
BBVA,grati,grati,590,9,https://www.bbva.pe/blog/mis-finanzas/ahorro/gratificacion-que-es-como-se-calcula.html,2026-09-16 10:36:37 +00:00,2026-07-21 11:36:32 +00:00,2026-10-06T19:16:42.923Z,10061916-1987-0381-0000-155364d725ca,research/pibank-expanded-2026-10-06/ranked-09-provider.json,,not_selected_for_capture_plan
BBVA,ley 32445,ley 32445,590,12,https://www.bbva.pe/blog/mis-finanzas/ahorro/ley-de-liberacion-de-afp.html,2026-09-16 11:20:45 +00:00,2026-07-21 04:50:33 +00:00,2026-10-06T19:16:42.923Z,10061916-1987-0381-0000-155364d725ca,research/pibank-expanded-2026-10-06/ranked-09-provider.json,,not_selected_for_capture_plan
BBVA,liberación de afp 2025,liberacion de afp 2025,590,7,https://www.bbva.pe/blog/mis-finanzas/ahorro/ley-de-liberacion-de-afp.html,2026-09-15 00:09:39 +00:00,2026-09-06 08:12:24 +00:00,2026-10-06T19:16:42.923Z,10061916-1987-0381-0000-155364d725ca,research/pibank-expanded-2026-10-06/ranked-09-provider.json,,not_selected_for_capture_plan
BBVA,multired consulta,multired consulta,590,25,https://bancaporinternet.bbva.pe/bdntux_pe_web_85/bdntux_pe_web/cuentas/movimientos-cuenta/index/0,2026-09-14 00:20:52 +00:00,2026-07-21 00:50:29 +00:00,2026-10-06T19:16:42.923Z,10061916-1987-0381-0000-155364d725ca,research/pibank-expanded-2026-10-06/ranked-09-provider.json,,not_selected_for_capture_plan
BBVA,numero de cuenta bancaria,numero de cuenta bancaria,590,40,https://www.bbva.pe/blog/mis-finanzas/como-saber-el-numero-de-tu-cuenta-bancaria.html,2026-09-14 23:09:09 +00:00,2026-09-09 06:07:53 +00:00,2026-10-06T19:16:42.923Z,10061916-1987-0381-0000-155364d725ca,research/pibank-expanded-2026-10-06/ranked-09-provider.json,,not_selected_for_capture_plan
BBVA,numero de cuenta bbva,numero de cuenta bbva,590,1,https://www.bbva.pe/blog/mis-finanzas/como-saber-el-numero-de-tu-cuenta-bancaria.html,2026-09-16 16:32:05 +00:00,2026-09-10 21:54:10 +00:00,2026-10-06T19:16:42.923Z,10061916-1987-0381-0000-155364d725ca,research/pibank-expanded-2026-10-06/ranked-09-provider.json,,not_selected_for_capture_plan
BBVA,número de cuenta bancaria,numero de cuenta bancaria,590,35,https://www.bbva.pe/blog/mis-finanzas/como-saber-el-numero-de-tu-cuenta-bancaria.html,2026-09-13 04:18:26 +00:00,2026-09-09 06:06:06 +00:00,2026-10-06T19:16:42.923Z,10061916-1987-0381-0000-155364d725ca,research/pibank-expanded-2026-10-06/ranked-09-provider.json,,not_selected_for_capture_plan
BBVA,número de cuenta banco de la nación,numero de cuenta banco de la nacion,590,32,https://www.bbva.pe/blog/mis-finanzas/como-saber-el-numero-de-tu-cuenta-bancaria.html,2026-09-15 01:14:37 +00:00,2026-09-10 21:43:58 +00:00,2026-10-06T19:16:42.923Z,10061916-1987-0381-0000-155364d725ca,research/pibank-expanded-2026-10-06/ranked-09-provider.json,,not_selected_for_capture_plan
BBVA,oh cts,oh cts,590,23,https://www.bbva.pe/blog/mis-finanzas/ahorro/que-es-la-cts-preguntas-frecuentes.html,2026-09-12 14:25:25 +00:00,2026-07-20 22:57:15 +00:00,2026-10-06T19:16:42.923Z,10061916-1987-0381-0000-155364d725ca,research/pibank-expanded-2026-10-06/ranked-09-provider.json,,not_selected_for_capture_plan
BBVA,paypal que es,paypal que es,590,3,https://www.bbva.pe/blog/mis-finanzas/ahorro/cuenta-paypal-peru.html,2026-09-12 16:42:31 +00:00,2026-09-10 20:05:46 +00:00,2026-10-06T19:16:42.923Z,10061916-1987-0381-0000-155364d725ca,research/pibank-expanded-2026-10-06/ranked-09-provider.json,,not_selected_for_capture_plan
BBVA,plan de ahorro,plan de ahorro,590,15,https://www.bbva.pe/blog/mis-finanzas/ahorro/un-plan-ahorro-hecho-tus-metas.html,2026-09-16 18:46:03 +00:00,2026-09-10 18:54:10 +00:00,2026-10-06T19:16:42.923Z,10061916-1987-0381-0000-155364d725ca,research/pibank-expanded-2026-10-06/ranked-09-provider.json,,not_selected_for_capture_plan
BBVA,planes de ahorro,planes de ahorro,590,10,https://www.bbva.pe/blog/mis-finanzas/financiamiento/ahorro-corto-largo-plazo-comprar-un-carro.html,2026-09-13 08:08:48 +00:00,2026-07-18 23:04:18 +00:00,2026-10-06T19:16:42.923Z,10061916-1987-0381-0000-155364d725ca,research/pibank-expanded-2026-10-06/ranked-09-provider.json,,not_selected_for_capture_plan
BBVA,que es cuenta interbancaria,que es cuenta interbancaria,590,5,https://www.bbva.pe/blog/mis-finanzas/ahorro/que-es-una-cuenta-interbancaria.html,2026-09-16 22:37:35 +00:00,2026-09-10 17:10:37 +00:00,2026-10-06T19:16:42.923Z,10061916-1987-0381-0000-155364d725ca,research/pibank-expanded-2026-10-06/ranked-09-provider.json,,not_selected_for_capture_plan
BBVA,que es el cts,que es el cts,590,23,https://www.bbva.pe/blog/mis-finanzas/ahorro/que-es-la-cts-preguntas-frecuentes.html,2026-09-16 18:38:49 +00:00,2026-07-20 19:07:38 +00:00,2026-10-06T19:16:42.923Z,10061916-1987-0381-0000-155364d725ca,research/pibank-expanded-2026-10-06/ranked-09-provider.json,,not_selected_for_capture_plan
BBVA,que es spp,que es spp,590,26,https://www.bbva.pe/blog/mis-finanzas/ahorro/que-es-una-afp.html,2026-09-15 03:55:44 +00:00,2026-07-20 18:31:04 +00:00,2026-10-06T19:16:42.923Z,10061916-1987-0381-0000-155364d725ca,research/pibank-expanded-2026-10-06/ranked-09-provider.json,,not_selected_for_capture_plan
BBVA,que es tarjeta de debito,que es tarjeta de debito,590,22,https://www.bbva.pe/blog/mis-finanzas/ahorro/que-es-una-tarjeta-de-debito-y-como-se-diferencia-de-una-tarjeta-de-credito.html,2026-09-16 03:04:54 +00:00,2026-09-10 16:19:01 +00:00,2026-10-06T19:16:42.923Z,10061916-1987-0381-0000-155364d725ca,research/pibank-expanded-2026-10-06/ranked-09-provider.json,,not_selected_for_capture_plan
BBVA,que es una cooperativa,que es una cooperativa,590,6,https://www.bbva.pe/blog/mis-finanzas/ahorro/como-funcionan-cooperativas-ahorro-credito.html,2026-09-16 04:00:48 +00:00,2026-09-10 16:09:22 +00:00,2026-10-06T19:16:42.923Z,10061916-1987-0381-0000-155364d725ca,research/pibank-expanded-2026-10-06/ranked-09-provider.json,,not_selected_for_capture_plan
BBVA,que es una cuenta de ahorro,que es una cuenta de ahorro,590,23,https://www.bbva.pe/personas/productos/cuentas/ahorro.html,2026-09-14 05:10:22 +00:00,2026-09-10 16:08:56 +00:00,2026-10-06T19:16:42.923Z,10061916-1987-0381-0000-155364d725ca,research/pibank-expanded-2026-10-06/ranked-09-provider.json,E03,selected_exploratory_family
BBVA,que es una cuenta de detraccion,que es una cuenta de detraccion,590,2,https://www.bbva.pe/blog/mis-finanzas/ahorro/cual-es-la-cuenta-de-detracciones.html,2026-09-16 02:57:39 +00:00,2026-07-20 18:18:22 +00:00,2026-10-06T19:16:42.923Z,10061916-1987-0381-0000-155364d725ca,research/pibank-expanded-2026-10-06/ranked-09-provider.json,,not_selected_for_capture_plan
BBVA,que es una cuenta interbancaria,que es una cuenta interbancaria,590,1,https://www.bbva.pe/blog/mis-finanzas/ahorro/que-es-una-cuenta-interbancaria.html,2026-09-17 20:14:45 +00:00,2026-07-20 18:19:21 +00:00,2026-10-06T19:16:42.923Z,10061916-1987-0381-0000-155364d725ca,research/pibank-expanded-2026-10-06/ranked-09-provider.json,,not_selected_for_capture_plan
BBVA,que son cooperativa,que son cooperativa,590,7,https://www.bbva.pe/blog/mis-finanzas/ahorro/como-funcionan-cooperativas-ahorro-credito.html,2026-09-16 16:56:50 +00:00,2026-09-10 15:58:23 +00:00,2026-10-06T19:16:42.923Z,10061916-1987-0381-0000-155364d725ca,research/pibank-expanded-2026-10-06/ranked-09-provider.json,,not_selected_for_capture_plan
BBVA,que son cuenta de ahorro,que son cuenta de ahorro,590,26,https://www.bbva.pe/blog/mis-finanzas/ahorro/caracteristicas-de-una-cuenta-de-ahorros.html,2026-09-17 12:39:35 +00:00,2026-09-10 15:57:19 +00:00,2026-10-06T19:16:42.923Z,10061916-1987-0381-0000-155364d725ca,research/pibank-expanded-2026-10-06/ranked-09-provider.json,E03,selected_exploratory_family
BBVA,que son cuentas de ahorro,que son cuentas de ahorro,590,12,https://www.bbva.pe/blog/mis-finanzas/ahorro/que-es-una-cuenta-de-ahorro-y-como-funciona.html,2026-09-14 10:27:42 +00:00,2026-07-20 17:27:20 +00:00,2026-10-06T19:16:42.923Z,10061916-1987-0381-0000-155364d725ca,research/pibank-expanded-2026-10-06/ranked-09-provider.json,E03,selected_exploratory_family
BBVA,que son cuentas de ahorros,que son cuentas de ahorros,590,11,https://www.bbva.pe/blog/mis-finanzas/ahorro/que-es-una-cuenta-de-ahorro-y-como-funciona.html,2026-09-16 04:14:52 +00:00,2026-07-20 17:27:02 +00:00,2026-10-06T19:16:42.923Z,10061916-1987-0381-0000-155364d725ca,research/pibank-expanded-2026-10-06/ranked-09-provider.json,E03,selected_exploratory_family
BBVA,que son las cooperativas,que son las cooperativas,590,5,https://www.bbva.pe/blog/mis-finanzas/ahorro/como-funcionan-cooperativas-ahorro-credito.html,2026-09-16 03:14:14 +00:00,2026-07-20 17:24:44 +00:00,2026-10-06T19:16:42.923Z,10061916-1987-0381-0000-155364d725ca,research/pibank-expanded-2026-10-06/ranked-09-provider.json,,not_selected_for_capture_plan
BBVA,qué es el cts,que es el cts,590,8,https://www.bbva.pe/blog/mis-finanzas/ahorro/que-es-la-cts-preguntas-frecuentes.html,2026-09-17 03:56:27 +00:00,2026-07-20 16:20:39 +00:00,2026-10-06T19:16:42.923Z,10061916-1987-0381-0000-155364d725ca,research/pibank-expanded-2026-10-06/ranked-09-provider.json,,not_selected_for_capture_plan
BBVA,qué es una cooperativa,que es una cooperativa,590,8,https://www.bbva.pe/blog/mis-finanzas/ahorro/como-funcionan-cooperativas-ahorro-credito.html,2026-09-12 20:01:23 +00:00,2026-09-10 15:21:47 +00:00,2026-10-06T19:16:42.923Z,10061916-1987-0381-0000-155364d725ca,research/pibank-expanded-2026-10-06/ranked-09-provider.json,,not_selected_for_capture_plan
BBVA,qué significa saldo contable,que significa saldo contable,590,1,https://www.bbva.pe/blog/mis-finanzas/ahorro/que-es-el-saldo-contable-y-disponible.html,2026-09-15 23:18:38 +00:00,2026-07-20 15:35:00 +00:00,2026-10-06T19:16:42.923Z,10061916-1987-0381-0000-155364d725ca,research/pibank-expanded-2026-10-06/ranked-09-provider.json,,not_selected_for_capture_plan
BBVA,qué son cooperativas,que son cooperativas,590,6,https://www.bbva.pe/blog/mis-finanzas/ahorro/como-funcionan-cooperativas-ahorro-credito.html,2026-09-17 16:13:22 +00:00,2026-09-10 14:49:05 +00:00,2026-10-06T19:16:42.923Z,10061916-1987-0381-0000-155364d725ca,research/pibank-expanded-2026-10-06/ranked-09-provider.json,,not_selected_for_capture_plan
BBVA,saldo contabilidad,saldo contabilidad,590,22,https://www.bbva.pe/blog/mis-finanzas/ahorro/que-es-el-saldo-contable-y-disponible.html,2026-09-13 10:09:30 +00:00,2026-07-20 13:00:42 +00:00,2026-10-06T19:16:42.923Z,10061916-1987-0381-0000-155364d725ca,research/pibank-expanded-2026-10-06/ranked-09-provider.json,,not_selected_for_capture_plan
BBVA,saldo contable,saldo contable,590,1,https://www.bbva.pe/blog/mis-finanzas/ahorro/que-es-el-saldo-contable-y-disponible.html,2026-09-16 23:23:53 +00:00,2026-07-18 16:58:11 +00:00,2026-10-06T19:16:42.923Z,10061916-1987-0381-0000-155364d725ca,research/pibank-expanded-2026-10-06/ranked-09-provider.json,,not_selected_for_capture_plan
BBVA,saldo en contabilidad,saldo en contabilidad,590,13,https://www.bbva.pe/blog/mis-finanzas/ahorro/que-es-el-saldo-contable-y-disponible.html,2026-09-15 00:30:56 +00:00,2026-09-10 13:02:21 +00:00,2026-10-06T19:16:42.923Z,10061916-1987-0381-0000-155364d725ca,research/pibank-expanded-2026-10-06/ranked-09-provider.json,,not_selected_for_capture_plan
BBVA,saldos contables,saldos contables,590,6,https://www.bbva.pe/blog/mis-finanzas/ahorro/que-es-el-saldo-contable-y-disponible.html,2026-09-17 16:56:00 +00:00,2026-09-10 13:02:30 +00:00,2026-10-06T19:16:42.923Z,10061916-1987-0381-0000-155364d725ca,research/pibank-expanded-2026-10-06/ranked-09-provider.json,,not_selected_for_capture_plan
BBVA,seguimiento de mi solicitud afp profuturo,seguimiento de mi solicitud afp profuturo,590,9,https://www.bbva.pe/blog/mis-finanzas/ahorro/seguimiento-retiro-afp-2025.html,2026-09-16 16:49:49 +00:00,2026-07-20 12:20:08 +00:00,2026-10-06T19:16:42.923Z,10061916-1987-0381-0000-155364d725ca,research/pibank-expanded-2026-10-06/ranked-09-provider.json,,not_selected_for_capture_plan
BBVA,seguimiento de retiro afp,seguimiento de retiro afp,590,3,https://www.bbva.pe/blog/mis-finanzas/ahorro/seguimiento-retiro-afp-2025.html,2026-09-13 22:24:19 +00:00,2026-07-20 12:19:21 +00:00,2026-10-06T19:16:42.923Z,10061916-1987-0381-0000-155364d725ca,research/pibank-expanded-2026-10-06/ranked-09-provider.json,,not_selected_for_capture_plan
BBVA,simulador plazo fijo bcp simulador,simulador plazo fijo bcp simulador,590,14,https://www.bbva.pe/personas/productos/inversiones/depositos/deposito-plazo.html,2026-09-13 08:03:53 +00:00,2026-07-18 15:40:36 +00:00,2026-10-06T19:16:42.923Z,10061916-1987-0381-0000-155364d725ca,research/pibank-expanded-2026-10-06/ranked-09-provider.json,,not_selected_for_capture_plan
BBVA,tarjeta de credito debito,tarjeta de credito debito,590,10,https://www.bbva.pe/blog/mis-finanzas/ahorro/que-es-una-tarjeta-de-debito-y-como-se-diferencia-de-una-tarjeta-de-credito.html,2026-09-12 05:02:35 +00:00,2026-07-18 13:33:08 +00:00,2026-10-06T19:16:42.923Z,10061916-1987-0381-0000-155364d725ca,research/pibank-expanded-2026-10-06/ranked-09-provider.json,,not_selected_for_capture_plan
BBVA,tarjeta de credito o debito,tarjeta de credito o debito,590,13,https://www.bbva.pe/blog/mis-finanzas/ahorro/que-es-una-tarjeta-de-debito-y-como-se-diferencia-de-una-tarjeta-de-credito.html,2026-09-15 02:56:55 +00:00,2026-09-08 21:23:31 +00:00,2026-10-06T19:16:42.923Z,10061916-1987-0381-0000-155364d725ca,research/pibank-expanded-2026-10-06/ranked-09-provider.json,,not_selected_for_capture_plan
BBVA,tarjeta de credito y debito,tarjeta de credito y debito,590,7,https://www.bbva.pe/blog/mis-finanzas/ahorro/que-es-una-tarjeta-de-debito-y-como-se-diferencia-de-una-tarjeta-de-credito.html,2026-09-13 04:41:11 +00:00,2026-07-18 13:17:57 +00:00,2026-10-06T19:16:42.923Z,10061916-1987-0381-0000-155364d725ca,research/pibank-expanded-2026-10-06/ranked-09-provider.json,,not_selected_for_capture_plan
BBVA,tarjeta de crédito o débito,tarjeta de credito o debito,590,12,https://www.bbva.pe/blog/mis-finanzas/ahorro/que-es-una-tarjeta-de-debito-y-como-se-diferencia-de-una-tarjeta-de-credito.html,2026-09-13 17:01:51 +00:00,2026-07-18 13:16:40 +00:00,2026-10-06T19:16:42.923Z,10061916-1987-0381-0000-155364d725ca,research/pibank-expanded-2026-10-06/ranked-09-provider.json,,not_selected_for_capture_plan
BBVA,tarjeta de debito que es,tarjeta de debito que es,590,21,https://www.bbva.pe/blog/mis-finanzas/ahorro/que-es-una-tarjeta-de-debito-y-como-se-diferencia-de-una-tarjeta-de-credito.html,2026-09-12 13:28:42 +00:00,2026-07-20 09:31:51 +00:00,2026-10-06T19:16:42.923Z,10061916-1987-0381-0000-155364d725ca,research/pibank-expanded-2026-10-06/ranked-09-provider.json,,not_selected_for_capture_plan
BBVA,tasa de interes bancos,tasa de interes bancos,590,25,https://www.bbva.pe/blog/mis-finanzas/tasa-de-interes-en-depositos-a-plazo.html,2026-09-15 15:08:06 +00:00,2026-09-10 10:30:44 +00:00,2026-10-06T19:16:42.923Z,10061916-1987-0381-0000-155364d725ca,research/pibank-expanded-2026-10-06/ranked-09-provider.json,,not_selected_for_capture_plan
BBVA,tasa de intereses de bancos,tasa de intereses de bancos,590,23,https://www.bbva.pe/blog/mis-finanzas/tasa-de-interes-en-depositos-a-plazo.html,2026-09-16 22:43:22 +00:00,2026-07-20 09:31:59 +00:00,2026-10-06T19:16:42.923Z,10061916-1987-0381-0000-155364d725ca,research/pibank-expanded-2026-10-06/ranked-09-provider.json,,not_selected_for_capture_plan
BBVA,tasa de interés de un banco,tasa de interes de un banco,590,34,https://www.bbva.pe/blog/mis-finanzas/tasa-de-interes-en-depositos-a-plazo.html,2026-09-17 15:00:29 +00:00,2026-09-10 10:30:45 +00:00,2026-10-06T19:16:42.923Z,10061916-1987-0381-0000-155364d725ca,research/pibank-expanded-2026-10-06/ranked-09-provider.json,,not_selected_for_capture_plan
BBVA,tasas de interés de bancos,tasas de interes de bancos,590,15,https://www.bbva.pe/blog/mis-finanzas/tasa-de-interes-en-depositos-a-plazo.html,2026-09-14 18:56:23 +00:00,2026-07-20 09:16:15 +00:00,2026-10-06T19:16:42.923Z,10061916-1987-0381-0000-155364d725ca,research/pibank-expanded-2026-10-06/ranked-09-provider.json,,not_selected_for_capture_plan
BBVA,traa,traa,590,41,https://www.bbva.pe/blog/mis-finanzas/ahorro/que-es-la-trea-y-como-se-calcula.html,2026-09-14 00:47:34 +00:00,2026-09-10 09:56:59 +00:00,2026-10-06T19:16:42.923Z,10061916-1987-0381-0000-155364d725ca,research/pibank-expanded-2026-10-06/ranked-09-provider.json,,not_selected_for_capture_plan
BBVA,transferencia interbancaria bbva,transferencia interbancaria bbva,590,1,https://www.bbva.pe/personas/servicios-digitales/transferencia-interbancaria.html,2026-09-17 16:04:55 +00:00,2026-07-18 11:41:50 +00:00,2026-10-06T19:16:42.923Z,10061916-1987-0381-0000-155364d725ca,research/pibank-expanded-2026-10-06/ranked-09-provider.json,,not_selected_for_capture_plan
BBVA,transferencias interbancarias,transferencias interbancarias,590,1,https://www.bbva.pe/personas/servicios-digitales/transferencia-interbancaria.html,2026-09-16 10:27:57 +00:00,2026-09-10 09:45:56 +00:00,2026-10-06T19:16:42.923Z,10061916-1987-0381-0000-155364d725ca,research/pibank-expanded-2026-10-06/ranked-09-provider.json,,not_selected_for_capture_plan
BBVA,transferencias interbancarias bbva,transferencias interbancarias bbva,590,1,https://www.bbva.pe/personas/servicios-digitales/transferencia-interbancaria.html,2026-09-12 21:16:21 +00:00,2026-07-20 07:29:05 +00:00,2026-10-06T19:16:42.923Z,10061916-1987-0381-0000-155364d725ca,research/pibank-expanded-2026-10-06/ranked-09-provider.json,,not_selected_for_capture_plan
BBVA,tu cumple vale,tu cumple vale,590,38,https://form.bbva.pe/app/formulario/ahorra-con-ritmo,2026-09-12 17:12:42 +00:00,2026-09-08 20:03:36 +00:00,2026-10-06T19:16:42.923Z,10061916-1987-0381-0000-155364d725ca,research/pibank-expanded-2026-10-06/ranked-09-provider.json,,not_selected_for_capture_plan
BBVA,western unión chorrillos,western union chorrillos,590,22,https://www.bbva.pe/blog/mis-finanzas/ahorro/que-es-western-union.html,2026-09-14 03:16:32 +00:00,2026-09-10 09:12:26 +00:00,2026-10-06T19:16:42.923Z,10061916-1987-0381-0000-155364d725ca,research/pibank-expanded-2026-10-06/ranked-09-provider.json,,not_selected_for_capture_plan
BBVA,activar compras por internet bcp,activar compras por internet bcp,480,41,https://www.bbva.pe/blog/mis-finanzas/ahorro/Como-activo-mi-tarjeta-de-debito-para-comprar-por-Internet.html,2026-09-13 10:17:42 +00:00,2026-09-14 01:43:56 +00:00,2026-10-06T19:16:42.923Z,10061916-1987-0381-0000-155364d725ca,research/pibank-expanded-2026-10-06/ranked-09-provider.json,,not_selected_for_capture_plan
BBVA,afp integra como va mi solicitud de retiro,afp integra como va mi solicitud de retiro,480,3,https://www.bbva.pe/blog/mis-finanzas/ahorro/seguimiento-retiro-afp-2025.html,2026-09-15 08:58:56 +00:00,2026-07-29 22:48:29 +00:00,2026-10-06T19:16:42.923Z,10061916-1987-0381-0000-155364d725ca,research/pibank-expanded-2026-10-06/ranked-09-provider.json,,not_selected_for_capture_plan
BBVA,afp integra consulta de solicitud,afp integra consulta de solicitud,480,2,https://www.bbva.pe/blog/mis-finanzas/ahorro/seguimiento-retiro-afp-2025.html,2026-09-13 00:02:26 +00:00,2026-09-16 22:59:46 +00:00,2026-10-06T19:16:42.923Z,10061916-1987-0381-0000-155364d725ca,research/pibank-expanded-2026-10-06/ranked-09-provider.json,,not_selected_for_capture_plan
BBVA,afp interbank,afp interbank,480,40,https://www.bbva.pe/blog/mis-finanzas/ahorro/como-recibir-mi-afp-cuenta-intangible-bbva.html,2026-09-15 15:08:55 +00:00,2026-09-11 21:51:15 +00:00,2026-10-06T19:16:42.923Z,10061916-1987-0381-0000-155364d725ca,research/pibank-expanded-2026-10-06/ranked-09-provider.json,,not_selected_for_capture_plan
BBVA,banbif plazo fijo,banbif plazo fijo,480,52,https://www.bbva.pe/personas/productos/inversiones/depositos/deposito-plazo.html,2026-09-13 04:36:43 +00:00,2026-07-29 20:12:08 +00:00,2026-10-06T19:16:42.923Z,10061916-1987-0381-0000-155364d725ca,research/pibank-expanded-2026-10-06/ranked-09-provider.json,,not_selected_for_capture_plan
BBVA,banco de la nacion cuenta corriente,banco de la nacion cuenta corriente,480,29,https://www.bbva.pe/empresas/productos/cuentas/corrientes.html,2026-09-12 07:13:40 +00:00,2026-07-29 20:07:57 +00:00,2026-10-06T19:16:42.923Z,10061916-1987-0381-0000-155364d725ca,research/pibank-expanded-2026-10-06/ranked-09-provider.json,,not_selected_for_capture_plan
BBVA,banco ripley plazo fijo,banco ripley plazo fijo,480,56,https://www.bbva.pe/personas/productos/inversiones/depositos/deposito-plazo.html,2026-09-17 19:35:38 +00:00,2026-07-26 19:31:47 +00:00,2026-10-06T19:16:42.923Z,10061916-1987-0381-0000-155364d725ca,research/pibank-expanded-2026-10-06/ranked-09-provider.json,,not_selected_for_capture_plan
BBVA,bbva cuenta empresa,bbva cuenta empresa,480,1,https://www.bbva.pe/empresas/productos/cuentas/corrientes/empresas.html,2026-09-17 09:42:12 +00:00,2026-07-29 20:01:28 +00:00,2026-10-06T19:16:42.923Z,10061916-1987-0381-0000-155364d725ca,research/pibank-expanded-2026-10-06/ranked-09-provider.json,,not_selected_for_capture_plan
BBVA,bbva simulador plazo fijo,bbva simulador plazo fijo,480,1,https://www.bbva.pe/personas/productos/inversiones/depositos/deposito-plazo.html,2026-09-16 15:07:43 +00:00,2026-09-13 23:06:28 +00:00,2026-10-06T19:16:42.923Z,10061916-1987-0381-0000-155364d725ca,research/pibank-expanded-2026-10-06/ranked-09-provider.json,,not_selected_for_capture_plan
BBVA,bcp cuenta en dolares,bcp cuenta en dolares,480,40,https://www.bbva.pe/personas/productos/cuentas/ahorro-dolares.html,2026-09-13 15:02:25 +00:00,2026-09-13 23:08:29 +00:00,2026-10-06T19:16:42.923Z,10061916-1987-0381-0000-155364d725ca,research/pibank-expanded-2026-10-06/ranked-09-provider.json,,not_selected_for_capture_plan
BBVA,bn detracciones,bn detracciones,480,17,https://www.bbva.pe/blog/mis-finanzas/ahorro/cual-es-la-cuenta-de-detracciones.html,2026-09-13 13:44:52 +00:00,2026-09-13 22:09:56 +00:00,2026-10-06T19:16:42.923Z,10061916-1987-0381-0000-155364d725ca,research/pibank-expanded-2026-10-06/ranked-09-provider.json,,not_selected_for_capture_plan
BBVA,cajero deposito bcp,cajero deposito bcp,480,55,https://www.bbva.pe/personas/canales-de-atencion/cajeros/cajero-deposito.html,2026-09-16 00:06:26 +00:00,2026-07-26 16:28:28 +00:00,2026-10-06T19:16:42.923Z,10061916-1987-0381-0000-155364d725ca,research/pibank-expanded-2026-10-06/ranked-09-provider.json,,not_selected_for_capture_plan
BBVA,calcular cts 2025,calcular cts 2025,480,94,https://www.bbva.pe/personas/productos/cuentas/cts.html,2026-09-12 12:44:32 +00:00,2026-07-29 14:30:46 +00:00,2026-10-06T19:16:42.923Z,10061916-1987-0381-0000-155364d725ca,research/pibank-expanded-2026-10-06/ranked-09-provider.json,,not_selected_for_capture_plan
BBVA,cargos por servicios,cargos por servicios,480,17,https://www.bbva.pe/empresas/productos/cobros-y-pagos/cargo-en-cuenta.html,2026-09-12 07:08:54 +00:00,2026-07-29 13:54:34 +00:00,2026-10-06T19:16:42.923Z,10061916-1987-0381-0000-155364d725ca,research/pibank-expanded-2026-10-06/ranked-09-provider.json,,not_selected_for_capture_plan
BBVA,cci ibk,cci ibk,480,4,https://www.bbva.pe/personas/productos/cuentas/servicios/interbancario-cci-codigo-swift.html,2026-09-17 09:28:00 +00:00,2026-07-29 13:25:44 +00:00,2026-10-06T19:16:42.923Z,10061916-1987-0381-0000-155364d725ca,research/pibank-expanded-2026-10-06/ranked-09-provider.json,,not_selected_for_capture_plan
BBVA,cci nacion,cci nacion,480,19,https://www.bbva.pe/personas/productos/cuentas/servicios/interbancario-cci-codigo-swift.html,2026-09-15 07:36:47 +00:00,2026-09-13 20:00:46 +00:00,2026-10-06T19:16:42.923Z,10061916-1987-0381-0000-155364d725ca,research/pibank-expanded-2026-10-06/ranked-09-provider.json,,not_selected_for_capture_plan
BBVA,cci nación,cci nacion,480,30,https://www.bbva.pe/personas/productos/cuentas/servicios/interbancario-cci-codigo-swift.html,2026-09-14 23:42:13 +00:00,2026-09-13 20:01:07 +00:00,2026-10-06T19:16:42.923Z,10061916-1987-0381-0000-155364d725ca,research/pibank-expanded-2026-10-06/ranked-09-provider.json,,not_selected_for_capture_plan
BBVA,club del ahorro,club del ahorro,480,55,https://www.bbva.pe/personas/productos/cuentas/quincena-del-ahorro.html,2026-09-13 08:07:41 +00:00,2026-07-29 12:08:14 +00:00,2026-10-06T19:16:42.923Z,10061916-1987-0381-0000-155364d725ca,research/pibank-expanded-2026-10-06/ranked-09-provider.json,,not_selected_for_capture_plan
BBVA,codigo interbancario nacion,codigo interbancario nacion,480,40,https://www.bbva.pe/personas/productos/cuentas/servicios/interbancario-cci-codigo-swift.html,2026-09-12 12:54:55 +00:00,2026-09-13 18:38:55 +00:00,2026-10-06T19:16:42.923Z,10061916-1987-0381-0000-155364d725ca,research/pibank-expanded-2026-10-06/ranked-09-provider.json,,not_selected_for_capture_plan
BBVA,como abrir una cuenta en dolares bcp,como abrir una cuenta en dolares bcp,480,40,https://www.bbva.pe/personas/productos/cuentas/ahorro-dolares.html,2026-09-14 04:46:13 +00:00,2026-07-29 11:22:32 +00:00,2026-10-06T19:16:42.923Z,10061916-1987-0381-0000-155364d725ca,research/pibank-expanded-2026-10-06/ranked-09-provider.json,,not_selected_for_capture_plan
BBVA,como anular recibo por honorarios,como anular recibo por honorarios,480,89,https://www.bbva.pe/personas/productos/cuentas/ahorro/sueldo.html,2026-09-17 03:40:45 +00:00,2026-07-29 11:22:43 +00:00,2026-10-06T19:16:42.923Z,10061916-1987-0381-0000-155364d725ca,research/pibank-expanded-2026-10-06/ranked-09-provider.json,,not_selected_for_capture_plan
BBVA,como calcular gratificacion,como calcular gratificacion,480,6,https://www.bbva.pe/blog/mis-finanzas/ahorro/gratificacion-que-es-como-se-calcula.html,2026-09-14 17:36:00 +00:00,2026-09-13 18:21:17 +00:00,2026-10-06T19:16:42.923Z,10061916-1987-0381-0000-155364d725ca,research/pibank-expanded-2026-10-06/ranked-09-provider.json,,not_selected_for_capture_plan
BBVA,como saber como va mi solicitud de afp,como saber como va mi solicitud de afp,480,5,https://www.bbva.pe/blog/mis-finanzas/ahorro/seguimiento-retiro-afp-2025.html,2026-09-13 08:31:15 +00:00,2026-07-29 10:39:50 +00:00,2026-10-06T19:16:42.923Z,10061916-1987-0381-0000-155364d725ca,research/pibank-expanded-2026-10-06/ranked-09-provider.json,,not_selected_for_capture_plan
