{
  "rects": [
    {
      "x": 1565.5,
      "y": 331.84375,
      "width": 609.65625,
      "height": 64
    }
  ]
}
