core_or_exact,keyword_count,curated_family_ids,modelability,modelability_details,aggregation_allowed,reason,keyword_ids
1 millon de dolares en soles,1,X04,excluded_or_manual_review,excluded_or_manual_review,False,"Text core is not an independent audience; use manual intent verdict, no MAX/sum universe",KW-22eac0c8cd97
10 ejemplos de ahorro,1,X04,excluded_or_manual_review,excluded_or_manual_review,False,"Text core is not an independent audience; use manual intent verdict, no MAX/sum universe",KW-0afa9a722415
10 formas de ahorrar dinero,1,E10,assisted_only,assisted_only,False,"Text core is not an independent audience; use manual intent verdict, no MAX/sum universe",KW-249eae90abc5
10 formas de ahorrar dinero en casa,1,E10,assisted_only,assisted_only,False,"Text core is not an independent audience; use manual intent verdict, no MAX/sum universe",KW-f281ea7b58be
10 mil dólares,1,X04,excluded_or_manual_review,excluded_or_manual_review,False,"Text core is not an independent audience; use manual intent verdict, no MAX/sum universe",KW-a13a56b99184
10 millones de pesos colombianos a dolares,1,X03,excluded,excluded,False,"Text core is not an independent audience; use manual intent verdict, no MAX/sum universe",KW-19c16d316dc6
10 tips para ahorrar dinero,1,E10,assisted_only,assisted_only,False,"Text core is not an independent audience; use manual intent verdict, no MAX/sum universe",KW-7ef5f05d07bc
100 formas de ahorrar dinero,1,E10,assisted_only,assisted_only,False,"Text core is not an independent audience; use manual intent verdict, no MAX/sum universe",KW-27c693187ddb
100 formas de ahorrar dinero para niños,1,X03,excluded,excluded,False,"Text core is not an independent audience; use manual intent verdict, no MAX/sum universe",KW-9bb41a3c4b35
100 pesos mexicanos a dolares,1,X03,excluded,excluded,False,"Text core is not an independent audience; use manual intent verdict, no MAX/sum universe",KW-c450e9f06f93
10000 pesos mexicanos a dolares,1,X03,excluded,excluded,False,"Text core is not an independent audience; use manual intent verdict, no MAX/sum universe",KW-21b0339f53ad
11 dolares a soles,1,X04,excluded_or_manual_review,excluded_or_manual_review,False,"Text core is not an independent audience; use manual intent verdict, no MAX/sum universe",KW-89b788ac83e8
12.78 dolares a soles,1,X04,excluded_or_manual_review,excluded_or_manual_review,False,"Text core is not an independent audience; use manual intent verdict, no MAX/sum universe",KW-dae5f9de0be7
180 mil dolares en soles,1,X04,excluded_or_manual_review,excluded_or_manual_review,False,"Text core is not an independent audience; use manual intent verdict, no MAX/sum universe",KW-0faba71653bb
1xbet transferencia bancaria,1,E07,assisted_or_service_only,assisted_or_service_only,False,"Text core is not an independent audience; use manual intent verdict, no MAX/sum universe",KW-4b7497c67996
20 dolares a pesos,1,X03,excluded,excluded,False,"Text core is not an independent audience; use manual intent verdict, no MAX/sum universe",KW-739fdf63a0cd
200.000 dolares a soles,1,X04,excluded_or_manual_review,excluded_or_manual_review,False,"Text core is not an independent audience; use manual intent verdict, no MAX/sum universe",KW-b7d97de43bfa
240 dolares en soles,1,X04,excluded_or_manual_review,excluded_or_manual_review,False,"Text core is not an independent audience; use manual intent verdict, no MAX/sum universe",KW-20605eb08ca2
248 dolares a soles,1,X04,excluded_or_manual_review,excluded_or_manual_review,False,"Text core is not an independent audience; use manual intent verdict, no MAX/sum universe",KW-9827f7b31202
270 dolares en soles,1,X04,excluded_or_manual_review,excluded_or_manual_review,False,"Text core is not an independent audience; use manual intent verdict, no MAX/sum universe",KW-dcc2eb4b3026
2700 dolares a soles,1,X04,excluded_or_manual_review,excluded_or_manual_review,False,"Text core is not an independent audience; use manual intent verdict, no MAX/sum universe",KW-c1ba861fcb40
3 soles a dolar,1,X04,excluded_or_manual_review,excluded_or_manual_review,False,"Text core is not an independent audience; use manual intent verdict, no MAX/sum universe",KW-1140b48988d7
31 maneras de ahorrar dinero todos los días del mes,1,E10,assisted_only,assisted_only,False,"Text core is not an independent audience; use manual intent verdict, no MAX/sum universe",KW-0b603642a775
33 mil soles a dolares,1,X04,excluded_or_manual_review,excluded_or_manual_review,False,"Text core is not an independent audience; use manual intent verdict, no MAX/sum universe",KW-c42fcc8ef579
345 dolares a soles,1,X04,excluded_or_manual_review,excluded_or_manual_review,False,"Text core is not an independent audience; use manual intent verdict, no MAX/sum universe",KW-b1184390953e
3900 dolares a soles,1,X04,excluded_or_manual_review,excluded_or_manual_review,False,"Text core is not an independent audience; use manual intent verdict, no MAX/sum universe",KW-83ee2e3e705b
4 ejemplos de ahorro,1,X04,excluded_or_manual_review,excluded_or_manual_review,False,"Text core is not an independent audience; use manual intent verdict, no MAX/sum universe",KW-bdd33c9f43f8
425 dolares a soles,1,X04,excluded_or_manual_review,excluded_or_manual_review,False,"Text core is not an independent audience; use manual intent verdict, no MAX/sum universe",KW-36065d6d668c
4900 dolares a soles,1,X04,excluded_or_manual_review,excluded_or_manual_review,False,"Text core is not an independent audience; use manual intent verdict, no MAX/sum universe",KW-b1044742806a
5 ejemplos de ahorro,1,X04,excluded_or_manual_review,excluded_or_manual_review,False,"Text core is not an independent audience; use manual intent verdict, no MAX/sum universe",KW-25829065dfef
5 formas de ahorrar dinero,1,E10,assisted_only,assisted_only,False,"Text core is not an independent audience; use manual intent verdict, no MAX/sum universe",KW-5aee00a2e73c
50000 dolares a soles,1,X04,excluded_or_manual_review,excluded_or_manual_review,False,"Text core is not an independent audience; use manual intent verdict, no MAX/sum universe",KW-f3c8295702b5
8400 dolares a soles,1,X04,excluded_or_manual_review,excluded_or_manual_review,False,"Text core is not an independent audience; use manual intent verdict, no MAX/sum universe",KW-68198ba23e38
a f p qué significa,1,X03,excluded,excluded,False,"Text core is not an independent audience; use manual intent verdict, no MAX/sum universe",KW-ce49153c5177
a que hora abre tottus,1,X04,excluded_or_manual_review,excluded_or_manual_review,False,"Text core is not an independent audience; use manual intent verdict, no MAX/sum universe",KW-97af4e3cb072
abre tu cuenta bcp digital,1,X01,not_acquisition_default,not_acquisition_default,False,"Text core is not an independent audience; use manual intent verdict, no MAX/sum universe",KW-49764a7fd55c
abre tu cuenta de ahorros,1,A07,market_proxy_sensitivity,market_proxy_sensitivity,False,"Text core is not an independent audience; use manual intent verdict, no MAX/sum universe",KW-ae0a834ee119
abre tu cuenta de ahorros digital,2,C02,conditional_not_default,conditional_not_default,False,"Text core is not an independent audience; use manual intent verdict, no MAX/sum universe",KW-c651d2fe1dd6;KW-28d9b2ec66a0
abre tu cuenta de ahorros interbank,1,C05,competitor_consideration_requires_serp,competitor_consideration_requires_serp,False,"Text core is not an independent audience; use manual intent verdict, no MAX/sum universe",KW-8c9a86081631
abre tu cuenta digital bbva,1,X01,not_acquisition_default,not_acquisition_default,False,"Text core is not an independent audience; use manual intent verdict, no MAX/sum universe",KW-51ced7d88f7f
abreviatura de cuenta de ahorros,2,X03,excluded,excluded,False,"Text core is not an independent audience; use manual intent verdict, no MAX/sum universe",KW-704eb72d6c44;KW-bf201bb16502
abreviatura de transferencia bancaria,1,X03,excluded,excluded,False,"Text core is not an independent audience; use manual intent verdict, no MAX/sum universe",KW-e2ef37d2cb37
abrir cuenta ahorro bbva online,2,C05,competitor_consideration_requires_serp,competitor_consideration_requires_serp,False,"Text core is not an independent audience; use manual intent verdict, no MAX/sum universe",KW-7945395f1195;KW-c5e6067e0250
abrir cuenta ahorro digital banbif,1,C05,competitor_consideration_requires_serp,competitor_consideration_requires_serp,False,"Text core is not an independent audience; use manual intent verdict, no MAX/sum universe",KW-938469938ac4
abrir cuenta ahorro falabella,1,C05,competitor_consideration_requires_serp,competitor_consideration_requires_serp,False,"Text core is not an independent audience; use manual intent verdict, no MAX/sum universe",KW-64e7bba05661
abrir cuenta ahorros digital bancolombia,1,X01,not_acquisition_default,not_acquisition_default,False,"Text core is not an independent audience; use manual intent verdict, no MAX/sum universe",KW-536093e02ae9
abrir cuenta bancaria digital en venezuela,1,X03,excluded,excluded,False,"Text core is not an independent audience; use manual intent verdict, no MAX/sum universe",KW-6a5a6ca983cb
abrir cuenta bancaria en dolares en argentina,1,X03,excluded,excluded,False,"Text core is not an independent audience; use manual intent verdict, no MAX/sum universe",KW-6f4f0653c74d
abrir cuenta banco digital de trabajadores,2,C02,conditional_not_default,conditional_not_default,False,"Text core is not an independent audience; use manual intent verdict, no MAX/sum universe",KW-1479ecbe1513;KW-1e490f2a374e
abrir cuenta bbva,1,X01,not_acquisition_default,not_acquisition_default,False,"Text core is not an independent audience; use manual intent verdict, no MAX/sum universe",KW-f58d332b92b2
abrir cuenta bbva digital,5,X01,not_acquisition_default,not_acquisition_default,False,"Text core is not an independent audience; use manual intent verdict, no MAX/sum universe",KW-e3e70efd7d9c;KW-51f00ce7dce9;KW-b67cc597bae0;KW-5245c06dfa7b;KW-66bdb6ec11c6
abrir cuenta bbva débito,1,X01,not_acquisition_default,not_acquisition_default,False,"Text core is not an independent audience; use manual intent verdict, no MAX/sum universe",KW-0a65bfb6434d
abrir cuenta bbva peru,1,X01,not_acquisition_default,not_acquisition_default,False,"Text core is not an independent audience; use manual intent verdict, no MAX/sum universe",KW-2d6d4f082a99
abrir cuenta bcp,1,X01,not_acquisition_default,not_acquisition_default,False,"Text core is not an independent audience; use manual intent verdict, no MAX/sum universe",KW-60a303fc6c19
abrir cuenta bcp con carnet de extranjería,1,X01,not_acquisition_default,not_acquisition_default,False,"Text core is not an independent audience; use manual intent verdict, no MAX/sum universe",KW-254c95b139f0
abrir cuenta bcp digital en dolares,1,X01,not_acquisition_default,not_acquisition_default,False,"Text core is not an independent audience; use manual intent verdict, no MAX/sum universe",KW-f097e62d94c6
abrir cuenta bcp digital para extranjeros,1,X01,not_acquisition_default,not_acquisition_default,False,"Text core is not an independent audience; use manual intent verdict, no MAX/sum universe",KW-9e435bf7f10e
abrir cuenta bcp online,1,X01,not_acquisition_default,not_acquisition_default,False,"Text core is not an independent audience; use manual intent verdict, no MAX/sum universe",KW-c9a9be2493c5
abrir cuenta bcp para extranjeros,1,X01,not_acquisition_default,not_acquisition_default,False,"Text core is not an independent audience; use manual intent verdict, no MAX/sum universe",KW-3ec41383eb09
abrir cuenta bcp para extranjeros con cpp,1,X01,not_acquisition_default,not_acquisition_default,False,"Text core is not an independent audience; use manual intent verdict, no MAX/sum universe",KW-7669f63b839e
abrir cuenta bcp sin tarjeta,1,X03,excluded,excluded,False,"Text core is not an independent audience; use manual intent verdict, no MAX/sum universe",KW-4893affcb8e7
abrir cuenta caja de ahorro online,1,C05,competitor_consideration_requires_serp,competitor_consideration_requires_serp,False,"Text core is not an independent audience; use manual intent verdict, no MAX/sum universe",KW-5a086a88f03f
abrir cuenta corriente bcp,1,X01,not_acquisition_default,not_acquisition_default,False,"Text core is not an independent audience; use manual intent verdict, no MAX/sum universe",KW-9f049975024d
abrir cuenta corriente digital banco de chile,1,X03,excluded,excluded,False,"Text core is not an independent audience; use manual intent verdict, no MAX/sum universe",KW-4d0f6c7aec7b
abrir cuenta corriente digital banco estado,1,X01,not_acquisition_default,not_acquisition_default,False,"Text core is not an independent audience; use manual intent verdict, no MAX/sum universe",KW-033bb408f065
abrir cuenta corriente digital bci,1,X01,not_acquisition_default,not_acquisition_default,False,"Text core is not an independent audience; use manual intent verdict, no MAX/sum universe",KW-6a26551bcd97
abrir cuenta corriente digital bcp,1,X01,not_acquisition_default,not_acquisition_default,False,"Text core is not an independent audience; use manual intent verdict, no MAX/sum universe",KW-53e2546513e6
abrir cuenta corriente digital falabella,1,X01,not_acquisition_default,not_acquisition_default,False,"Text core is not an independent audience; use manual intent verdict, no MAX/sum universe",KW-8adb92092632
abrir cuenta corriente en dolares,1,X02,product_launch_required,product_launch_required,False,"Text core is not an independent audience; use manual intent verdict, no MAX/sum universe",KW-c92b5714d804
abrir cuenta corriente en dolares banco de chile,1,X03,excluded,excluded,False,"Text core is not an independent audience; use manual intent verdict, no MAX/sum universe",KW-97b8a0499a80
abrir cuenta cts,1,X03,excluded,excluded,False,"Text core is not an independent audience; use manual intent verdict, no MAX/sum universe",KW-39c158cafae4
abrir cuenta cts interbank,1,X01,not_acquisition_default,not_acquisition_default,False,"Text core is not an independent audience; use manual intent verdict, no MAX/sum universe",KW-6d57f1ffc902
abrir cuenta de ahorro banco general,1,X01,not_acquisition_default,not_acquisition_default,False,"Text core is not an independent audience; use manual intent verdict, no MAX/sum universe",KW-212360272e99
abrir cuenta de ahorro banco guayaquil,1,X03,excluded,excluded,False,"Text core is not an independent audience; use manual intent verdict, no MAX/sum universe",KW-60fb5469a322
abrir cuenta de ahorro bbva perú,1,C05,competitor_consideration_requires_serp,competitor_consideration_requires_serp,False,"Text core is not an independent audience; use manual intent verdict, no MAX/sum universe",KW-92e23f0ab318
abrir cuenta de ahorro caja piura online,1,C05,competitor_consideration_requires_serp,competitor_consideration_requires_serp,False,"Text core is not an independent audience; use manual intent verdict, no MAX/sum universe",KW-792ebc995da7
abrir cuenta de ahorro con pasaporte,1,X03,excluded,excluded,False,"Text core is not an independent audience; use manual intent verdict, no MAX/sum universe",KW-effb28bbeb3e
abrir cuenta de ahorro digital lafise nicaragua,1,X03,excluded,excluded,False,"Text core is not an independent audience; use manual intent verdict, no MAX/sum universe",KW-ede61edbb7db
abrir cuenta de ahorro en dolares,2,X02,product_launch_required,product_launch_required,False,"Text core is not an independent audience; use manual intent verdict, no MAX/sum universe",KW-2c927b695f27;KW-c270e2ed6d75
abrir cuenta de ahorro en dolares bbva,1,C05,competitor_consideration_requires_serp,competitor_consideration_requires_serp,False,"Text core is not an independent audience; use manual intent verdict, no MAX/sum universe",KW-bb450e5d75b4
abrir cuenta de ahorro en dolares ficohsa,1,X02,product_launch_required,product_launch_required,False,"Text core is not an independent audience; use manual intent verdict, no MAX/sum universe",KW-460529410b95
abrir cuenta de ahorro gratis,1,A03,market_proxy_sensitivity,market_proxy_sensitivity,False,"Text core is not an independent audience; use manual intent verdict, no MAX/sum universe",KW-05dac02202eb
abrir cuenta de ahorro online,2,A07,market_proxy_sensitivity,market_proxy_sensitivity,False,"Text core is not an independent audience; use manual intent verdict, no MAX/sum universe",KW-da05c87256d9;KW-a2197a8fe5fc
abrir cuenta de ahorro para empresa,1,X03,excluded,excluded,False,"Text core is not an independent audience; use manual intent verdict, no MAX/sum universe",KW-fe5e6b259089
abrir cuenta de ahorro pichincha,1,C05,competitor_consideration_requires_serp,competitor_consideration_requires_serp,False,"Text core is not an independent audience; use manual intent verdict, no MAX/sum universe",KW-063ab8cb0f7d
abrir cuenta de ahorro por internet,1,A07,market_proxy_sensitivity,market_proxy_sensitivity,False,"Text core is not an independent audience; use manual intent verdict, no MAX/sum universe",KW-701147767899
abrir cuenta de ahorro scotiabank,4,C05,competitor_consideration_requires_serp,competitor_consideration_requires_serp,False,"Text core is not an independent audience; use manual intent verdict, no MAX/sum universe",KW-e46cbf954ae1;KW-5b4a0b37dab1;KW-ba5407ccc2c7;KW-26351ade33b8
abrir cuenta de ahorro sin cuota de manejo,1,A03,market_proxy_sensitivity,market_proxy_sensitivity,False,"Text core is not an independent audience; use manual intent verdict, no MAX/sum universe",KW-42fad3d07b03
abrir cuenta de ahorro virtual,1,A07,market_proxy_sensitivity,market_proxy_sensitivity,False,"Text core is not an independent audience; use manual intent verdict, no MAX/sum universe",KW-e3140fd66321
abrir cuenta de ahorros,3,A07,market_proxy_sensitivity,market_proxy_sensitivity,False,"Text core is not an independent audience; use manual intent verdict, no MAX/sum universe",KW-96d6310d4067;KW-79fd64baee4d;KW-2e4f6d1110b2
abrir cuenta de ahorros apple,1,X04,excluded_or_manual_review,excluded_or_manual_review,False,"Text core is not an independent audience; use manual intent verdict, no MAX/sum universe",KW-a7bc575a8442
abrir cuenta de ahorros banbif,1,C05,competitor_consideration_requires_serp,competitor_consideration_requires_serp,False,"Text core is not an independent audience; use manual intent verdict, no MAX/sum universe",KW-2be45b4cebc8
abrir cuenta de ahorros banco de bogota,1,X03,excluded,excluded,False,"Text core is not an independent audience; use manual intent verdict, no MAX/sum universe",KW-3b5309f681be
abrir cuenta de ahorros banco de la nación,4,X01,not_acquisition_default,not_acquisition_default,False,"Text core is not an independent audience; use manual intent verdict, no MAX/sum universe",KW-f232e1cd757a;KW-3ca6790de3ba;KW-03cf07b07724;KW-0a3710eb1a4c
abrir cuenta de ahorros banco de la nación online,1,X01,not_acquisition_default,not_acquisition_default,False,"Text core is not an independent audience; use manual intent verdict, no MAX/sum universe",KW-41665972f617
abrir cuenta de ahorros banco de la nación online perú,1,X01,not_acquisition_default,not_acquisition_default,False,"Text core is not an independent audience; use manual intent verdict, no MAX/sum universe",KW-ad1cae7a8560
abrir cuenta de ahorros banco de la nación peru,1,X01,not_acquisition_default,not_acquisition_default,False,"Text core is not an independent audience; use manual intent verdict, no MAX/sum universe",KW-f9654a4eecf3
abrir cuenta de ahorros banco falabella,2,C05,competitor_consideration_requires_serp,competitor_consideration_requires_serp,False,"Text core is not an independent audience; use manual intent verdict, no MAX/sum universe",KW-8e10d546afd3;KW-c93433257365
abrir cuenta de ahorros banco guayaquil online,1,X03,excluded,excluded,False,"Text core is not an independent audience; use manual intent verdict, no MAX/sum universe",KW-0cfbcabcbab7
abrir cuenta de ahorros banco internacional,1,X03,excluded,excluded,False,"Text core is not an independent audience; use manual intent verdict, no MAX/sum universe",KW-515ad7781027
abrir cuenta de ahorros banco pacífico online,1,X01,not_acquisition_default,not_acquisition_default,False,"Text core is not an independent audience; use manual intent verdict, no MAX/sum universe",KW-bb308f40f6a9
abrir cuenta de ahorros banco pichincha online,2,C05,competitor_consideration_requires_serp,competitor_consideration_requires_serp,False,"Text core is not an independent audience; use manual intent verdict, no MAX/sum universe",KW-94df8db59a2b;KW-1b60378abea1
abrir cuenta de ahorros bancolombia,5,X01,not_acquisition_default,not_acquisition_default,False,"Text core is not an independent audience; use manual intent verdict, no MAX/sum universe",KW-1470ac94e107;KW-493c68b239bd;KW-3cbfc02094bc;KW-997d7f017cb8;KW-9e005595c655
abrir cuenta de ahorros bancolombia desde el exterior,1,X01,not_acquisition_default,not_acquisition_default,False,"Text core is not an independent audience; use manual intent verdict, no MAX/sum universe",KW-13aa677045a0
abrir cuenta de ahorros bank of america,1,X01,not_acquisition_default,not_acquisition_default,False,"Text core is not an independent audience; use manual intent verdict, no MAX/sum universe",KW-d4c331627253
abrir cuenta de ahorros bbva,5,C05,competitor_consideration_requires_serp,competitor_consideration_requires_serp,False,"Text core is not an independent audience; use manual intent verdict, no MAX/sum universe",KW-1a3999af63f1;KW-1bb17c81fabc;KW-a4fc7bfc00f4;KW-02a43f3c2bec;KW-da6348e75857
abrir cuenta de ahorros bbva por internet,1,C05,competitor_consideration_requires_serp,competitor_consideration_requires_serp,False,"Text core is not an independent audience; use manual intent verdict, no MAX/sum universe",KW-3830dba7bcfa
abrir cuenta de ahorros bbva virtual,1,C05,competitor_consideration_requires_serp,competitor_consideration_requires_serp,False,"Text core is not an independent audience; use manual intent verdict, no MAX/sum universe",KW-20499204c91b
abrir cuenta de ahorros bcp,5,C05,competitor_consideration_requires_serp,competitor_consideration_requires_serp,False,"Text core is not an independent audience; use manual intent verdict, no MAX/sum universe",KW-4d5837eb1b25;KW-98c67ccc33e0;KW-0f90869e2f84;KW-f4d6950850f7;KW-3db492872168
abrir cuenta de ahorros bcp online,2,C05,competitor_consideration_requires_serp,competitor_consideration_requires_serp,False,"Text core is not an independent audience; use manual intent verdict, no MAX/sum universe",KW-23d319b3ce42;KW-0f1b428777fe
abrir cuenta de ahorros bcp peru,1,C05,competitor_consideration_requires_serp,competitor_consideration_requires_serp,False,"Text core is not an independent audience; use manual intent verdict, no MAX/sum universe",KW-199350ab2fc4
abrir cuenta de ahorros bcp sin tarjeta,1,X03,excluded,excluded,False,"Text core is not an independent audience; use manual intent verdict, no MAX/sum universe",KW-892a26b2c50d
abrir cuenta de ahorros bcp virtual,1,C05,competitor_consideration_requires_serp,competitor_consideration_requires_serp,False,"Text core is not an independent audience; use manual intent verdict, no MAX/sum universe",KW-6eb61f0abdd8
abrir cuenta de ahorros caja arequipa,1,C05,competitor_consideration_requires_serp,competitor_consideration_requires_serp,False,"Text core is not an independent audience; use manual intent verdict, no MAX/sum universe",KW-0d0ec44b3c4a
abrir cuenta de ahorros caja cusco,1,C05,competitor_consideration_requires_serp,competitor_consideration_requires_serp,False,"Text core is not an independent audience; use manual intent verdict, no MAX/sum universe",KW-d95be53b8aad
abrir cuenta de ahorros caja huancayo,2,C05,competitor_consideration_requires_serp,competitor_consideration_requires_serp,False,"Text core is not an independent audience; use manual intent verdict, no MAX/sum universe",KW-b3c1ee3e63dd;KW-dfdc2a8a27ad
abrir cuenta de ahorros caja piura,2,C05,competitor_consideration_requires_serp,competitor_consideration_requires_serp,False,"Text core is not an independent audience; use manual intent verdict, no MAX/sum universe",KW-d0afd51b7beb;KW-f0970d646c36
abrir cuenta de ahorros caja social,1,C05,competitor_consideration_requires_serp,competitor_consideration_requires_serp,False,"Text core is not an independent audience; use manual intent verdict, no MAX/sum universe",KW-fd1fa303357a
abrir cuenta de ahorros caja trujillo,1,C05,competitor_consideration_requires_serp,competitor_consideration_requires_serp,False,"Text core is not an independent audience; use manual intent verdict, no MAX/sum universe",KW-f3823efb6829
abrir cuenta de ahorros colpatria,1,X01,not_acquisition_default,not_acquisition_default,False,"Text core is not an independent audience; use manual intent verdict, no MAX/sum universe",KW-1c4133bba227
abrir cuenta de ahorros con contraseña,1,X04,excluded_or_manual_review,excluded_or_manual_review,False,"Text core is not an independent audience; use manual intent verdict, no MAX/sum universe",KW-6897a33a51ec
abrir cuenta de ahorros continental,1,X01,not_acquisition_default,not_acquisition_default,False,"Text core is not an independent audience; use manual intent verdict, no MAX/sum universe",KW-f99e2d04cada
abrir cuenta de ahorros davivienda,1,X01,not_acquisition_default,not_acquisition_default,False,"Text core is not an independent audience; use manual intent verdict, no MAX/sum universe",KW-874e7fa72685
abrir cuenta de ahorros davivienda persona natural,1,X01,not_acquisition_default,not_acquisition_default,False,"Text core is not an independent audience; use manual intent verdict, no MAX/sum universe",KW-614a4577e7e5
abrir cuenta de ahorros davivienda por internet,1,X01,not_acquisition_default,not_acquisition_default,False,"Text core is not an independent audience; use manual intent verdict, no MAX/sum universe",KW-ca95ff542f71
abrir cuenta de ahorros desde el celular,1,X04,excluded_or_manual_review,excluded_or_manual_review,False,"Text core is not an independent audience; use manual intent verdict, no MAX/sum universe",KW-d616bb22371d
abrir cuenta de ahorros digital,3,C02,conditional_not_default,conditional_not_default,False,"Text core is not an independent audience; use manual intent verdict, no MAX/sum universe",KW-f277c3eb80fa;KW-76336e791c09;KW-4779a7908a91
abrir cuenta de ahorros digital bcp,6,C05,competitor_consideration_requires_serp,competitor_consideration_requires_serp,False,"Text core is not an independent audience; use manual intent verdict, no MAX/sum universe",KW-91a7e9ad65d5;KW-0d3c7c34a3c0;KW-72db0ddb5c4d;KW-e171ac33b80e;KW-2298d3e5cc01;KW-9d285e328596
abrir cuenta de ahorros dolares interbank,2,C05,competitor_consideration_requires_serp,competitor_consideration_requires_serp,False,"Text core is not an independent audience; use manual intent verdict, no MAX/sum universe",KW-0e4d61762bc2;KW-c148089f7a22
abrir cuenta de ahorros dolares pichincha,1,C05,competitor_consideration_requires_serp,competitor_consideration_requires_serp,False,"Text core is not an independent audience; use manual intent verdict, no MAX/sum universe",KW-aa6998f94257
abrir cuenta de ahorros en dolares bcp,4,C05,competitor_consideration_requires_serp,competitor_consideration_requires_serp,False,"Text core is not an independent audience; use manual intent verdict, no MAX/sum universe",KW-1ce6c5c35bc4;KW-dafa9838c658;KW-cb41aa9656d4;KW-56c1aa96a317
abrir cuenta de ahorros en linea,1,A07,market_proxy_sensitivity,market_proxy_sensitivity,False,"Text core is not an independent audience; use manual intent verdict, no MAX/sum universe",KW-6845b6d45fa3
abrir cuenta de ahorros en linea bbva,1,C05,competitor_consideration_requires_serp,competitor_consideration_requires_serp,False,"Text core is not an independent audience; use manual intent verdict, no MAX/sum universe",KW-890abb7479b7
abrir cuenta de ahorros en línea banco pichincha,1,C05,competitor_consideration_requires_serp,competitor_consideration_requires_serp,False,"Text core is not an independent audience; use manual intent verdict, no MAX/sum universe",KW-89f5d7e0cc70
abrir cuenta de ahorros en línea pacífico,1,X01,not_acquisition_default,not_acquisition_default,False,"Text core is not an independent audience; use manual intent verdict, no MAX/sum universe",KW-fa19f4f85fae
abrir cuenta de ahorros en mibanco,1,C05,competitor_consideration_requires_serp,competitor_consideration_requires_serp,False,"Text core is not an independent audience; use manual intent verdict, no MAX/sum universe",KW-c32cd2c6ac8c
abrir cuenta de ahorros en usa,1,X03,excluded,excluded,False,"Text core is not an independent audience; use manual intent verdict, no MAX/sum universe",KW-21eba9626806
abrir cuenta de ahorros en usa desde colombia,1,X03,excluded,excluded,False,"Text core is not an independent audience; use manual intent verdict, no MAX/sum universe",KW-e99405a36872
abrir cuenta de ahorros interbank,4,C05,competitor_consideration_requires_serp,competitor_consideration_requires_serp,False,"Text core is not an independent audience; use manual intent verdict, no MAX/sum universe",KW-f3dc5c7d67c3;KW-25242a56918d;KW-d5073cd8afc4;KW-c424aa4e363e
abrir cuenta de ahorros interbank online,1,C05,competitor_consideration_requires_serp,competitor_consideration_requires_serp,False,"Text core is not an independent audience; use manual intent verdict, no MAX/sum universe",KW-19a373c9daa3
abrir cuenta de ahorros interbank por internet,1,C05,competitor_consideration_requires_serp,competitor_consideration_requires_serp,False,"Text core is not an independent audience; use manual intent verdict, no MAX/sum universe",KW-bf92fcc3d85a
abrir cuenta de ahorros interbank sin mantenimiento,1,C05,competitor_consideration_requires_serp,competitor_consideration_requires_serp,False,"Text core is not an independent audience; use manual intent verdict, no MAX/sum universe",KW-ce168bd91058
abrir cuenta de ahorros itau,1,X01,not_acquisition_default,not_acquisition_default,False,"Text core is not an independent audience; use manual intent verdict, no MAX/sum universe",KW-7851cb7b38bb
abrir cuenta de ahorros jep online,1,X04,excluded_or_manual_review,excluded_or_manual_review,False,"Text core is not an independent audience; use manual intent verdict, no MAX/sum universe",KW-942139fd3487
abrir cuenta de ahorros nubank,1,X01,not_acquisition_default,not_acquisition_default,False,"Text core is not an independent audience; use manual intent verdict, no MAX/sum universe",KW-2e8dd1a9aecc
abrir cuenta de ahorros para extranjeros,2,X03,excluded,excluded,False,"Text core is not an independent audience; use manual intent verdict, no MAX/sum universe",KW-a60158e921e0;KW-4d5e09e2c268
abrir cuenta de ahorros peru,1,X04,excluded_or_manual_review,excluded_or_manual_review,False,"Text core is not an independent audience; use manual intent verdict, no MAX/sum universe",KW-1077f7cffe19
abrir cuenta de ahorros pichincha online,1,C05,competitor_consideration_requires_serp,competitor_consideration_requires_serp,False,"Text core is not an independent audience; use manual intent verdict, no MAX/sum universe",KW-23c38efbc8f9
abrir cuenta de ahorros saga falabella,1,C05,competitor_consideration_requires_serp,competitor_consideration_requires_serp,False,"Text core is not an independent audience; use manual intent verdict, no MAX/sum universe",KW-84a90895aead
abrir cuenta de ahorros scotiabank colpatria,1,C05,competitor_consideration_requires_serp,competitor_consideration_requires_serp,False,"Text core is not an independent audience; use manual intent verdict, no MAX/sum universe",KW-e94ee95f7a94
abrir cuenta de ahorros scotiabank en línea,1,C05,competitor_consideration_requires_serp,competitor_consideration_requires_serp,False,"Text core is not an independent audience; use manual intent verdict, no MAX/sum universe",KW-e392e8d8ede0
abrir cuenta de ahorros simple,1,X04,excluded_or_manual_review,excluded_or_manual_review,False,"Text core is not an independent audience; use manual intent verdict, no MAX/sum universe",KW-022ca854ee88
abrir cuenta digital,1,C02,conditional_not_default,conditional_not_default,False,"Text core is not an independent audience; use manual intent verdict, no MAX/sum universe",KW-36a1cb5b73c9
abrir cuenta digital alfin,1,X01,not_acquisition_default,not_acquisition_default,False,"Text core is not an independent audience; use manual intent verdict, no MAX/sum universe",KW-f648621129ea
abrir cuenta digital apap,1,X01,not_acquisition_default,not_acquisition_default,False,"Text core is not an independent audience; use manual intent verdict, no MAX/sum universe",KW-3ac941ab175a
abrir cuenta digital asociacion cibao,1,X01,not_acquisition_default,not_acquisition_default,False,"Text core is not an independent audience; use manual intent verdict, no MAX/sum universe",KW-86dbaab89962
abrir cuenta digital atlantida,1,X01,not_acquisition_default,not_acquisition_default,False,"Text core is not an independent audience; use manual intent verdict, no MAX/sum universe",KW-789eadd7d215
abrir cuenta digital azteca,1,X01,not_acquisition_default,not_acquisition_default,False,"Text core is not an independent audience; use manual intent verdict, no MAX/sum universe",KW-b78ccabc7269
abrir cuenta digital bac honduras,1,X01,not_acquisition_default,not_acquisition_default,False,"Text core is not an independent audience; use manual intent verdict, no MAX/sum universe",KW-0e83401bcd5e
abrir cuenta digital banbif,1,X01,not_acquisition_default,not_acquisition_default,False,"Text core is not an independent audience; use manual intent verdict, no MAX/sum universe",KW-810cd574cf01
abrir cuenta digital banco costa rica,1,X03,excluded,excluded,False,"Text core is not an independent audience; use manual intent verdict, no MAX/sum universe",KW-a1ede32b3fa2
abrir cuenta digital banco cuscatlan,1,X01,not_acquisition_default,not_acquisition_default,False,"Text core is not an independent audience; use manual intent verdict, no MAX/sum universe",KW-3427bf7dea28
abrir cuenta digital banco de occidente,1,C02,conditional_not_default,conditional_not_default,False,"Text core is not an independent audience; use manual intent verdict, no MAX/sum universe",KW-70b8fac8ef0e
abrir cuenta digital banco fie,1,C02,conditional_not_default,conditional_not_default,False,"Text core is not an independent audience; use manual intent verdict, no MAX/sum universe",KW-9436167f0a50
abrir cuenta digital banco general,1,X01,not_acquisition_default,not_acquisition_default,False,"Text core is not an independent audience; use manual intent verdict, no MAX/sum universe",KW-6d2a1cad87b4
abrir cuenta digital banco internacional,1,X03,excluded,excluded,False,"Text core is not an independent audience; use manual intent verdict, no MAX/sum universe",KW-f10dfdefb387
abrir cuenta digital banco mercantil,2,X01,not_acquisition_default,not_acquisition_default,False,"Text core is not an independent audience; use manual intent verdict, no MAX/sum universe",KW-9e7d19d2f21e;KW-f1bd48945a30
abrir cuenta digital banco popular,1,X01,not_acquisition_default,not_acquisition_default,False,"Text core is not an independent audience; use manual intent verdict, no MAX/sum universe",KW-b9f76619f629
abrir cuenta digital banco venezuela,1,X03,excluded,excluded,False,"Text core is not an independent audience; use manual intent verdict, no MAX/sum universe",KW-fdfc23851c6a
abrir cuenta digital bancomer,1,X01,not_acquisition_default,not_acquisition_default,False,"Text core is not an independent audience; use manual intent verdict, no MAX/sum universe",KW-183e01e4d7eb
abrir cuenta digital bancoppel en linea,1,X01,not_acquisition_default,not_acquisition_default,False,"Text core is not an independent audience; use manual intent verdict, no MAX/sum universe",KW-88c76f561403
abrir cuenta digital banorte,2,X01,not_acquisition_default,not_acquisition_default,False,"Text core is not an independent audience; use manual intent verdict, no MAX/sum universe",KW-6f2a8105f52a;KW-c5b9a36d8397
abrir cuenta digital banorte en linea,1,X01,not_acquisition_default,not_acquisition_default,False,"Text core is not an independent audience; use manual intent verdict, no MAX/sum universe",KW-880034041617
abrir cuenta digital banpro nicaragua,1,X03,excluded,excluded,False,"Text core is not an independent audience; use manual intent verdict, no MAX/sum universe",KW-ec291fe2d9bc
abrir cuenta digital banreservas online,1,X01,not_acquisition_default,not_acquisition_default,False,"Text core is not an independent audience; use manual intent verdict, no MAX/sum universe",KW-d4f7cc98752a
abrir cuenta digital bbva peru,1,X01,not_acquisition_default,not_acquisition_default,False,"Text core is not an independent audience; use manual intent verdict, no MAX/sum universe",KW-dcaf2e7d9bf7
abrir cuenta digital bcp,6,X01,not_acquisition_default,not_acquisition_default,False,"Text core is not an independent audience; use manual intent verdict, no MAX/sum universe",KW-2f23f1e127db;KW-b97b97eca64a;KW-8703077a3426;KW-fccc2defccc8;KW-ba45afd51c19;KW-cd9ce60b0d8c
abrir cuenta digital bcp 2022,1,X01,not_acquisition_default,not_acquisition_default,False,"Text core is not an independent audience; use manual intent verdict, no MAX/sum universe",KW-9f864a7dd42d
abrir cuenta digital bcp empresa,1,X01,not_acquisition_default,not_acquisition_default,False,"Text core is not an independent audience; use manual intent verdict, no MAX/sum universe",KW-f5c296f926ed
abrir cuenta digital bcp online,1,X01,not_acquisition_default,not_acquisition_default,False,"Text core is not an independent audience; use manual intent verdict, no MAX/sum universe",KW-89a8e7e4fadf
abrir cuenta digital bcp perú,1,X01,not_acquisition_default,not_acquisition_default,False,"Text core is not an independent audience; use manual intent verdict, no MAX/sum universe",KW-89132318941d
abrir cuenta digital bcp sin tarjeta,1,X03,excluded,excluded,False,"Text core is not an independent audience; use manual intent verdict, no MAX/sum universe",KW-8ee00a5a7bc1
abrir cuenta digital caja arequipa,1,X01,not_acquisition_default,not_acquisition_default,False,"Text core is not an independent audience; use manual intent verdict, no MAX/sum universe",KW-3518b7f63795
abrir cuenta digital caja de ahorros,1,C05,competitor_consideration_requires_serp,competitor_consideration_requires_serp,False,"Text core is not an independent audience; use manual intent verdict, no MAX/sum universe",KW-94e4815530c9
abrir cuenta digital clip,1,C02,conditional_not_default,conditional_not_default,False,"Text core is not an independent audience; use manual intent verdict, no MAX/sum universe",KW-af044457be24
abrir cuenta digital del banco de venezuela,1,X03,excluded,excluded,False,"Text core is not an independent audience; use manual intent verdict, no MAX/sum universe",KW-de14dfeda1ad
abrir cuenta digital dolares bcp,3,X01,not_acquisition_default,not_acquisition_default,False,"Text core is not an independent audience; use manual intent verdict, no MAX/sum universe",KW-c767b914cfbf;KW-c1213f1ef95e;KW-6b28d33eeb26
abrir cuenta digital dólares scotiabank,1,X01,not_acquisition_default,not_acquisition_default,False,"Text core is not an independent audience; use manual intent verdict, no MAX/sum universe",KW-dfe04bcbb8e6
abrir cuenta digital en bancrecer,1,C02,conditional_not_default,conditional_not_default,False,"Text core is not an independent audience; use manual intent verdict, no MAX/sum universe",KW-af7795c15601
abrir cuenta digital en banesco,2,X01,not_acquisition_default,not_acquisition_default,False,"Text core is not an independent audience; use manual intent verdict, no MAX/sum universe",KW-cf97735c6ccd;KW-107a35767aef
abrir cuenta digital en bangente,1,C02,conditional_not_default,conditional_not_default,False,"Text core is not an independent audience; use manual intent verdict, no MAX/sum universe",KW-2b37e5fcc7e0
abrir cuenta digital en el banco del tesoro,1,C02,conditional_not_default,conditional_not_default,False,"Text core is not an independent audience; use manual intent verdict, no MAX/sum universe",KW-1b2ddd6ea32a
abrir cuenta digital en linea,1,C02,conditional_not_default,conditional_not_default,False,"Text core is not an independent audience; use manual intent verdict, no MAX/sum universe",KW-76b73585fc5f
abrir cuenta digital en mexico desde usa,1,X03,excluded,excluded,False,"Text core is not an independent audience; use manual intent verdict, no MAX/sum universe",KW-55ea128a87af
abrir cuenta digital en peru,2,C02,conditional_not_default,conditional_not_default,False,"Text core is not an independent audience; use manual intent verdict, no MAX/sum universe",KW-c0bd6bf5d0ad;KW-3d9b59d00350
abrir cuenta digital en venezuela,2,X03,excluded,excluded,False,"Text core is not an independent audience; use manual intent verdict, no MAX/sum universe",KW-19cc6795120e;KW-9e49045fd23b
abrir cuenta digital en venezuela sin ir al banco,1,X03,excluded,excluded,False,"Text core is not an independent audience; use manual intent verdict, no MAX/sum universe",KW-02169a43f920
abrir cuenta digital facil,1,C02,conditional_not_default,conditional_not_default,False,"Text core is not an independent audience; use manual intent verdict, no MAX/sum universe",KW-bef424dd06cd
abrir cuenta digital guatemala,1,X01,not_acquisition_default,not_acquisition_default,False,"Text core is not an independent audience; use manual intent verdict, no MAX/sum universe",KW-4ac55b47ddc5
abrir cuenta digital guayaquil,1,X03,excluded,excluded,False,"Text core is not an independent audience; use manual intent verdict, no MAX/sum universe",KW-b7a0e2fbe2d9
abrir cuenta digital gyt,1,C02,conditional_not_default,conditional_not_default,False,"Text core is not an independent audience; use manual intent verdict, no MAX/sum universe",KW-68fad5dd0222
abrir cuenta digital hey banco,1,C02,conditional_not_default,conditional_not_default,False,"Text core is not an independent audience; use manual intent verdict, no MAX/sum universe",KW-c3fd00a61d82
abrir cuenta digital hsbc mexico,1,X01,not_acquisition_default,not_acquisition_default,False,"Text core is not an independent audience; use manual intent verdict, no MAX/sum universe",KW-d1b2185e3422
abrir cuenta digital interbank,2,X01,not_acquisition_default,not_acquisition_default,False,"Text core is not an independent audience; use manual intent verdict, no MAX/sum universe",KW-1ec7e5a6d4a2;KW-848ad642c6bd
abrir cuenta digital interbank dolares,1,X01,not_acquisition_default,not_acquisition_default,False,"Text core is not an independent audience; use manual intent verdict, no MAX/sum universe",KW-3a6406917104
abrir cuenta digital itau,1,X01,not_acquisition_default,not_acquisition_default,False,"Text core is not an independent audience; use manual intent verdict, no MAX/sum universe",KW-b27559aeaa8a
abrir cuenta digital jep,1,C02,conditional_not_default,conditional_not_default,False,"Text core is not an independent audience; use manual intent verdict, no MAX/sum universe",KW-95570beafbfd
abrir cuenta digital like u,1,C02,conditional_not_default,conditional_not_default,False,"Text core is not an independent audience; use manual intent verdict, no MAX/sum universe",KW-da9294f91c0a
abrir cuenta digital mercantil,1,X01,not_acquisition_default,not_acquisition_default,False,"Text core is not an independent audience; use manual intent verdict, no MAX/sum universe",KW-7efc9eb0ffcd
abrir cuenta digital mercantil panama,1,X01,not_acquisition_default,not_acquisition_default,False,"Text core is not an independent audience; use manual intent verdict, no MAX/sum universe",KW-db8532c8b78a
abrir cuenta digital mibanco,1,X01,not_acquisition_default,not_acquisition_default,False,"Text core is not an independent audience; use manual intent verdict, no MAX/sum universe",KW-562bd92aba84
abrir cuenta digital panama,1,X03,excluded,excluded,False,"Text core is not an independent audience; use manual intent verdict, no MAX/sum universe",KW-f8822b2c7d7e
abrir cuenta digital por internet,1,C02,conditional_not_default,conditional_not_default,False,"Text core is not an independent audience; use manual intent verdict, no MAX/sum universe",KW-db4ae40401e8
abrir cuenta digital promerica,1,C02,conditional_not_default,conditional_not_default,False,"Text core is not an independent audience; use manual intent verdict, no MAX/sum universe",KW-42bf31232cfd
abrir cuenta digital pyme,1,C02,conditional_not_default,conditional_not_default,False,"Text core is not an independent audience; use manual intent verdict, no MAX/sum universe",KW-40e581c574e1
abrir cuenta digital santander,1,X01,not_acquisition_default,not_acquisition_default,False,"Text core is not an independent audience; use manual intent verdict, no MAX/sum universe",KW-f91fb609fc5b
abrir cuenta digital scotiabank,4,X01,not_acquisition_default,not_acquisition_default,False,"Text core is not an independent audience; use manual intent verdict, no MAX/sum universe",KW-fc1c7acf1d01;KW-c6e4bc052d10;KW-134c268aceab;KW-d0053d184d01
abrir cuenta digital scotiabank peru,1,X01,not_acquisition_default,not_acquisition_default,False,"Text core is not an independent audience; use manual intent verdict, no MAX/sum universe",KW-2d9da090271f
abrir cuenta digital sin comisiones,1,C02,conditional_not_default,conditional_not_default,False,"Text core is not an independent audience; use manual intent verdict, no MAX/sum universe",KW-c3f871bb8288
abrir cuenta digital sin ine,1,X03,excluded,excluded,False,"Text core is not an independent audience; use manual intent verdict, no MAX/sum universe",KW-0f49a3c7c405
abrir cuenta digital soles,1,C02,conditional_not_default,conditional_not_default,False,"Text core is not an independent audience; use manual intent verdict, no MAX/sum universe",KW-8f412191e80d
abrir cuenta digital st georges bank,1,C02,conditional_not_default,conditional_not_default,False,"Text core is not an independent audience; use manual intent verdict, no MAX/sum universe",KW-23fe53f2fa9f
abrir cuenta digital tesoro,1,C02,conditional_not_default,conditional_not_default,False,"Text core is not an independent audience; use manual intent verdict, no MAX/sum universe",KW-366bbb629b8d
abrir cuenta digital vimenca,1,C02,conditional_not_default,conditional_not_default,False,"Text core is not an independent audience; use manual intent verdict, no MAX/sum universe",KW-7c5313e0059b
abrir cuenta dolares banco nacion,1,X01,not_acquisition_default,not_acquisition_default,False,"Text core is not an independent audience; use manual intent verdict, no MAX/sum universe",KW-0e892a5f9b63
abrir cuenta dolares bcp online,2,X01,not_acquisition_default,not_acquisition_default,False,"Text core is not an independent audience; use manual intent verdict, no MAX/sum universe",KW-ad9a38d0b3ca;KW-a6fde41d8f6e
abrir cuenta dolares online,1,X02,product_launch_required,product_launch_required,False,"Text core is not an independent audience; use manual intent verdict, no MAX/sum universe",KW-122cee6090dd
abrir cuenta dolares santander,1,X01,not_acquisition_default,not_acquisition_default,False,"Text core is not an independent audience; use manual intent verdict, no MAX/sum universe",KW-a5e9ffca5147
abrir cuenta dolares scotiabank,3,X01,not_acquisition_default,not_acquisition_default,False,"Text core is not an independent audience; use manual intent verdict, no MAX/sum universe",KW-2198ae317b66;KW-3ad23bcbf9e1;KW-92d3df10ed68
abrir cuenta empresa bcp,1,X01,not_acquisition_default,not_acquisition_default,False,"Text core is not an independent audience; use manual intent verdict, no MAX/sum universe",KW-7b9106e41a44
abrir cuenta empresa interbank,1,X01,not_acquisition_default,not_acquisition_default,False,"Text core is not an independent audience; use manual intent verdict, no MAX/sum universe",KW-96a43f24a8b2
abrir cuenta en chase 300 dolares,1,X01,not_acquisition_default,not_acquisition_default,False,"Text core is not an independent audience; use manual intent verdict, no MAX/sum universe",KW-ec9110d0dde1
abrir cuenta en dolares,3,X02,product_launch_required,product_launch_required,False,"Text core is not an independent audience; use manual intent verdict, no MAX/sum universe",KW-06446971dd3f;KW-a6810807fbc1;KW-4240f7a7b7be
abrir cuenta en dolares bac,1,X02,product_launch_required,product_launch_required,False,"Text core is not an independent audience; use manual intent verdict, no MAX/sum universe",KW-169bda5f2bc0
abrir cuenta en dolares bac honduras,1,X01,not_acquisition_default,not_acquisition_default,False,"Text core is not an independent audience; use manual intent verdict, no MAX/sum universe",KW-adf4026e001a
abrir cuenta en dolares banco de venezuela,2,X03,excluded,excluded,False,"Text core is not an independent audience; use manual intent verdict, no MAX/sum universe",KW-37fbf1c59bff;KW-9f711fe2502f
abrir cuenta en dolares banco falabella,1,X01,not_acquisition_default,not_acquisition_default,False,"Text core is not an independent audience; use manual intent verdict, no MAX/sum universe",KW-7853dab8d872
abrir cuenta en dolares banco provincia,2,X01,not_acquisition_default,not_acquisition_default,False,"Text core is not an independent audience; use manual intent verdict, no MAX/sum universe",KW-bc5929f6cfe4;KW-047415e52801
abrir cuenta en dolares bancolombia,1,X01,not_acquisition_default,not_acquisition_default,False,"Text core is not an independent audience; use manual intent verdict, no MAX/sum universe",KW-dce7903b8fe9
abrir cuenta en dolares banesco,1,X01,not_acquisition_default,not_acquisition_default,False,"Text core is not an independent audience; use manual intent verdict, no MAX/sum universe",KW-c451e20782da
abrir cuenta en dolares banesco panama desde venezuela,1,X01,not_acquisition_default,not_acquisition_default,False,"Text core is not an independent audience; use manual intent verdict, no MAX/sum universe",KW-3957e2021071
abrir cuenta en dolares bbva,3,X01,not_acquisition_default,not_acquisition_default,False,"Text core is not an independent audience; use manual intent verdict, no MAX/sum universe",KW-6739390cb82c;KW-2aec0b5884b3;KW-fb1a39610a7b
abrir cuenta en dolares bcp,7,X01,not_acquisition_default,not_acquisition_default,False,"Text core is not an independent audience; use manual intent verdict, no MAX/sum universe",KW-42e1b51beaf3;KW-a3c9e030be59;KW-7e224b41c113;KW-6e0b662eba86;KW-d95b907bb489;KW-da3bec1bdd1a;KW-abc7897ee8d2
abrir cuenta en dolares bcp por internet,1,X01,not_acquisition_default,not_acquisition_default,False,"Text core is not an independent audience; use manual intent verdict, no MAX/sum universe",KW-f7419bebb7e1
abrir cuenta en dolares chile,2,X03,excluded,excluded,False,"Text core is not an independent audience; use manual intent verdict, no MAX/sum universe",KW-a88d10be085a;KW-b42aa8686281
abrir cuenta en dolares colombia,3,X03,excluded,excluded,False,"Text core is not an independent audience; use manual intent verdict, no MAX/sum universe",KW-902fead03423;KW-4a3efc16ce4f;KW-fba39c5f9448
abrir cuenta en dolares continental,1,X01,not_acquisition_default,not_acquisition_default,False,"Text core is not an independent audience; use manual intent verdict, no MAX/sum universe",KW-c5b4e1bf0348
abrir cuenta en dolares davivienda,1,X01,not_acquisition_default,not_acquisition_default,False,"Text core is not an independent audience; use manual intent verdict, no MAX/sum universe",KW-737112ba4b26
abrir cuenta en dolares en argentina,2,X03,excluded,excluded,False,"Text core is not an independent audience; use manual intent verdict, no MAX/sum universe",KW-580ffe2e3532;KW-abf13b209353
abrir cuenta en dolares en el exterior,1,X02,product_launch_required,product_launch_required,False,"Text core is not an independent audience; use manual intent verdict, no MAX/sum universe",KW-443f3aa9dea7
abrir cuenta en dolares en españa,1,X03,excluded,excluded,False,"Text core is not an independent audience; use manual intent verdict, no MAX/sum universe",KW-45ebbbbfb72e
abrir cuenta en dolares ficohsa,1,X02,product_launch_required,product_launch_required,False,"Text core is not an independent audience; use manual intent verdict, no MAX/sum universe",KW-64a26d171991
abrir cuenta en dolares honduras,1,X03,excluded,excluded,False,"Text core is not an independent audience; use manual intent verdict, no MAX/sum universe",KW-b3ad37def042
abrir cuenta en dolares hsbc,1,X01,not_acquisition_default,not_acquisition_default,False,"Text core is not an independent audience; use manual intent verdict, no MAX/sum universe",KW-d7a0304bbe4b
abrir cuenta en dolares icbc,1,X01,not_acquisition_default,not_acquisition_default,False,"Text core is not an independent audience; use manual intent verdict, no MAX/sum universe",KW-4e52860fff7f
abrir cuenta en dolares interbank,5,X01,not_acquisition_default,not_acquisition_default,False,"Text core is not an independent audience; use manual intent verdict, no MAX/sum universe",KW-d2a3ce036d06;KW-30209e049c6e;KW-1acb25548b03;KW-b23e61ed7d88;KW-9e63d5a7c43b
abrir cuenta en dolares interbank online,1,X01,not_acquisition_default,not_acquisition_default,False,"Text core is not an independent audience; use manual intent verdict, no MAX/sum universe",KW-72ecffc7403f
abrir cuenta en dolares mercantil,1,X01,not_acquisition_default,not_acquisition_default,False,"Text core is not an independent audience; use manual intent verdict, no MAX/sum universe",KW-11962b2f4785
abrir cuenta en dolares mexico,3,X03,excluded,excluded,False,"Text core is not an independent audience; use manual intent verdict, no MAX/sum universe",KW-5661941b6da8;KW-0015adde972c;KW-bed313dd2e2d
abrir cuenta en dolares qik,1,X02,product_launch_required,product_launch_required,False,"Text core is not an independent audience; use manual intent verdict, no MAX/sum universe",KW-d9d6b84817f7
abrir cuenta en dolares usa,1,X03,excluded,excluded,False,"Text core is not an independent audience; use manual intent verdict, no MAX/sum universe",KW-84810b082228
abrir cuenta en dolares venezuela,3,X03,excluded,excluded,False,"Text core is not an independent audience; use manual intent verdict, no MAX/sum universe",KW-438e8ae3d054;KW-6fd0461a82e3;KW-7c73be08b7cd
abrir cuenta en dólares bbva argentina,1,X01,not_acquisition_default,not_acquisition_default,False,"Text core is not an independent audience; use manual intent verdict, no MAX/sum universe",KW-5e1278d7f288
abrir cuenta en dólares bcp desde la app,1,X01,not_acquisition_default,not_acquisition_default,False,"Text core is not an independent audience; use manual intent verdict, no MAX/sum universe",KW-cedaf149571f
abrir cuenta en dólares bcp empresa,1,X01,not_acquisition_default,not_acquisition_default,False,"Text core is not an independent audience; use manual intent verdict, no MAX/sum universe",KW-f949f43d2dfc
abrir cuenta en dólares gratis,1,X02,product_launch_required,product_launch_required,False,"Text core is not an independent audience; use manual intent verdict, no MAX/sum universe",KW-e8f4d00c381e
abrir cuenta guardadito digital,1,C02,conditional_not_default,conditional_not_default,False,"Text core is not an independent audience; use manual intent verdict, no MAX/sum universe",KW-0e8b4f813cf0
abrir cuenta hucha digital santander,1,X01,not_acquisition_default,not_acquisition_default,False,"Text core is not an independent audience; use manual intent verdict, no MAX/sum universe",KW-1ca42fb59dc0
abrir cuenta interbank,1,X01,not_acquisition_default,not_acquisition_default,False,"Text core is not an independent audience; use manual intent verdict, no MAX/sum universe",KW-4e343eda0fa1
abrir cuenta interbank para extranjeros,1,X01,not_acquisition_default,not_acquisition_default,False,"Text core is not an independent audience; use manual intent verdict, no MAX/sum universe",KW-0d603c9d2fa9
abrir cuenta mancomunada bcp online,1,X03,excluded,excluded,False,"Text core is not an independent audience; use manual intent verdict, no MAX/sum universe",KW-e672fa6f2e73
abrir cuenta online con certificado digital,1,C02,conditional_not_default,conditional_not_default,False,"Text core is not an independent audience; use manual intent verdict, no MAX/sum universe",KW-f0b8edd6d05c
abrir cuenta promerica 100 digital,1,C02,conditional_not_default,conditional_not_default,False,"Text core is not an independent audience; use manual intent verdict, no MAX/sum universe",KW-ce5af2c47d7e
abrir cuenta rut digital,1,X03,excluded,excluded,False,"Text core is not an independent audience; use manual intent verdict, no MAX/sum universe",KW-b21840cbcbf9
abrir cuenta scotiabank,2,X01,not_acquisition_default,not_acquisition_default,False,"Text core is not an independent audience; use manual intent verdict, no MAX/sum universe",KW-ac4de40d54b1;KW-09284141d248
abrir cuenta scotiabank online,1,X01,not_acquisition_default,not_acquisition_default,False,"Text core is not an independent audience; use manual intent verdict, no MAX/sum universe",KW-692e20494342
abrir cuenta simple bcp,1,X01,not_acquisition_default,not_acquisition_default,False,"Text core is not an independent audience; use manual intent verdict, no MAX/sum universe",KW-46ccc3db9829
abrir cuenta simple dolares interbank,1,X01,not_acquisition_default,not_acquisition_default,False,"Text core is not an independent audience; use manual intent verdict, no MAX/sum universe",KW-12bf38baf450
abrir cuenta sueldo bcp,1,X01,not_acquisition_default,not_acquisition_default,False,"Text core is not an independent audience; use manual intent verdict, no MAX/sum universe",KW-f01adcacfaea
abrir cuenta sueldo interbank,1,X01,not_acquisition_default,not_acquisition_default,False,"Text core is not an independent audience; use manual intent verdict, no MAX/sum universe",KW-8f278a6c55cd
abrir cuenta vista digital,1,C02,conditional_not_default,conditional_not_default,False,"Text core is not an independent audience; use manual intent verdict, no MAX/sum universe",KW-8630e6602b9d
abrir mi cuenta de ahorros bcp,1,C05,competitor_consideration_requires_serp,competitor_consideration_requires_serp,False,"Text core is not an independent audience; use manual intent verdict, no MAX/sum universe",KW-9ff9b621a0df
abrir mi cuenta en dolares bcp,1,X01,not_acquisition_default,not_acquisition_default,False,"Text core is not an independent audience; use manual intent verdict, no MAX/sum universe",KW-abdb6d35db4e
abrir nueva cuenta digital bcp,1,X01,not_acquisition_default,not_acquisition_default,False,"Text core is not an independent audience; use manual intent verdict, no MAX/sum universe",KW-72adca792bce
abrir otra cuenta digital bcp,1,X01,not_acquisition_default,not_acquisition_default,False,"Text core is not an independent audience; use manual intent verdict, no MAX/sum universe",KW-ef9f707772dc
abrir una cuenta bancaria digital,1,C02,conditional_not_default,conditional_not_default,False,"Text core is not an independent audience; use manual intent verdict, no MAX/sum universe",KW-1d4e5f02d9c5
abrir una cuenta de ahorro banco pichincha,2,C05,competitor_consideration_requires_serp,competitor_consideration_requires_serp,False,"Text core is not an independent audience; use manual intent verdict, no MAX/sum universe",KW-81e375989e74;KW-6fd76d7e3dc2
abrir una cuenta digital bhd,2,C02,conditional_not_default,conditional_not_default,False,"Text core is not an independent audience; use manual intent verdict, no MAX/sum universe",KW-0eabe3ded9b9;KW-f08b551dc5ce
abrir una cuenta digital hsbc,1,X01,not_acquisition_default,not_acquisition_default,False,"Text core is not an independent audience; use manual intent verdict, no MAX/sum universe",KW-1e6b915e3efb
abrir una nueva cuenta de ahorros bcp,1,C05,competitor_consideration_requires_serp,competitor_consideration_requires_serp,False,"Text core is not an independent audience; use manual intent verdict, no MAX/sum universe",KW-3a5cbca644d4
abrir yape,1,X01,not_acquisition_default,not_acquisition_default,False,"Text core is not an independent audience; use manual intent verdict, no MAX/sum universe",KW-551f86d4e77a
academias de boxeo cerca de mi,1,X04,excluded_or_manual_review,excluded_or_manual_review,False,"Text core is not an independent audience; use manual intent verdict, no MAX/sum universe",KW-f603ea5ebbe7
aceptamos yape,1,X01,not_acquisition_default,not_acquisition_default,False,"Text core is not an independent audience; use manual intent verdict, no MAX/sum universe",KW-fa5ce4298b4b
activar compras por internet bcp,1,X01,not_acquisition_default,not_acquisition_default,False,"Text core is not an independent audience; use manual intent verdict, no MAX/sum universe",KW-ffc231a6be50
activar cuenta de ahorros banco pichincha,1,C05,competitor_consideration_requires_serp,competitor_consideration_requires_serp,False,"Text core is not an independent audience; use manual intent verdict, no MAX/sum universe",KW-35d36aa9a388
activar cuenta digital bbva,2,X01,not_acquisition_default,not_acquisition_default,False,"Text core is not an independent audience; use manual intent verdict, no MAX/sum universe",KW-de86e5ef5fee;KW-4d9fe65c0d32
activar cuenta sueldo,1,X04,excluded_or_manual_review,excluded_or_manual_review,False,"Text core is not an independent audience; use manual intent verdict, no MAX/sum universe",KW-92b4f5a110db
activo corriente y no corriente diferencia,1,X04,excluded_or_manual_review,excluded_or_manual_review,False,"Text core is not an independent audience; use manual intent verdict, no MAX/sum universe",KW-b947f6240136
actualizar datos bcp,1,X01,not_acquisition_default,not_acquisition_default,False,"Text core is not an independent audience; use manual intent verdict, no MAX/sum universe",KW-503600774f82
actualizar yape,2,X01,not_acquisition_default,not_acquisition_default,False,"Text core is not an independent audience; use manual intent verdict, no MAX/sum universe",KW-68db8cb3d427;KW-5ff4965e3724
actualizar yape con dni,1,X01,not_acquisition_default,not_acquisition_default,False,"Text core is not an independent audience; use manual intent verdict, no MAX/sum universe",KW-7eee2726982c
afiliación cuenta de ahorro digital caja arequipa,1,C05,competitor_consideration_requires_serp,competitor_consideration_requires_serp,False,"Text core is not an independent audience; use manual intent verdict, no MAX/sum universe",KW-3ea10fd453e4
afp,1,X03,excluded,excluded,False,"Text core is not an independent audience; use manual intent verdict, no MAX/sum universe",KW-cf979e9ac9cb
afp bcp,2,X01,not_acquisition_default,not_acquisition_default,False,"Text core is not an independent audience; use manual intent verdict, no MAX/sum universe",KW-93d1e6f6b9d5;KW-f12a8f2004a2
afp como saber cuanto tengo,1,X03,excluded,excluded,False,"Text core is not an independent audience; use manual intent verdict, no MAX/sum universe",KW-d8e7ff17e28b
afp consulta saldo,1,X03,excluded,excluded,False,"Text core is not an independent audience; use manual intent verdict, no MAX/sum universe",KW-959093da41ba
afp consulta saldo con dni,1,X03,excluded,excluded,False,"Text core is not an independent audience; use manual intent verdict, no MAX/sum universe",KW-73c0ca20c3c3
afp consulta saldo integra,3,X03,excluded,excluded,False,"Text core is not an independent audience; use manual intent verdict, no MAX/sum universe",KW-2070dd9d20f3;KW-4051cf6bae46;KW-f9ee753e5c39
afp cuanto tengo,1,X03,excluded,excluded,False,"Text core is not an independent audience; use manual intent verdict, no MAX/sum universe",KW-38897e56705e
afp estado de cuenta,1,X03,excluded,excluded,False,"Text core is not an independent audience; use manual intent verdict, no MAX/sum universe",KW-fbce39eae986
afp habitat mi cuenta,1,X03,excluded,excluded,False,"Text core is not an independent audience; use manual intent verdict, no MAX/sum universe",KW-86ac2e4ef841
afp horizonte consulta,1,X03,excluded,excluded,False,"Text core is not an independent audience; use manual intent verdict, no MAX/sum universe",KW-617c4544fa64
afp integra como va mi solicitud de retiro,2,X03,excluded,excluded,False,"Text core is not an independent audience; use manual intent verdict, no MAX/sum universe",KW-0c2d2d6e064d;KW-515045ae60b2
afp integra consulta de solicitud,1,X03,excluded,excluded,False,"Text core is not an independent audience; use manual intent verdict, no MAX/sum universe",KW-079ddcdcc31e
afp integra ver mi saldo,1,X03,excluded,excluded,False,"Text core is not an independent audience; use manual intent verdict, no MAX/sum universe",KW-b8edef569038
afp mi cuenta,1,X03,excluded,excluded,False,"Text core is not an independent audience; use manual intent verdict, no MAX/sum universe",KW-8e7066da9dc9
afp peru,1,X03,excluded,excluded,False,"Text core is not an independent audience; use manual intent verdict, no MAX/sum universe",KW-cb3335e38aca
afp prima consulta saldo,1,X03,excluded,excluded,False,"Text core is not an independent audience; use manual intent verdict, no MAX/sum universe",KW-203fe948065e
afp prima cuenta de ahorros,1,X01,not_acquisition_default,not_acquisition_default,False,"Text core is not an independent audience; use manual intent verdict, no MAX/sum universe",KW-984b65f31340
afp prima seguimiento de solicitud de retiro,1,X01,not_acquisition_default,not_acquisition_default,False,"Text core is not an independent audience; use manual intent verdict, no MAX/sum universe",KW-712829a25654
afp profuturo seguimiento de solicitud,1,X03,excluded,excluded,False,"Text core is not an independent audience; use manual intent verdict, no MAX/sum universe",KW-0465b04e5b74
afp profuturo: consulta retiro,1,X03,excluded,excluded,False,"Text core is not an independent audience; use manual intent verdict, no MAX/sum universe",KW-7e7e11a343d6
afp saldo,1,X03,excluded,excluded,False,"Text core is not an independent audience; use manual intent verdict, no MAX/sum universe",KW-76a7c7e7508b
afp significado,1,X03,excluded,excluded,False,"Text core is not an independent audience; use manual intent verdict, no MAX/sum universe",KW-1dda47d42a28
afp tipos,1,X03,excluded,excluded,False,"Text core is not an independent audience; use manual intent verdict, no MAX/sum universe",KW-61a762f66d36
afp ver saldo,1,X03,excluded,excluded,False,"Text core is not an independent audience; use manual intent verdict, no MAX/sum universe",KW-8ac3082aec8c
agora ahorramas,1,X01,not_acquisition_default,not_acquisition_default,False,"Text core is not an independent audience; use manual intent verdict, no MAX/sum universe",KW-c05f685d9772
agora cuenta ahorro,2,C05,competitor_consideration_requires_serp,competitor_consideration_requires_serp,False,"Text core is not an independent audience; use manual intent verdict, no MAX/sum universe",KW-a5480837bc62;KW-6a88f8c9bc8a
agora cuenta de ahorros tasa,1,C05,competitor_consideration_requires_serp,competitor_consideration_requires_serp,False,"Text core is not an independent audience; use manual intent verdict, no MAX/sum universe",KW-e48de9e95e62
ahorrar en ingles,1,X01,not_acquisition_default,not_acquisition_default,False,"Text core is not an independent audience; use manual intent verdict, no MAX/sum universe",KW-389edf34293d
ahorro,3,X04,excluded_or_manual_review,excluded_or_manual_review,False,"Text core is not an independent audience; use manual intent verdict, no MAX/sum universe",KW-a6538cc4b2b0;KW-f080bb228f0a;KW-a708d05c3c96
ahorro a la mano es una cuenta de ahorros,1,X04,excluded_or_manual_review,excluded_or_manual_review,False,"Text core is not an independent audience; use manual intent verdict, no MAX/sum universe",KW-482365fa9ad9
ahorro a plazo fijo,1,X04,excluded_or_manual_review,excluded_or_manual_review,False,"Text core is not an independent audience; use manual intent verdict, no MAX/sum universe",KW-76e7b9f7df97
ahorro casa,1,X04,excluded_or_manual_review,excluded_or_manual_review,False,"Text core is not an independent audience; use manual intent verdict, no MAX/sum universe",KW-894f77eb7d10
ahorros e inversion,2,X04,excluded_or_manual_review,excluded_or_manual_review,False,"Text core is not an independent audience; use manual intent verdict, no MAX/sum universe",KW-04d4145df8b9;KW-808bbe5fa698
alcancia,1,X04,excluded_or_manual_review,excluded_or_manual_review,False,"Text core is not an independent audience; use manual intent verdict, no MAX/sum universe",KW-0c0ea241188b
alcancia digital cuenta monedas,1,C02,conditional_not_default,conditional_not_default,False,"Text core is not an independent audience; use manual intent verdict, no MAX/sum universe",KW-5acf02ec40be
alcanzara,2,X04,excluded_or_manual_review,excluded_or_manual_review,False,"Text core is not an independent audience; use manual intent verdict, no MAX/sum universe",KW-789493152230;KW-e4e78a6e2031
alfin banco cuenta de ahorros,2,X01,not_acquisition_default,not_acquisition_default,False,"Text core is not an independent audience; use manual intent verdict, no MAX/sum universe",KW-b13f94b30256;KW-4c610bad5d44
alfombras cerca de mi,1,X04,excluded_or_manual_review,excluded_or_manual_review,False,"Text core is not an independent audience; use manual intent verdict, no MAX/sum universe",KW-02445385e614
amazon transferencia bancaria,1,E07,assisted_or_service_only,assisted_or_service_only,False,"Text core is not an independent audience; use manual intent verdict, no MAX/sum universe",KW-a748d217332d
american express cuenta de ahorro,1,X01,not_acquisition_default,not_acquisition_default,False,"Text core is not an independent audience; use manual intent verdict, no MAX/sum universe",KW-b808284523f0
andres abre una cuenta de ahorros con 800,1,X04,excluded_or_manual_review,excluded_or_manual_review,False,"Text core is not an independent audience; use manual intent verdict, no MAX/sum universe",KW-8f5fc8d704ae
andy johnson super campeones,1,X04,excluded_or_manual_review,excluded_or_manual_review,False,"Text core is not an independent audience; use manual intent verdict, no MAX/sum universe",KW-92172198f2e2
apartan,1,X04,excluded_or_manual_review,excluded_or_manual_review,False,"Text core is not an independent audience; use manual intent verdict, no MAX/sum universe",KW-a9fe5ca3dfd4
apertura cuenta corriente bcp,1,X01,not_acquisition_default,not_acquisition_default,False,"Text core is not an independent audience; use manual intent verdict, no MAX/sum universe",KW-482bde37446f
apertura cuenta cts bcp,1,X01,not_acquisition_default,not_acquisition_default,False,"Text core is not an independent audience; use manual intent verdict, no MAX/sum universe",KW-fa15627098fe
apertura cuenta de ahorros bbva,1,C05,competitor_consideration_requires_serp,competitor_consideration_requires_serp,False,"Text core is not an independent audience; use manual intent verdict, no MAX/sum universe",KW-b68d649ff3a4
apertura cuenta digital caja arequipa,3,X01,not_acquisition_default,not_acquisition_default,False,"Text core is not an independent audience; use manual intent verdict, no MAX/sum universe",KW-6e9bcf0462f2;KW-2520b754665b;KW-01e4b19ee16e
apertura cuenta dolares banco nacion,1,X01,not_acquisition_default,not_acquisition_default,False,"Text core is not an independent audience; use manual intent verdict, no MAX/sum universe",KW-c2d77014dfa0
apertura cuenta dolares bbva,3,X01,not_acquisition_default,not_acquisition_default,False,"Text core is not an independent audience; use manual intent verdict, no MAX/sum universe",KW-48da57119f9e;KW-dc4864ed2557;KW-5b50a25ef288
apertura cuenta dolares bcp,2,X01,not_acquisition_default,not_acquisition_default,False,"Text core is not an independent audience; use manual intent verdict, no MAX/sum universe",KW-98a4d8755a04;KW-fd34b745f1fa
apertura cuenta en dolares,4,X02,product_launch_required,product_launch_required,False,"Text core is not an independent audience; use manual intent verdict, no MAX/sum universe",KW-5b6c94c7f77c;KW-f1c90c8f90a8;KW-b4f90067a55e;KW-6d21f6e14570
apertura cuenta en dolares banco de venezuela,1,X03,excluded,excluded,False,"Text core is not an independent audience; use manual intent verdict, no MAX/sum universe",KW-6cf079743895
apertura cuenta sueldo bbva,1,X01,not_acquisition_default,not_acquisition_default,False,"Text core is not an independent audience; use manual intent verdict, no MAX/sum universe",KW-7b81162a258e
apertura cuenta sueldo bcp,1,X01,not_acquisition_default,not_acquisition_default,False,"Text core is not an independent audience; use manual intent verdict, no MAX/sum universe",KW-3e7af173f349
apertura de cuenta ahorros caja arequipa,1,C05,competitor_consideration_requires_serp,competitor_consideration_requires_serp,False,"Text core is not an independent audience; use manual intent verdict, no MAX/sum universe",KW-84b263e3e664
apertura de cuenta bbva,2,X01,not_acquisition_default,not_acquisition_default,False,"Text core is not an independent audience; use manual intent verdict, no MAX/sum universe",KW-e1add00a86af;KW-803417a5cc4a
apertura de cuenta bbva para extranjeros,1,X01,not_acquisition_default,not_acquisition_default,False,"Text core is not an independent audience; use manual intent verdict, no MAX/sum universe",KW-9dcd28c747e1
apertura de cuenta bbva peru,1,X01,not_acquisition_default,not_acquisition_default,False,"Text core is not an independent audience; use manual intent verdict, no MAX/sum universe",KW-c70e3dffbf40
apertura de cuenta bcp digital,1,X01,not_acquisition_default,not_acquisition_default,False,"Text core is not an independent audience; use manual intent verdict, no MAX/sum universe",KW-503e799f1120
apertura de cuenta de ahorro,2,A07,market_proxy_sensitivity,market_proxy_sensitivity,False,"Text core is not an independent audience; use manual intent verdict, no MAX/sum universe",KW-42dccb3d274b;KW-aabe959f8932
apertura de cuenta de ahorro bancolombia,2,X01,not_acquisition_default,not_acquisition_default,False,"Text core is not an independent audience; use manual intent verdict, no MAX/sum universe",KW-c4a51330e0cb;KW-18d9ccaa2142
apertura de cuenta de ahorro digital caja arequipa,1,C05,competitor_consideration_requires_serp,competitor_consideration_requires_serp,False,"Text core is not an independent audience; use manual intent verdict, no MAX/sum universe",KW-1948db99d8af
apertura de cuenta de ahorros caja huancayo,1,C05,competitor_consideration_requires_serp,competitor_consideration_requires_serp,False,"Text core is not an independent audience; use manual intent verdict, no MAX/sum universe",KW-ae7f133734c4
apertura de cuenta de ahorros digital,1,C02,conditional_not_default,conditional_not_default,False,"Text core is not an independent audience; use manual intent verdict, no MAX/sum universe",KW-3ec96bef2db2
apertura de cuenta de ahorros digital bcp,1,C05,competitor_consideration_requires_serp,competitor_consideration_requires_serp,False,"Text core is not an independent audience; use manual intent verdict, no MAX/sum universe",KW-cae05554d413
apertura de cuenta de ahorros interbank,1,C05,competitor_consideration_requires_serp,competitor_consideration_requires_serp,False,"Text core is not an independent audience; use manual intent verdict, no MAX/sum universe",KW-27b15832366d
apertura de cuenta digital,1,C02,conditional_not_default,conditional_not_default,False,"Text core is not an independent audience; use manual intent verdict, no MAX/sum universe",KW-745369273570
apertura de cuenta digital bbva,5,X01,not_acquisition_default,not_acquisition_default,False,"Text core is not an independent audience; use manual intent verdict, no MAX/sum universe",KW-703fe12ce9e1;KW-06065742ee8a;KW-089eaa9220f2;KW-ce6ceb228136;KW-0279f319d0c1
apertura de cuenta digital caja huancayo,1,X01,not_acquisition_default,not_acquisition_default,False,"Text core is not an independent audience; use manual intent verdict, no MAX/sum universe",KW-f87dbfab2bef
apertura de cuenta en dolares mercantil,1,X01,not_acquisition_default,not_acquisition_default,False,"Text core is not an independent audience; use manual intent verdict, no MAX/sum universe",KW-d7a983980086
apertura de cuenta en dolares scotiabank,1,X01,not_acquisition_default,not_acquisition_default,False,"Text core is not an independent audience; use manual intent verdict, no MAX/sum universe",KW-78815dc72e89
apertura de cuenta independencia bbva,1,X01,not_acquisition_default,not_acquisition_default,False,"Text core is not an independent audience; use manual intent verdict, no MAX/sum universe",KW-fe89cf71d453
apertura de cuentas de ahorro banco de la nacion,1,X01,not_acquisition_default,not_acquisition_default,False,"Text core is not an independent audience; use manual intent verdict, no MAX/sum universe",KW-6a849b698c3f
aperturar cuenta banco de la nación,1,X01,not_acquisition_default,not_acquisition_default,False,"Text core is not an independent audience; use manual intent verdict, no MAX/sum universe",KW-0a00de70db26
aperturar cuenta bbva online,2,X01,not_acquisition_default,not_acquisition_default,False,"Text core is not an independent audience; use manual intent verdict, no MAX/sum universe",KW-8f492f779315;KW-afc2e7fd830e
aperturar cuenta de ahorro bcp,2,C05,competitor_consideration_requires_serp,competitor_consideration_requires_serp,False,"Text core is not an independent audience; use manual intent verdict, no MAX/sum universe",KW-8a001be0ba11;KW-3a78517211fb
aperturar cuenta en dolares interbank,2,X01,not_acquisition_default,not_acquisition_default,False,"Text core is not an independent audience; use manual intent verdict, no MAX/sum universe",KW-fa44b8f05bc0;KW-d2a30cb1ca94
aperturar cuenta interbank,1,X01,not_acquisition_default,not_acquisition_default,False,"Text core is not an independent audience; use manual intent verdict, no MAX/sum universe",KW-7b064b916af8
aplicación para abrir cuenta digital,1,C02,conditional_not_default,conditional_not_default,False,"Text core is not an independent audience; use manual intent verdict, no MAX/sum universe",KW-ddc7d63bc5e4
app para cuenta en dolares,1,X02,product_launch_required,product_launch_required,False,"Text core is not an independent audience; use manual intent verdict, no MAX/sum universe",KW-c1cf89c144d6
app para hacer transferencia bancaria,1,E07,assisted_or_service_only,assisted_or_service_only,False,"Text core is not an independent audience; use manual intent verdict, no MAX/sum universe",KW-00cfeaa866d8
app para transferencia bancaria internacional,1,X03,excluded,excluded,False,"Text core is not an independent audience; use manual intent verdict, no MAX/sum universe",KW-2e227021ba88
app para transferencias bancarias,2,E07,assisted_or_service_only,assisted_or_service_only,False,"Text core is not an independent audience; use manual intent verdict, no MAX/sum universe",KW-f330c1fe18d3;KW-75f15469e6fc
arn transferencia bancaria,2,E07,assisted_or_service_only,assisted_or_service_only,False,"Text core is not an independent audience; use manual intent verdict, no MAX/sum universe",KW-23974f8b913d;KW-14a047a0f290
asiento contable de una transferencia bancaria,5,X03,excluded,excluded,False,"Text core is not an independent audience; use manual intent verdict, no MAX/sum universe",KW-779aa155d09d;KW-9abd9cadd825;KW-7c93fbbec70d;KW-c6fe78644773;KW-45270d4b4a64
asiento de transferencia bancaria,1,X03,excluded,excluded,False,"Text core is not an independent audience; use manual intent verdict, no MAX/sum universe",KW-b251a06cc852
asociacion de afp,2,X03,excluded,excluded,False,"Text core is not an independent audience; use manual intent verdict, no MAX/sum universe",KW-b5964a73957d;KW-e4621ce6c97c
asociación de afp,1,X03,excluded,excluded,False,"Text core is not an independent audience; use manual intent verdict, no MAX/sum universe",KW-10c738f8d3b4
asociar cuenta en dolares a tarjeta de debito,1,X03,excluded,excluded,False,"Text core is not an independent audience; use manual intent verdict, no MAX/sum universe",KW-14bb4460580d
astropay transferencia bancaria,1,E07,assisted_or_service_only,assisted_or_service_only,False,"Text core is not an independent audience; use manual intent verdict, no MAX/sum universe",KW-80e860aeb58e
auna numero,1,X04,excluded_or_manual_review,excluded_or_manual_review,False,"Text core is not an independent audience; use manual intent verdict, no MAX/sum universe",KW-57484efcc554
av villas cuenta de ahorros,2,X01,not_acquisition_default,not_acquisition_default,False,"Text core is not an independent audience; use manual intent verdict, no MAX/sum universe",KW-044e2fd618b9;KW-f17bf23b225d
ayahuasca beneficios,1,X04,excluded_or_manual_review,excluded_or_manual_review,False,"Text core is not an independent audience; use manual intent verdict, no MAX/sum universe",KW-081dc02139be
bac san jose cuenta en dolares,1,X01,not_acquisition_default,not_acquisition_default,False,"Text core is not an independent audience; use manual intent verdict, no MAX/sum universe",KW-a3a1222ad7a1
bajar yape,1,X01,not_acquisition_default,not_acquisition_default,False,"Text core is not an independent audience; use manual intent verdict, no MAX/sum universe",KW-306a841e19fe
ban100 cuenta de ahorros,1,X04,excluded_or_manual_review,excluded_or_manual_review,False,"Text core is not an independent audience; use manual intent verdict, no MAX/sum universe",KW-04ee80e57f52
banbif crear cuenta digital,2,X01,not_acquisition_default,not_acquisition_default,False,"Text core is not an independent audience; use manual intent verdict, no MAX/sum universe",KW-200009065a0f;KW-02dbc35c0f91
banbif cuenta de ahorro,2,C05,competitor_consideration_requires_serp,competitor_consideration_requires_serp,False,"Text core is not an independent audience; use manual intent verdict, no MAX/sum universe",KW-90085470f761;KW-d044214eeea3
banbif cuenta de ahorro dolares,1,C05,competitor_consideration_requires_serp,competitor_consideration_requires_serp,False,"Text core is not an independent audience; use manual intent verdict, no MAX/sum universe",KW-bbc0a01734ae
banbif cuenta digital dólares,1,X01,not_acquisition_default,not_acquisition_default,False,"Text core is not an independent audience; use manual intent verdict, no MAX/sum universe",KW-ed250fb66603
banbif cuenta digital soles,1,X01,not_acquisition_default,not_acquisition_default,False,"Text core is not an independent audience; use manual intent verdict, no MAX/sum universe",KW-da3f44092cf3
banbif deposito a plazo fijo,1,X01,not_acquisition_default,not_acquisition_default,False,"Text core is not an independent audience; use manual intent verdict, no MAX/sum universe",KW-94f2835ac010
banbif plazo fijo,1,X01,not_acquisition_default,not_acquisition_default,False,"Text core is not an independent audience; use manual intent verdict, no MAX/sum universe",KW-c60a7a0af624
banca movil bcp,1,X01,not_acquisition_default,not_acquisition_default,False,"Text core is not an independent audience; use manual intent verdict, no MAX/sum universe",KW-20e751fe4777
banca movil scotiabank,1,X01,not_acquisition_default,not_acquisition_default,False,"Text core is not an independent audience; use manual intent verdict, no MAX/sum universe",KW-6ea74b6ed7a8
banca web pichincha cuenta de ahorros,1,C05,competitor_consideration_requires_serp,competitor_consideration_requires_serp,False,"Text core is not an independent audience; use manual intent verdict, no MAX/sum universe",KW-a8c1333ee091
bancamiga cuenta en dólares,1,X01,not_acquisition_default,not_acquisition_default,False,"Text core is not an independent audience; use manual intent verdict, no MAX/sum universe",KW-dc1c0646d64c
bancario,1,X04,excluded_or_manual_review,excluded_or_manual_review,False,"Text core is not an independent audience; use manual intent verdict, no MAX/sum universe",KW-eba79874a6fa
banco banbif cuenta de ahorros,1,C05,competitor_consideration_requires_serp,competitor_consideration_requires_serp,False,"Text core is not an independent audience; use manual intent verdict, no MAX/sum universe",KW-40152260accf
banco bbva consulta de saldo cuenta de ahorros,1,C05,competitor_consideration_requires_serp,competitor_consideration_requires_serp,False,"Text core is not an independent audience; use manual intent verdict, no MAX/sum universe",KW-c539caffe937
banco bolivariano sacar cuenta de ahorros online,1,X01,not_acquisition_default,not_acquisition_default,False,"Text core is not an independent audience; use manual intent verdict, no MAX/sum universe",KW-b3ef2a5de79f
banco caja huancayo cuenta de ahorros,1,C05,competitor_consideration_requires_serp,competitor_consideration_requires_serp,False,"Text core is not an independent audience; use manual intent verdict, no MAX/sum universe",KW-205723ea3712
banco caja social cuenta de ahorros,2,C05,competitor_consideration_requires_serp,competitor_consideration_requires_serp,False,"Text core is not an independent audience; use manual intent verdict, no MAX/sum universe",KW-61c3bb20a2d8;KW-6f2d9e6e700c
banco con mejor tasa de ahorro,1,X04,excluded_or_manual_review,excluded_or_manual_review,False,"Text core is not an independent audience; use manual intent verdict, no MAX/sum universe",KW-0036cb332c5b
banco con mejor tasa de interes cuenta de ahorros,1,X04,excluded_or_manual_review,excluded_or_manual_review,False,"Text core is not an independent audience; use manual intent verdict, no MAX/sum universe",KW-6ab0d8375211
banco de bogota cuenta de ahorros,2,X03,excluded,excluded,False,"Text core is not an independent audience; use manual intent verdict, no MAX/sum universe",KW-68ff70b42625;KW-72cf738b60bd
banco de comercio cuenta de ahorros,1,X01,not_acquisition_default,not_acquisition_default,False,"Text core is not an independent audience; use manual intent verdict, no MAX/sum universe",KW-0cf73fe93b06
banco de crédito del perú dirección,1,X03,excluded,excluded,False,"Text core is not an independent audience; use manual intent verdict, no MAX/sum universe",KW-698af8436f65
banco de guayaquil consulta de cuenta de ahorros,1,X03,excluded,excluded,False,"Text core is not an independent audience; use manual intent verdict, no MAX/sum universe",KW-a3def84dd3df
banco de la nacion cci,1,X01,not_acquisition_default,not_acquisition_default,False,"Text core is not an independent audience; use manual intent verdict, no MAX/sum universe",KW-1a2716b499f4
banco de la nacion cuenta corriente,2,X01,not_acquisition_default,not_acquisition_default,False,"Text core is not an independent audience; use manual intent verdict, no MAX/sum universe",KW-377434c56963;KW-7ef47ab16088
banco de la nacion detracciones,2,X01,not_acquisition_default,not_acquisition_default,False,"Text core is not an independent audience; use manual intent verdict, no MAX/sum universe",KW-bf2a9c3018f7;KW-572ba47f1308
banco de la nación cuenta de ahorros multired,1,X01,not_acquisition_default,not_acquisition_default,False,"Text core is not an independent audience; use manual intent verdict, no MAX/sum universe",KW-0b0b676218e7
banco de venezuela consulta de saldo cuenta corriente digital,1,X03,excluded,excluded,False,"Text core is not an independent audience; use manual intent verdict, no MAX/sum universe",KW-79b19788d233
banco del austro cuenta de ahorros online,1,X04,excluded_or_manual_review,excluded_or_manual_review,False,"Text core is not an independent audience; use manual intent verdict, no MAX/sum universe",KW-e6fdfc1b1cd8
banco del pacífico crear cuenta de ahorros,1,X01,not_acquisition_default,not_acquisition_default,False,"Text core is not an independent audience; use manual intent verdict, no MAX/sum universe",KW-492a8c8e964b
banco del pacífico cuenta de ahorro,1,X01,not_acquisition_default,not_acquisition_default,False,"Text core is not an independent audience; use manual intent verdict, no MAX/sum universe",KW-fde53b16b999
banco falabella cts,2,X01,not_acquisition_default,not_acquisition_default,False,"Text core is not an independent audience; use manual intent verdict, no MAX/sum universe",KW-8deb5b191763;KW-cc8062f68c3d
banco falabella cuenta de ahorro de alto rendimiento,1,C05,competitor_consideration_requires_serp,competitor_consideration_requires_serp,False,"Text core is not an independent audience; use manual intent verdict, no MAX/sum universe",KW-262fef5fd186
banco falabella cuenta de ahorros clásico,1,C05,competitor_consideration_requires_serp,competitor_consideration_requires_serp,False,"Text core is not an independent audience; use manual intent verdict, no MAX/sum universe",KW-8d56159e07df
banco falabella cuenta de ahorros interes,1,C05,competitor_consideration_requires_serp,competitor_consideration_requires_serp,False,"Text core is not an independent audience; use manual intent verdict, no MAX/sum universe",KW-253afbaafb2f
banco falabella cuenta de ahorros trea,1,C05,competitor_consideration_requires_serp,competitor_consideration_requires_serp,False,"Text core is not an independent audience; use manual intent verdict, no MAX/sum universe",KW-ca96d2fafddb
banco falabella cuenta en dolares,2,X01,not_acquisition_default,not_acquisition_default,False,"Text core is not an independent audience; use manual intent verdict, no MAX/sum universe",KW-94007c4759c3;KW-defed7e0c4ba
banco falabella plazo fijo,1,X01,not_acquisition_default,not_acquisition_default,False,"Text core is not an independent audience; use manual intent verdict, no MAX/sum universe",KW-4a861b84b08a
banco familiar cuenta de ahorro digital,1,X01,not_acquisition_default,not_acquisition_default,False,"Text core is not an independent audience; use manual intent verdict, no MAX/sum universe",KW-d6d019798eaf
banco general rumiñahui cuenta de ahorros,1,X01,not_acquisition_default,not_acquisition_default,False,"Text core is not an independent audience; use manual intent verdict, no MAX/sum universe",KW-93c88858a95b
banco gnb sudameris abrir cuenta de ahorros,1,X01,not_acquisition_default,not_acquisition_default,False,"Text core is not an independent audience; use manual intent verdict, no MAX/sum universe",KW-5b6252c0f0a2
banco interbank cuenta de ahorros,2,C05,competitor_consideration_requires_serp,competitor_consideration_requires_serp,False,"Text core is not an independent audience; use manual intent verdict, no MAX/sum universe",KW-df0104c71e6d;KW-ab512a7a45c1
banco mundo mujer cuenta de ahorros,1,X04,excluded_or_manual_review,excluded_or_manual_review,False,"Text core is not an independent audience; use manual intent verdict, no MAX/sum universe",KW-2d4a39292679
banco nacion cuenta en dolares jubilados,1,X01,not_acquisition_default,not_acquisition_default,False,"Text core is not an independent audience; use manual intent verdict, no MAX/sum universe",KW-78e72c52a760
banco pichincha apertura de cuenta de ahorros en linea,1,C05,competitor_consideration_requires_serp,competitor_consideration_requires_serp,False,"Text core is not an independent audience; use manual intent verdict, no MAX/sum universe",KW-173cbd8ef5b5
banco pichincha crear cuenta de ahorros,2,C05,competitor_consideration_requires_serp,competitor_consideration_requires_serp,False,"Text core is not an independent audience; use manual intent verdict, no MAX/sum universe",KW-659980114b7a;KW-e068f3441d15
banco pichincha cuenta de ahorros,3,C05,competitor_consideration_requires_serp,competitor_consideration_requires_serp,False,"Text core is not an independent audience; use manual intent verdict, no MAX/sum universe",KW-b624412d565a;KW-cdfee10ba251;KW-30e7fb2cc6ce
banco pichincha cuenta de ahorros dólares,1,C05,competitor_consideration_requires_serp,competitor_consideration_requires_serp,False,"Text core is not an independent audience; use manual intent verdict, no MAX/sum universe",KW-24a79a4d8654
banco pichincha cuenta de ahorros para adolescentes,1,C05,competitor_consideration_requires_serp,competitor_consideration_requires_serp,False,"Text core is not an independent audience; use manual intent verdict, no MAX/sum universe",KW-ffc685b19f4d
banco pichincha cuenta de ahorros perú,3,C05,competitor_consideration_requires_serp,competitor_consideration_requires_serp,False,"Text core is not an independent audience; use manual intent verdict, no MAX/sum universe",KW-a329165da7b0;KW-ff12589f7f41;KW-fb3472a15331
banco pichincha cuenta de ahorros preferente,2,X01,not_acquisition_default,not_acquisition_default,False,"Text core is not an independent audience; use manual intent verdict, no MAX/sum universe",KW-acff1b88bcac;KW-ec65f08986d1
banco pichincha cuenta de ahorros soles,1,C05,competitor_consideration_requires_serp,competitor_consideration_requires_serp,False,"Text core is not an independent audience; use manual intent verdict, no MAX/sum universe",KW-90b689b5605a
banco pichincha cuenta de ahorros trea,1,C05,competitor_consideration_requires_serp,competitor_consideration_requires_serp,False,"Text core is not an independent audience; use manual intent verdict, no MAX/sum universe",KW-2021e89e5af9
banco pichincha cuenta dolares,1,X01,not_acquisition_default,not_acquisition_default,False,"Text core is not an independent audience; use manual intent verdict, no MAX/sum universe",KW-635972516e51
banco pichincha estado de cuenta de ahorro,1,C05,competitor_consideration_requires_serp,competitor_consideration_requires_serp,False,"Text core is not an independent audience; use manual intent verdict, no MAX/sum universe",KW-056ea5b487f9
banco pichincha intereses cuenta de ahorros,1,C05,competitor_consideration_requires_serp,competitor_consideration_requires_serp,False,"Text core is not an independent audience; use manual intent verdict, no MAX/sum universe",KW-beaaa4f9a242
banco pichincha plazo fijo,1,X01,not_acquisition_default,not_acquisition_default,False,"Text core is not an independent audience; use manual intent verdict, no MAX/sum universe",KW-016f54599409
banco pichincha requisitos para abrir una cuenta de ahorros,4,C05,competitor_consideration_requires_serp,competitor_consideration_requires_serp,False,"Text core is not an independent audience; use manual intent verdict, no MAX/sum universe",KW-4666f3982909;KW-62c46df5ae6a;KW-fe78ab677dc4;KW-179cddbed4bc
banco pichincha sacar cuenta de ahorro,1,C05,competitor_consideration_requires_serp,competitor_consideration_requires_serp,False,"Text core is not an independent audience; use manual intent verdict, no MAX/sum universe",KW-7fe2fc0acdfd
banco que paga mas intereses a plazo fijo peru,2,X04,excluded_or_manual_review,excluded_or_manual_review,False,"Text core is not an independent audience; use manual intent verdict, no MAX/sum universe",KW-4050445337bb;KW-b65908e76514
banco ripley cuenta de ahorro de alto rendimiento,1,C05,competitor_consideration_requires_serp,competitor_consideration_requires_serp,False,"Text core is not an independent audience; use manual intent verdict, no MAX/sum universe",KW-cb996095a14e
banco ripley cuenta de ahorro plus,1,C05,competitor_consideration_requires_serp,competitor_consideration_requires_serp,False,"Text core is not an independent audience; use manual intent verdict, no MAX/sum universe",KW-dd281cc57d59
banco ripley cuenta de ahorros,2,C05,competitor_consideration_requires_serp,competitor_consideration_requires_serp,False,"Text core is not an independent audience; use manual intent verdict, no MAX/sum universe",KW-4f9b2c6e1175;KW-3e573562531b
banco ripley cuenta de ahorros digital,1,C05,competitor_consideration_requires_serp,competitor_consideration_requires_serp,False,"Text core is not an independent audience; use manual intent verdict, no MAX/sum universe",KW-c1211c36c208
banco ripley cuenta de ahorros tasa,1,C05,competitor_consideration_requires_serp,competitor_consideration_requires_serp,False,"Text core is not an independent audience; use manual intent verdict, no MAX/sum universe",KW-948dc2beca00
banco ripley plazo fijo,2,X01,not_acquisition_default,not_acquisition_default,False,"Text core is not an independent audience; use manual intent verdict, no MAX/sum universe",KW-30f734286df1;KW-e493a7fbd564
banco saga falabella cuenta de ahorros,1,C05,competitor_consideration_requires_serp,competitor_consideration_requires_serp,False,"Text core is not an independent audience; use manual intent verdict, no MAX/sum universe",KW-b96df237b330
banco scotiabank internet,1,X01,not_acquisition_default,not_acquisition_default,False,"Text core is not an independent audience; use manual intent verdict, no MAX/sum universe",KW-bb95a9bb59ea
banco sin intereses,1,C04,no_default_mixed_intent,no_default_mixed_intent,False,"Text core is not an independent audience; use manual intent verdict, no MAX/sum universe",KW-7b1ab88d78e4
banco unión cuenta de ahorro,1,X01,not_acquisition_default,not_acquisition_default,False,"Text core is not an independent audience; use manual intent verdict, no MAX/sum universe",KW-9d85205c9c1d
banco w mi cuenta de ahorros,1,X01,not_acquisition_default,not_acquisition_default,False,"Text core is not an independent audience; use manual intent verdict, no MAX/sum universe",KW-1e109723c4ee
bancolombia consultar saldo cuenta de ahorros,1,X01,not_acquisition_default,not_acquisition_default,False,"Text core is not an independent audience; use manual intent verdict, no MAX/sum universe",KW-3f4a8fdc823a
bancolombia cuenta de ahorros,2,X01,not_acquisition_default,not_acquisition_default,False,"Text core is not an independent audience; use manual intent verdict, no MAX/sum universe",KW-d8610bac06df;KW-c0473edab143
bancolombia es cuenta de ahorros o corriente,1,X01,not_acquisition_default,not_acquisition_default,False,"Text core is not an independent audience; use manual intent verdict, no MAX/sum universe",KW-464aa4b068f9
bancos con cuentas digitales,2,C02,conditional_not_default,conditional_not_default,False,"Text core is not an independent audience; use manual intent verdict, no MAX/sum universe",KW-3815f60397c5;KW-bff890839785
bancos mas seguros del peru,1,X04,excluded_or_manual_review,excluded_or_manual_review,False,"Text core is not an independent audience; use manual intent verdict, no MAX/sum universe",KW-f82cc448ed3a
bancos para abrir cuenta de ahorros,1,A07,market_proxy_sensitivity,market_proxy_sensitivity,False,"Text core is not an independent audience; use manual intent verdict, no MAX/sum universe",KW-515e58d0a689
bancos que pagan mas intereses a plazo fijo,2,X04,excluded_or_manual_review,excluded_or_manual_review,False,"Text core is not an independent audience; use manual intent verdict, no MAX/sum universe",KW-facd483e4d8f;KW-fc69e6138157
bancos seguros en peru,1,E05,assisted_only,assisted_only,False,"Text core is not an independent audience; use manual intent verdict, no MAX/sum universe",KW-8df526eed2b7
bancos seguros peru,1,E05,assisted_only,assisted_only,False,"Text core is not an independent audience; use manual intent verdict, no MAX/sum universe",KW-794cbbab63a9
banesco cuenta en dolares,2,X01,not_acquisition_default,not_acquisition_default,False,"Text core is not an independent audience; use manual intent verdict, no MAX/sum universe",KW-41f33109a67f;KW-18531b09a8e1
banesco venezuela cuenta en dólares,1,X01,not_acquisition_default,not_acquisition_default,False,"Text core is not an independent audience; use manual intent verdict, no MAX/sum universe",KW-ebd2c14504e3
bank of china perú cuenta de ahorros,1,X01,not_acquisition_default,not_acquisition_default,False,"Text core is not an independent audience; use manual intent verdict, no MAX/sum universe",KW-8a4a946616d0
bankia cuenta digital,1,X01,not_acquisition_default,not_acquisition_default,False,"Text core is not an independent audience; use manual intent verdict, no MAX/sum universe",KW-f1a47346ef99
banorte cuenta en dólares,1,X01,not_acquisition_default,not_acquisition_default,False,"Text core is not an independent audience; use manual intent verdict, no MAX/sum universe",KW-dc8064682efc
bbva apertura de cuenta empresa,2,X01,not_acquisition_default,not_acquisition_default,False,"Text core is not an independent audience; use manual intent verdict, no MAX/sum universe",KW-80dbbefebdb5;KW-d0de9a3f7189
bbva banca por internet,1,X01,not_acquisition_default,not_acquisition_default,False,"Text core is not an independent audience; use manual intent verdict, no MAX/sum universe",KW-c36d33e71929
bbva cancelar cuenta de ahorros,1,C05,competitor_consideration_requires_serp,competitor_consideration_requires_serp,False,"Text core is not an independent audience; use manual intent verdict, no MAX/sum universe",KW-90dda5c3b1c8
bbva colombia cuenta de ahorros,1,X01,not_acquisition_default,not_acquisition_default,False,"Text core is not an independent audience; use manual intent verdict, no MAX/sum universe",KW-9879e4b6f9e0
bbva consulta de saldo cuenta de ahorro,1,C05,competitor_consideration_requires_serp,competitor_consideration_requires_serp,False,"Text core is not an independent audience; use manual intent verdict, no MAX/sum universe",KW-c353b2d63fae
bbva continental cuenta de ahorros,2,C05,competitor_consideration_requires_serp,competitor_consideration_requires_serp,False,"Text core is not an independent audience; use manual intent verdict, no MAX/sum universe",KW-b52dd56d97d8;KW-26a14187f864
bbva continental cuenta en dolares,1,X01,not_acquisition_default,not_acquisition_default,False,"Text core is not an independent audience; use manual intent verdict, no MAX/sum universe",KW-4d5ba8df141e
bbva crear cuenta de ahorros,2,C05,competitor_consideration_requires_serp,competitor_consideration_requires_serp,False,"Text core is not an independent audience; use manual intent verdict, no MAX/sum universe",KW-324d9a17ba75;KW-ec3546e7c46c
bbva cuenta de ahorros cero mantenimiento,1,C05,competitor_consideration_requires_serp,competitor_consideration_requires_serp,False,"Text core is not an independent audience; use manual intent verdict, no MAX/sum universe",KW-69b33c32bba6
bbva cuenta de ahorros intereses,3,C05,competitor_consideration_requires_serp,competitor_consideration_requires_serp,False,"Text core is not an independent audience; use manual intent verdict, no MAX/sum universe",KW-d27201d2cadf;KW-add9c2130a2a;KW-f4ddd65ef2fb
bbva cuenta digital comisiones,3,C02;X01,mixed_requires_split,conditional_not_default;not_acquisition_default,False,"Text core is not an independent audience; use manual intent verdict, no MAX/sum universe",KW-aa64663a7b3f;KW-c1ddd02f2a94;KW-697fb36f3dac
bbva cuenta digital iniciar sesión,1,X01,not_acquisition_default,not_acquisition_default,False,"Text core is not an independent audience; use manual intent verdict, no MAX/sum universe",KW-14941a974721
bbva cuenta digital soles,1,X01,not_acquisition_default,not_acquisition_default,False,"Text core is not an independent audience; use manual intent verdict, no MAX/sum universe",KW-439eb97d8186
bbva cuenta empresa,1,X01,not_acquisition_default,not_acquisition_default,False,"Text core is not an independent audience; use manual intent verdict, no MAX/sum universe",KW-184d6e286426
bbva cuenta en dolares requisitos,1,X01,not_acquisition_default,not_acquisition_default,False,"Text core is not an independent audience; use manual intent verdict, no MAX/sum universe",KW-c84bc95a1802
bbva simulador plazo fijo,1,X01,not_acquisition_default,not_acquisition_default,False,"Text core is not an independent audience; use manual intent verdict, no MAX/sum universe",KW-cb5481f3e6ea
bcp ahorro casa,1,X01,not_acquisition_default,not_acquisition_default,False,"Text core is not an independent audience; use manual intent verdict, no MAX/sum universe",KW-8f5aceae5a48
bcp ahorros,1,X01,not_acquisition_default,not_acquisition_default,False,"Text core is not an independent audience; use manual intent verdict, no MAX/sum universe",KW-6890de088157
bcp banca por internet,1,X01,not_acquisition_default,not_acquisition_default,False,"Text core is not an independent audience; use manual intent verdict, no MAX/sum universe",KW-4442913c4572
bcp como saber mi numero de cuenta de ahorros,1,C05,competitor_consideration_requires_serp,competitor_consideration_requires_serp,False,"Text core is not an independent audience; use manual intent verdict, no MAX/sum universe",KW-f7e6fa6384da
bcp consultas,1,X01,not_acquisition_default,not_acquisition_default,False,"Text core is not an independent audience; use manual intent verdict, no MAX/sum universe",KW-357b733f3c27
bcp cuenta corriente o ahorro,1,C05,competitor_consideration_requires_serp,competitor_consideration_requires_serp,False,"Text core is not an independent audience; use manual intent verdict, no MAX/sum universe",KW-708bb48e451d
bcp cuenta de ahorros,7,C05,competitor_consideration_requires_serp,competitor_consideration_requires_serp,False,"Text core is not an independent audience; use manual intent verdict, no MAX/sum universe",KW-3687df7ba8f4;KW-d83718b17ef7;KW-a50111d74801;KW-6708c9dee61e;KW-66ee750c6c2f;KW-1d1764cc9d96;KW-35a5598af6da
bcp cuenta de ahorros a plazo fijo,3,X01,not_acquisition_default,not_acquisition_default,False,"Text core is not an independent audience; use manual intent verdict, no MAX/sum universe",KW-24ec0b77c299;KW-bc0d759169d5;KW-8f058a617db6
bcp cuenta de ahorros cero mantenimiento,2,C05,competitor_consideration_requires_serp,competitor_consideration_requires_serp,False,"Text core is not an independent audience; use manual intent verdict, no MAX/sum universe",KW-c16ca8843621;KW-33c6fc499b70
bcp cuenta de ahorros en linea,1,C05,competitor_consideration_requires_serp,competitor_consideration_requires_serp,False,"Text core is not an independent audience; use manual intent verdict, no MAX/sum universe",KW-48dd222d2a0d
bcp cuenta de ahorros ingresar,1,C05,competitor_consideration_requires_serp,competitor_consideration_requires_serp,False,"Text core is not an independent audience; use manual intent verdict, no MAX/sum universe",KW-01d4880cfc9b
bcp cuenta de ahorros intereses,1,C05,competitor_consideration_requires_serp,competitor_consideration_requires_serp,False,"Text core is not an independent audience; use manual intent verdict, no MAX/sum universe",KW-7a6d806b0160
bcp cuenta de ahorros para extranjeros,1,X01,not_acquisition_default,not_acquisition_default,False,"Text core is not an independent audience; use manual intent verdict, no MAX/sum universe",KW-9fffaff04daa
bcp cuenta digital iniciar sesion,2,X01,not_acquisition_default,not_acquisition_default,False,"Text core is not an independent audience; use manual intent verdict, no MAX/sum universe",KW-b1e4d735f684;KW-d50aab5ee953
bcp cuenta digital soles,2,X01,not_acquisition_default,not_acquisition_default,False,"Text core is not an independent audience; use manual intent verdict, no MAX/sum universe",KW-5502d004760d;KW-65f0cb0bdbda
bcp cuenta en dolares requisitos,2,X01,not_acquisition_default,not_acquisition_default,False,"Text core is not an independent audience; use manual intent verdict, no MAX/sum universe",KW-31bc7fcbed1b;KW-3868ceb6a807
bcp cuy,1,X01,not_acquisition_default,not_acquisition_default,False,"Text core is not an independent audience; use manual intent verdict, no MAX/sum universe",KW-4f166a5f1562
bcp digital,1,X01,not_acquisition_default,not_acquisition_default,False,"Text core is not an independent audience; use manual intent verdict, no MAX/sum universe",KW-1c9ab3edb2da
bcp direccion,2,X01,not_acquisition_default,not_acquisition_default,False,"Text core is not an independent audience; use manual intent verdict, no MAX/sum universe",KW-30d0fa565f25;KW-db2a0c556490
bcp interbancario,1,X01,not_acquisition_default,not_acquisition_default,False,"Text core is not an independent audience; use manual intent verdict, no MAX/sum universe",KW-63d3ddeb748d
bcp plataforma digital,1,X01,not_acquisition_default,not_acquisition_default,False,"Text core is not an independent audience; use manual intent verdict, no MAX/sum universe",KW-4ba67795befc
bcp promociones,1,X01,not_acquisition_default,not_acquisition_default,False,"Text core is not an independent audience; use manual intent verdict, no MAX/sum universe",KW-c7908bdd5cae
bcp quiero saber mi numero de cuenta,1,X01,not_acquisition_default,not_acquisition_default,False,"Text core is not an independent audience; use manual intent verdict, no MAX/sum universe",KW-4a9280a4329a
bcp retiro afp,1,X01,not_acquisition_default,not_acquisition_default,False,"Text core is not an independent audience; use manual intent verdict, no MAX/sum universe",KW-01eedc1fab69
bcp sorteo,1,X01,not_acquisition_default,not_acquisition_default,False,"Text core is not an independent audience; use manual intent verdict, no MAX/sum universe",KW-ba2170888f10
bcp sorteos,1,X01,not_acquisition_default,not_acquisition_default,False,"Text core is not an independent audience; use manual intent verdict, no MAX/sum universe",KW-ad133801c428
bcp transferencia al exterior teléfono,1,X01,not_acquisition_default,not_acquisition_default,False,"Text core is not an independent audience; use manual intent verdict, no MAX/sum universe",KW-535547241b0d
bcp transferencia inmediata,1,X01,not_acquisition_default,not_acquisition_default,False,"Text core is not an independent audience; use manual intent verdict, no MAX/sum universe",KW-ede464821aab
bcp transferencia internacional,2,X01,not_acquisition_default,not_acquisition_default,False,"Text core is not an independent audience; use manual intent verdict, no MAX/sum universe",KW-427cb2b2b9b4;KW-536c62ef2989
bcp virtual cuenta de ahorros,3,C05,competitor_consideration_requires_serp,competitor_consideration_requires_serp,False,"Text core is not an independent audience; use manual intent verdict, no MAX/sum universe",KW-a9e02a492015;KW-d0a6b0e2a38b;KW-ed7989b553f4
bcplpepl,1,X01,not_acquisition_default,not_acquisition_default,False,"Text core is not an independent audience; use manual intent verdict, no MAX/sum universe",KW-5955cf697a48
beisbol como se juega,1,X04,excluded_or_manual_review,excluded_or_manual_review,False,"Text core is not an independent audience; use manual intent verdict, no MAX/sum universe",KW-74b80173c121
beneficios bcp cuenta sueldo,1,X01,not_acquisition_default,not_acquisition_default,False,"Text core is not an independent audience; use manual intent verdict, no MAX/sum universe",KW-3268927bc448
beneficios cuenta sueldo,1,X04,excluded_or_manual_review,excluded_or_manual_review,False,"Text core is not an independent audience; use manual intent verdict, no MAX/sum universe",KW-ecacc42117e0
beneficios de tener una cuenta de ahorros en davivienda,1,X01,not_acquisition_default,not_acquisition_default,False,"Text core is not an independent audience; use manual intent verdict, no MAX/sum universe",KW-ac1944db6af4
betfair transferencia bancaria,1,E07,assisted_or_service_only,assisted_or_service_only,False,"Text core is not an independent audience; use manual intent verdict, no MAX/sum universe",KW-5ea7fa2f7680
betsson transferencia bancaria,1,E07,assisted_or_service_only,assisted_or_service_only,False,"Text core is not an independent audience; use manual intent verdict, no MAX/sum universe",KW-a8f7f799c192
betway retirada transferencia bancaria,1,E07,assisted_or_service_only,assisted_or_service_only,False,"Text core is not an independent audience; use manual intent verdict, no MAX/sum universe",KW-632592a4ac13
biblioteca digital mundial cuenta con el apoyo de naciones unidas,1,C02,conditional_not_default,conditional_not_default,False,"Text core is not an independent audience; use manual intent verdict, no MAX/sum universe",KW-b044755b7f07
billetera digital cuenta dni,1,C02,conditional_not_default,conditional_not_default,False,"Text core is not an independent audience; use manual intent verdict, no MAX/sum universe",KW-f21e6b1aee55
binppepl,1,X04,excluded_or_manual_review,excluded_or_manual_review,False,"Text core is not an independent audience; use manual intent verdict, no MAX/sum universe",KW-e9900fc2fa86
bloqueo cuenta de ahorros,1,X04,excluded_or_manual_review,excluded_or_manual_review,False,"Text core is not an independent audience; use manual intent verdict, no MAX/sum universe",KW-5311ac79d854
bloques,1,X04,excluded_or_manual_review,excluded_or_manual_review,False,"Text core is not an independent audience; use manual intent verdict, no MAX/sum universe",KW-01ba3733a029
bm0085 bcp,1,X01,not_acquisition_default,not_acquisition_default,False,"Text core is not an independent audience; use manual intent verdict, no MAX/sum universe",KW-22236213c924
bn detracciones,1,X03,excluded,excluded,False,"Text core is not an independent audience; use manual intent verdict, no MAX/sum universe",KW-bf88accaae2e
boeing f/a 18e super hornet,1,X01,not_acquisition_default,not_acquisition_default,False,"Text core is not an independent audience; use manual intent verdict, no MAX/sum universe",KW-49aa4c31c519
borrar cuenta de ahorros bcp,1,C05,competitor_consideration_requires_serp,competitor_consideration_requires_serp,False,"Text core is not an independent audience; use manual intent verdict, no MAX/sum universe",KW-dbea5f3b7ee5
cable numero 12 indeco,1,X04,excluded_or_manual_review,excluded_or_manual_review,False,"Text core is not an independent audience; use manual intent verdict, no MAX/sum universe",KW-3a28bd7ce424
caja arequipa cuenta bancaria digital,1,X01,not_acquisition_default,not_acquisition_default,False,"Text core is not an independent audience; use manual intent verdict, no MAX/sum universe",KW-a121201ced83
caja arequipa cuenta de ahorros a plazo fijo,1,X01,not_acquisition_default,not_acquisition_default,False,"Text core is not an independent audience; use manual intent verdict, no MAX/sum universe",KW-6c4605dcb730
caja arequipa cuenta de ahorros intereses,1,C05,competitor_consideration_requires_serp,competitor_consideration_requires_serp,False,"Text core is not an independent audience; use manual intent verdict, no MAX/sum universe",KW-5b2f04cceab7
caja arequipa cuenta de ahorros trea,1,C05,competitor_consideration_requires_serp,competitor_consideration_requires_serp,False,"Text core is not an independent audience; use manual intent verdict, no MAX/sum universe",KW-ec71dc197d5f
caja arequipa cuenta digital dolares,1,X01,not_acquisition_default,not_acquisition_default,False,"Text core is not an independent audience; use manual intent verdict, no MAX/sum universe",KW-deb23cad0642
caja cusco cuenta de ahorros online,1,C05,competitor_consideration_requires_serp,competitor_consideration_requires_serp,False,"Text core is not an independent audience; use manual intent verdict, no MAX/sum universe",KW-74d469e56e4b
caja cusco cuenta de ahorros tasa,1,C05,competitor_consideration_requires_serp,competitor_consideration_requires_serp,False,"Text core is not an independent audience; use manual intent verdict, no MAX/sum universe",KW-453ad16996a6
caja cusco cuenta de ahorros trea,1,C05,competitor_consideration_requires_serp,competitor_consideration_requires_serp,False,"Text core is not an independent audience; use manual intent verdict, no MAX/sum universe",KW-8f95305f3916
caja de ahorro o cuenta corriente,1,C05,competitor_consideration_requires_serp,competitor_consideration_requires_serp,False,"Text core is not an independent audience; use manual intent verdict, no MAX/sum universe",KW-3f15477aef26
caja huancayo apertura de cuenta digital,1,X01,not_acquisition_default,not_acquisition_default,False,"Text core is not an independent audience; use manual intent verdict, no MAX/sum universe",KW-5e3f01dc1d6a
caja huancayo cuenta de ahorros,3,C05,competitor_consideration_requires_serp,competitor_consideration_requires_serp,False,"Text core is not an independent audience; use manual intent verdict, no MAX/sum universe",KW-3e51c45b3311;KW-85c28346e412;KW-bf8fac70d2fa
caja huancayo cuenta de ahorros 2025,1,C05,competitor_consideration_requires_serp,competitor_consideration_requires_serp,False,"Text core is not an independent audience; use manual intent verdict, no MAX/sum universe",KW-663b75019df9
caja huancayo cuenta de ahorros online,1,C05,competitor_consideration_requires_serp,competitor_consideration_requires_serp,False,"Text core is not an independent audience; use manual intent verdict, no MAX/sum universe",KW-9f3fcf5c0022
caja huancayo cuenta de ahorros plazo fijo,1,X01,not_acquisition_default,not_acquisition_default,False,"Text core is not an independent audience; use manual intent verdict, no MAX/sum universe",KW-7e2287943927
caja huancayo cuenta de ahorros tasa,1,C05,competitor_consideration_requires_serp,competitor_consideration_requires_serp,False,"Text core is not an independent audience; use manual intent verdict, no MAX/sum universe",KW-c7fb75d37b6c
caja huancayo cuenta de ahorros trea,1,C05,competitor_consideration_requires_serp,competitor_consideration_requires_serp,False,"Text core is not an independent audience; use manual intent verdict, no MAX/sum universe",KW-5710e2ddfc9c
caja huancayo cuenta de ahorros virtual,1,C05,competitor_consideration_requires_serp,competitor_consideration_requires_serp,False,"Text core is not an independent audience; use manual intent verdict, no MAX/sum universe",KW-9231c5127753
caja municipal de ica cuenta de ahorros,1,C05,competitor_consideration_requires_serp,competitor_consideration_requires_serp,False,"Text core is not an independent audience; use manual intent verdict, no MAX/sum universe",KW-3eed214528a5
caja municipal de tacna cuenta de ahorros,1,C05,competitor_consideration_requires_serp,competitor_consideration_requires_serp,False,"Text core is not an independent audience; use manual intent verdict, no MAX/sum universe",KW-cf05d79062c7
caja sullana cuenta de ahorros,3,C05,competitor_consideration_requires_serp,competitor_consideration_requires_serp,False,"Text core is not an independent audience; use manual intent verdict, no MAX/sum universe",KW-b2d5befe00da;KW-46054a5d62b1;KW-ea9355a9cc19
caja trujillo cuenta de ahorros,2,C05,competitor_consideration_requires_serp,competitor_consideration_requires_serp,False,"Text core is not an independent audience; use manual intent verdict, no MAX/sum universe",KW-12fda59cad7d;KW-07696a3bed46
caja trujillo cuenta de ahorros online,1,C05,competitor_consideration_requires_serp,competitor_consideration_requires_serp,False,"Text core is not an independent audience; use manual intent verdict, no MAX/sum universe",KW-a6ed93400b67
caja trujillo cuenta de ahorros plazo fijo,1,X01,not_acquisition_default,not_acquisition_default,False,"Text core is not an independent audience; use manual intent verdict, no MAX/sum universe",KW-568df966cd56
cajas de ahorro,1,X01,not_acquisition_default,not_acquisition_default,False,"Text core is not an independent audience; use manual intent verdict, no MAX/sum universe",KW-a76e5dbb93cb
cajero deposito bcp,1,X01,not_acquisition_default,not_acquisition_default,False,"Text core is not an independent audience; use manual intent verdict, no MAX/sum universe",KW-fcc366c49b9e
calculadora de intereses cuenta de ahorro,1,E03,assisted_only,assisted_only,False,"Text core is not an independent audience; use manual intent verdict, no MAX/sum universe",KW-9c49e92fef97
calculadora intereses ahorro,1,E03,assisted_only,assisted_only,False,"Text core is not an independent audience; use manual intent verdict, no MAX/sum universe",KW-866a31829cc7
calculadora plazo fijo,1,X04,excluded_or_manual_review,excluded_or_manual_review,False,"Text core is not an independent audience; use manual intent verdict, no MAX/sum universe",KW-13dec7832409
calcular grati,1,X04,excluded_or_manual_review,excluded_or_manual_review,False,"Text core is not an independent audience; use manual intent verdict, no MAX/sum universe",KW-ed41920e4431
calcular gratificación,5,X03,excluded,excluded,False,"Text core is not an independent audience; use manual intent verdict, no MAX/sum universe",KW-805141345bfd;KW-ecb506f9eefb;KW-58db013845ef;KW-029c1198222c;KW-0533badd8693
calcular itf,1,X04,excluded_or_manual_review,excluded_or_manual_review,False,"Text core is not an independent audience; use manual intent verdict, no MAX/sum universe",KW-1e9ed6951900
calculo de cts 2025,2,X03,excluded,excluded,False,"Text core is not an independent audience; use manual intent verdict, no MAX/sum universe",KW-b45d1a62aa6c;KW-f52f5d0a1e75
calculo gratificacion,4,X03,excluded,excluded,False,"Text core is not an independent audience; use manual intent verdict, no MAX/sum universe",KW-1314355ea54a;KW-fa5891c2def0;KW-d99d7155b9ce;KW-7883bddd5736
cambiar correo de yape,1,X04,excluded_or_manual_review,excluded_or_manual_review,False,"Text core is not an independent audience; use manual intent verdict, no MAX/sum universe",KW-d5192d65dfe7
cambiar cuenta de ahorro bcp,2,C05,competitor_consideration_requires_serp,competitor_consideration_requires_serp,False,"Text core is not an independent audience; use manual intent verdict, no MAX/sum universe",KW-0fa94d56acc7;KW-5f0513463216
cambiar cuenta sueldo a cuenta digital bcp,2,X01,not_acquisition_default,not_acquisition_default,False,"Text core is not an independent audience; use manual intent verdict, no MAX/sum universe",KW-46b597d0971a;KW-ddbf33a2dfdf
cambiar de cuenta ilimitada a cuenta digital bcp,2,X01,not_acquisition_default,not_acquisition_default,False,"Text core is not an independent audience; use manual intent verdict, no MAX/sum universe",KW-25250aa5a769;KW-7f54c69c1340
cambiar de dolar a peso chileno,1,X03,excluded,excluded,False,"Text core is not an independent audience; use manual intent verdict, no MAX/sum universe",KW-d365099affb1
cambiar límite de transferencia bcp,1,X01,not_acquisition_default,not_acquisition_default,False,"Text core is not an independent audience; use manual intent verdict, no MAX/sum universe",KW-0e8340bfa5d9
campaña cuenta wow digital,1,C02,conditional_not_default,conditional_not_default,False,"Text core is not an independent audience; use manual intent verdict, no MAX/sum universe",KW-1a546d0cfae1
cancelar cuenta bbva digital,1,X01,not_acquisition_default,not_acquisition_default,False,"Text core is not an independent audience; use manual intent verdict, no MAX/sum universe",KW-4c63eb68b3a1
cancelar cuenta de ahorros banco de bogotá,1,X03,excluded,excluded,False,"Text core is not an independent audience; use manual intent verdict, no MAX/sum universe",KW-53253f4f5086
cancelar cuenta de ahorros bcp,1,C05,competitor_consideration_requires_serp,competitor_consideration_requires_serp,False,"Text core is not an independent audience; use manual intent verdict, no MAX/sum universe",KW-42143c06aa44
cancelar cuenta de ahorros colpatria,1,X01,not_acquisition_default,not_acquisition_default,False,"Text core is not an independent audience; use manual intent verdict, no MAX/sum universe",KW-3f2e18bebfdc
cancelar cuenta de ahorros davivienda,1,X01,not_acquisition_default,not_acquisition_default,False,"Text core is not an independent audience; use manual intent verdict, no MAX/sum universe",KW-1378c33a3894
cancelar cuenta de ahorros falabella,1,C05,competitor_consideration_requires_serp,competitor_consideration_requires_serp,False,"Text core is not an independent audience; use manual intent verdict, no MAX/sum universe",KW-796f0b3695f9
cancelar cuenta de ahorros interbank,1,C05,competitor_consideration_requires_serp,competitor_consideration_requires_serp,False,"Text core is not an independent audience; use manual intent verdict, no MAX/sum universe",KW-64c35c6fe727
cancelar cuenta de ahorros scotiabank,1,C05,competitor_consideration_requires_serp,competitor_consideration_requires_serp,False,"Text core is not an independent audience; use manual intent verdict, no MAX/sum universe",KW-4570fdbf22c0
cancelar cuenta independencia bbva,1,X01,not_acquisition_default,not_acquisition_default,False,"Text core is not an independent audience; use manual intent verdict, no MAX/sum universe",KW-9d44e2914cac
cancelar transferencia bancaria paypal,1,X03,excluded,excluded,False,"Text core is not an independent audience; use manual intent verdict, no MAX/sum universe",KW-8650d197f628
cancelar transferencia bancaria santander,1,X01,not_acquisition_default,not_acquisition_default,False,"Text core is not an independent audience; use manual intent verdict, no MAX/sum universe",KW-5fbc65fe47b2
cancelar una transferencia bancaria,1,E07,assisted_or_service_only,assisted_or_service_only,False,"Text core is not an independent audience; use manual intent verdict, no MAX/sum universe",KW-faa2b6f1a6dc
captura transferencia bancaria exitosa,1,E07,assisted_or_service_only,assisted_or_service_only,False,"Text core is not an independent audience; use manual intent verdict, no MAX/sum universe",KW-08c777dfbb04
características del fondo de seguro de depósitos,1,E04,assisted_only,assisted_only,False,"Text core is not an independent audience; use manual intent verdict, no MAX/sum universe",KW-662d9585fa71
cargo por servicio,1,X04,excluded_or_manual_review,excluded_or_manual_review,False,"Text core is not an independent audience; use manual intent verdict, no MAX/sum universe",KW-eedf50bc0c7f
carta apertura de cuenta de ahorros,1,X03,excluded,excluded,False,"Text core is not an independent audience; use manual intent verdict, no MAX/sum universe",KW-83d28be0362d
carta de autorizacion para transferencia bancaria,1,E07,assisted_or_service_only,assisted_or_service_only,False,"Text core is not an independent audience; use manual intent verdict, no MAX/sum universe",KW-5706b8db3ebd
carta de cancelacion de cuenta de ahorros,1,X04,excluded_or_manual_review,excluded_or_manual_review,False,"Text core is not an independent audience; use manual intent verdict, no MAX/sum universe",KW-1ee7cdb5d95b
carta orden bcp,1,X01,not_acquisition_default,not_acquisition_default,False,"Text core is not an independent audience; use manual intent verdict, no MAX/sum universe",KW-004d6871e92c
carta orden transferencia al exterior bcp,1,X01,not_acquisition_default,not_acquisition_default,False,"Text core is not an independent audience; use manual intent verdict, no MAX/sum universe",KW-fc0a1123f6b7
carta para transferencia bancaria,1,E07,assisted_or_service_only,assisted_or_service_only,False,"Text core is not an independent audience; use manual intent verdict, no MAX/sum universe",KW-b9fe5114b7f3
cartilla informativa de una cuenta de ahorros bcp,1,C05,competitor_consideration_requires_serp,competitor_consideration_requires_serp,False,"Text core is not an independent audience; use manual intent verdict, no MAX/sum universe",KW-ee413da3fd89
casino online transferencia bancaria,1,X03,excluded,excluded,False,"Text core is not an independent audience; use manual intent verdict, no MAX/sum universe",KW-762c1735d4bb
cci,1,E06,assisted_or_service_only,assisted_or_service_only,False,"Text core is not an independent audience; use manual intent verdict, no MAX/sum universe",KW-84584567b595
cci banco de la nacion,1,X01,not_acquisition_default,not_acquisition_default,False,"Text core is not an independent audience; use manual intent verdict, no MAX/sum universe",KW-6d11e267cc39
cci bbva,2,X01,not_acquisition_default,not_acquisition_default,False,"Text core is not an independent audience; use manual intent verdict, no MAX/sum universe",KW-c87457046dc2;KW-7c50c7cdfd47
cci bcp,1,X01,not_acquisition_default,not_acquisition_default,False,"Text core is not an independent audience; use manual intent verdict, no MAX/sum universe",KW-3cad4d9f984e
cci bn,1,E06,assisted_or_service_only,assisted_or_service_only,False,"Text core is not an independent audience; use manual intent verdict, no MAX/sum universe",KW-d72f47ee92ec
cci ibk,1,X01,not_acquisition_default,not_acquisition_default,False,"Text core is not an independent audience; use manual intent verdict, no MAX/sum universe",KW-895d180e499d
cci interbank,1,X01,not_acquisition_default,not_acquisition_default,False,"Text core is not an independent audience; use manual intent verdict, no MAX/sum universe",KW-39ee737b609f
cci nacion,1,E06,assisted_or_service_only,assisted_or_service_only,False,"Text core is not an independent audience; use manual intent verdict, no MAX/sum universe",KW-f5837f825353
cci que significa,1,E06,assisted_or_service_only,assisted_or_service_only,False,"Text core is not an independent audience; use manual intent verdict, no MAX/sum universe",KW-f8eff835e727
cci scotiabank,1,X01,not_acquisition_default,not_acquisition_default,False,"Text core is not an independent audience; use manual intent verdict, no MAX/sum universe",KW-258b03df52ad
cci transferencia bancaria,1,E07,assisted_or_service_only,assisted_or_service_only,False,"Text core is not an independent audience; use manual intent verdict, no MAX/sum universe",KW-6da381b917ca
cdt sin cuenta de ahorros,1,X04,excluded_or_manual_review,excluded_or_manual_review,False,"Text core is not an independent audience; use manual intent verdict, no MAX/sum universe",KW-7abc95ef16bf
cdt vs cuenta de ahorros,1,X04,excluded_or_manual_review,excluded_or_manual_review,False,"Text core is not an independent audience; use manual intent verdict, no MAX/sum universe",KW-e632a1c51f19
cencosud plazo fijo,1,X04,excluded_or_manual_review,excluded_or_manual_review,False,"Text core is not an independent audience; use manual intent verdict, no MAX/sum universe",KW-aaf85c82bede
centro.de ayuda yape,2,X01,not_acquisition_default,not_acquisition_default,False,"Text core is not an independent audience; use manual intent verdict, no MAX/sum universe",KW-4504fc21aafc;KW-6f275ccb7556
cerrar cuenta de ahorros bcp,1,C05,competitor_consideration_requires_serp,competitor_consideration_requires_serp,False,"Text core is not an independent audience; use manual intent verdict, no MAX/sum universe",KW-06b41739c2cd
certificado bancario,1,X04,excluded_or_manual_review,excluded_or_manual_review,False,"Text core is not an independent audience; use manual intent verdict, no MAX/sum universe",KW-768518772711
certificado bancario bcp,1,X01,not_acquisition_default,not_acquisition_default,False,"Text core is not an independent audience; use manual intent verdict, no MAX/sum universe",KW-d026da4ff62c
certificado bancario interbank,1,X01,not_acquisition_default,not_acquisition_default,False,"Text core is not an independent audience; use manual intent verdict, no MAX/sum universe",KW-f14062785c23
certificado bbva cuenta de ahorros,1,C05,competitor_consideration_requires_serp,competitor_consideration_requires_serp,False,"Text core is not an independent audience; use manual intent verdict, no MAX/sum universe",KW-c053cbac4321
certificado de cuenta de ahorros banco agrario,1,X01,not_acquisition_default,not_acquisition_default,False,"Text core is not an independent audience; use manual intent verdict, no MAX/sum universe",KW-4cdb0413d8be
certificado de deposito,1,X04,excluded_or_manual_review,excluded_or_manual_review,False,"Text core is not an independent audience; use manual intent verdict, no MAX/sum universe",KW-ae0a9fcbf344
checking account es cuenta corriente o de ahorros,1,X01,not_acquisition_default,not_acquisition_default,False,"Text core is not an independent audience; use manual intent verdict, no MAX/sum universe",KW-56aace07f1b1
checking account es cuenta de ahorros,1,X01,not_acquisition_default,not_acquisition_default,False,"Text core is not an independent audience; use manual intent verdict, no MAX/sum universe",KW-d7a0489edf36
cheque,1,X04,excluded_or_manual_review,excluded_or_manual_review,False,"Text core is not an independent audience; use manual intent verdict, no MAX/sum universe",KW-a95c246627f0
cheque al portador,1,X04,excluded_or_manual_review,excluded_or_manual_review,False,"Text core is not an independent audience; use manual intent verdict, no MAX/sum universe",KW-e40e5ed32775
cheque bcp,2,X01,not_acquisition_default,not_acquisition_default,False,"Text core is not an independent audience; use manual intent verdict, no MAX/sum universe",KW-ca833df64600;KW-71f1131402a4
cheque certificado,1,X04,excluded_or_manual_review,excluded_or_manual_review,False,"Text core is not an independent audience; use manual intent verdict, no MAX/sum universe",KW-dcf9e57f6e61
cheque de gerencia,1,X04,excluded_or_manual_review,excluded_or_manual_review,False,"Text core is not an independent audience; use manual intent verdict, no MAX/sum universe",KW-4c6b06f5c1ec
cheque de gerencia bcp,2,X01,not_acquisition_default,not_acquisition_default,False,"Text core is not an independent audience; use manual intent verdict, no MAX/sum universe",KW-6a3bb00cf3a3;KW-f2e490374095
cheque de gerencia no negociable,1,X04,excluded_or_manual_review,excluded_or_manual_review,False,"Text core is not an independent audience; use manual intent verdict, no MAX/sum universe",KW-88906a81e658
cheque diferido,1,X04,excluded_or_manual_review,excluded_or_manual_review,False,"Text core is not an independent audience; use manual intent verdict, no MAX/sum universe",KW-f31bd40bda36
cheque portador,1,X04,excluded_or_manual_review,excluded_or_manual_review,False,"Text core is not an independent audience; use manual intent verdict, no MAX/sum universe",KW-bc7d7d19183f
chequera,1,X04,excluded_or_manual_review,excluded_or_manual_review,False,"Text core is not an independent audience; use manual intent verdict, no MAX/sum universe",KW-a7d1635cdee2
circo de la chola chabuca,1,X04,excluded_or_manual_review,excluded_or_manual_review,False,"Text core is not an independent audience; use manual intent verdict, no MAX/sum universe",KW-83eb7880d4f7
circo del cuy magico entradas,1,X04,excluded_or_manual_review,excluded_or_manual_review,False,"Text core is not an independent audience; use manual intent verdict, no MAX/sum universe",KW-dd417010272a
circo del cuy mágico,1,X04,excluded_or_manual_review,excluded_or_manual_review,False,"Text core is not an independent audience; use manual intent verdict, no MAX/sum universe",KW-2ad9b632e61e
citibank abrir cuenta de ahorros,1,X01,not_acquisition_default,not_acquisition_default,False,"Text core is not an independent audience; use manual intent verdict, no MAX/sum universe",KW-3888edf6d688
citibank peru cuenta de ahorros,2,X01,not_acquisition_default,not_acquisition_default,False,"Text core is not an independent audience; use manual intent verdict, no MAX/sum universe",KW-ff4f2ec20ad3;KW-7329e412526a
ciudadano digital crear cuenta,1,C02,conditional_not_default,conditional_not_default,False,"Text core is not an independent audience; use manual intent verdict, no MAX/sum universe",KW-b3ed3f9338d4
club ahorro,1,X04,excluded_or_manual_review,excluded_or_manual_review,False,"Text core is not an independent audience; use manual intent verdict, no MAX/sum universe",KW-f77c6ffbf74d
cmr cuenta de ahorro,1,X01,not_acquisition_default,not_acquisition_default,False,"Text core is not an independent audience; use manual intent verdict, no MAX/sum universe",KW-67bf9edcf0c7
cobro por transferencia bancaria,2,E07,assisted_or_service_only,assisted_or_service_only,False,"Text core is not an independent audience; use manual intent verdict, no MAX/sum universe",KW-37dfdedd4ebe;KW-a8d75fd022f6
codigo de sucursal bcp,3,X01,not_acquisition_default,not_acquisition_default,False,"Text core is not an independent audience; use manual intent verdict, no MAX/sum universe",KW-378512c8a37f;KW-a39236bf53e8;KW-6da28addb020
codigo interbancario banco de la nacion,1,X01,not_acquisition_default,not_acquisition_default,False,"Text core is not an independent audience; use manual intent verdict, no MAX/sum universe",KW-144fdd608a28
codigo interbancario bbva,1,X01,not_acquisition_default,not_acquisition_default,False,"Text core is not an independent audience; use manual intent verdict, no MAX/sum universe",KW-060ba99fa7ac
codigo interbancario bcp,1,X01,not_acquisition_default,not_acquisition_default,False,"Text core is not an independent audience; use manual intent verdict, no MAX/sum universe",KW-c9c9b831b248
codigo interbancario bn,1,E06,assisted_or_service_only,assisted_or_service_only,False,"Text core is not an independent audience; use manual intent verdict, no MAX/sum universe",KW-8da0812c0fa3
codigo interbancario caja arequipa,1,X01,not_acquisition_default,not_acquisition_default,False,"Text core is not an independent audience; use manual intent verdict, no MAX/sum universe",KW-080788717a89
codigo interbancario nacion,1,E06,assisted_or_service_only,assisted_or_service_only,False,"Text core is not an independent audience; use manual intent verdict, no MAX/sum universe",KW-2d8c1c4bf4cc
codigo interbancario scotiabank,1,X01,not_acquisition_default,not_acquisition_default,False,"Text core is not an independent audience; use manual intent verdict, no MAX/sum universe",KW-05b60ea65e26
codigo swift,1,X04,excluded_or_manual_review,excluded_or_manual_review,False,"Text core is not an independent audience; use manual intent verdict, no MAX/sum universe",KW-5a0e6ce601fb
codigo swift banco de la nacion,1,X01,not_acquisition_default,not_acquisition_default,False,"Text core is not an independent audience; use manual intent verdict, no MAX/sum universe",KW-f639d479493d
codigo swift bbva,1,X01,not_acquisition_default,not_acquisition_default,False,"Text core is not an independent audience; use manual intent verdict, no MAX/sum universe",KW-31f1d44db5bf
codigo swift bbva peru,1,X01,not_acquisition_default,not_acquisition_default,False,"Text core is not an independent audience; use manual intent verdict, no MAX/sum universe",KW-41789f0a4cde
codigo swift bcp,4,X01,not_acquisition_default,not_acquisition_default,False,"Text core is not an independent audience; use manual intent verdict, no MAX/sum universe",KW-adafadb898d2;KW-b829f1f2333e;KW-a0e9e2c76170;KW-3078845a6d1c
codigo swift del bcp,1,X01,not_acquisition_default,not_acquisition_default,False,"Text core is not an independent audience; use manual intent verdict, no MAX/sum universe",KW-ceef816545c4
codigo swift interbank,1,X01,not_acquisition_default,not_acquisition_default,False,"Text core is not an independent audience; use manual intent verdict, no MAX/sum universe",KW-c5861c7a8357
codigo swift interbank peru,1,X01,not_acquisition_default,not_acquisition_default,False,"Text core is not an independent audience; use manual intent verdict, no MAX/sum universe",KW-d69ea3296381
comida fitness cerca de mi,1,X04,excluded_or_manual_review,excluded_or_manual_review,False,"Text core is not an independent audience; use manual intent verdict, no MAX/sum universe",KW-36da49c3272b
comision por transferencia bancaria santander,1,X01,not_acquisition_default,not_acquisition_default,False,"Text core is not an independent audience; use manual intent verdict, no MAX/sum universe",KW-56a4eb0e11af
comisiones bancarias transferencias,2,E07,assisted_or_service_only,assisted_or_service_only,False,"Text core is not an independent audience; use manual intent verdict, no MAX/sum universe",KW-ff6365a34878;KW-994de8005254
comisiones bancarias transferencias internacionales,1,X03,excluded,excluded,False,"Text core is not an independent audience; use manual intent verdict, no MAX/sum universe",KW-7d5faea30af5
comisiones cuenta digital scotiabank,1,X01,not_acquisition_default,not_acquisition_default,False,"Text core is not an independent audience; use manual intent verdict, no MAX/sum universe",KW-16688d6346e1
comisión por transferencia internacional bcp,1,X01,not_acquisition_default,not_acquisition_default,False,"Text core is not an independent audience; use manual intent verdict, no MAX/sum universe",KW-b2292755e0fc
como abrir cuenta de ahorro banco pichincha,3,C05,competitor_consideration_requires_serp,competitor_consideration_requires_serp,False,"Text core is not an independent audience; use manual intent verdict, no MAX/sum universe",KW-c23b175291f1;KW-ca51ff695074;KW-265d4e74a78b
como abrir cuenta de ahorro en davivienda,2,X01,not_acquisition_default,not_acquisition_default,False,"Text core is not an independent audience; use manual intent verdict, no MAX/sum universe",KW-5fdc678c9f6d;KW-3d26b1a36d62
como abrir cuenta de ahorro en scotiabank,1,C05,competitor_consideration_requires_serp,competitor_consideration_requires_serp,False,"Text core is not an independent audience; use manual intent verdict, no MAX/sum universe",KW-a7e6cc743c42
como abrir cuenta de ahorros banco de la nacion,1,X01,not_acquisition_default,not_acquisition_default,False,"Text core is not an independent audience; use manual intent verdict, no MAX/sum universe",KW-fd89229422d4
como abrir cuenta de ahorros en bancolombia desde el celular,1,X01,not_acquisition_default,not_acquisition_default,False,"Text core is not an independent audience; use manual intent verdict, no MAX/sum universe",KW-1b4128105479
como abrir cuenta de ahorros en bancolombia desde el exterior,1,X01,not_acquisition_default,not_acquisition_default,False,"Text core is not an independent audience; use manual intent verdict, no MAX/sum universe",KW-5ec6ad985136
como abrir cuenta de ahorros interbank,2,C05,competitor_consideration_requires_serp,competitor_consideration_requires_serp,False,"Text core is not an independent audience; use manual intent verdict, no MAX/sum universe",KW-c3934bc34a68;KW-0cece6446afa
como abrir cuenta digital banco de venezuela,1,X03,excluded,excluded,False,"Text core is not an independent audience; use manual intent verdict, no MAX/sum universe",KW-89cdc7e8a3c7
como abrir cuenta digital banesco,1,X01,not_acquisition_default,not_acquisition_default,False,"Text core is not an independent audience; use manual intent verdict, no MAX/sum universe",KW-53231d8d96d2
como abrir cuenta digital banreservas,1,X01,not_acquisition_default,not_acquisition_default,False,"Text core is not an independent audience; use manual intent verdict, no MAX/sum universe",KW-13a2a4dc7052
como abrir cuenta digital bbva,1,X01,not_acquisition_default,not_acquisition_default,False,"Text core is not an independent audience; use manual intent verdict, no MAX/sum universe",KW-78df5a7b7ebe
como abrir cuenta digital bcp,1,X01,not_acquisition_default,not_acquisition_default,False,"Text core is not an independent audience; use manual intent verdict, no MAX/sum universe",KW-021ec83b4a0e
como abrir cuenta digital bdv online,1,X01,not_acquisition_default,not_acquisition_default,False,"Text core is not an independent audience; use manual intent verdict, no MAX/sum universe",KW-fc3dd3e84b7c
como abrir cuenta digital mercantil,1,X01,not_acquisition_default,not_acquisition_default,False,"Text core is not an independent audience; use manual intent verdict, no MAX/sum universe",KW-bdefaeeeedf2
como abrir cuenta digital mifel,1,C02,conditional_not_default,conditional_not_default,False,"Text core is not an independent audience; use manual intent verdict, no MAX/sum universe",KW-eca107f84d9a
como abrir cuenta en dolares banco bbva,1,X01,not_acquisition_default,not_acquisition_default,False,"Text core is not an independent audience; use manual intent verdict, no MAX/sum universe",KW-5ebd75d69795
como abrir cuenta en dolares banco macro,1,X02,product_launch_required,product_launch_required,False,"Text core is not an independent audience; use manual intent verdict, no MAX/sum universe",KW-3b9e3b55a725
como abrir cuenta en dolares banco nacion,4,X01,not_acquisition_default,not_acquisition_default,False,"Text core is not an independent audience; use manual intent verdict, no MAX/sum universe",KW-ee924a2eb1a6;KW-b5fe8ed765c1;KW-827e8dbbc7d9;KW-d41dfac35f62
como abrir cuenta en dolares brou,1,X02,product_launch_required,product_launch_required,False,"Text core is not an independent audience; use manual intent verdict, no MAX/sum universe",KW-b55b5bb6979e
como abrir cuenta en dolares en colombia,2,X03,excluded,excluded,False,"Text core is not an independent audience; use manual intent verdict, no MAX/sum universe",KW-e078f6a4c031;KW-e8b6f70f38a4
como abrir cuenta en dolares en el banco de venezuela,1,X03,excluded,excluded,False,"Text core is not an independent audience; use manual intent verdict, no MAX/sum universe",KW-565c395006b3
como abrir cuenta en dolares en mercantil,3,X01,not_acquisition_default,not_acquisition_default,False,"Text core is not an independent audience; use manual intent verdict, no MAX/sum universe",KW-632fb87d6c94;KW-bf68cbe673ad;KW-df1f3345f3c8
como abrir cuenta en dolares en venezuela,2,X03,excluded,excluded,False,"Text core is not an independent audience; use manual intent verdict, no MAX/sum universe",KW-894dcb53cefe;KW-273fe394bd7f
como abrir cuenta en dolares interbank,2,X01,not_acquisition_default,not_acquisition_default,False,"Text core is not an independent audience; use manual intent verdict, no MAX/sum universe",KW-a61a1057a60c;KW-5c557eb60c31
como abrir cuenta en dolares provincial,2,X02,product_launch_required,product_launch_required,False,"Text core is not an independent audience; use manual intent verdict, no MAX/sum universe",KW-54bb731c61da;KW-a5c1ea5e8e4b
como abrir cuenta en dolares scotiabank,1,X01,not_acquisition_default,not_acquisition_default,False,"Text core is not an independent audience; use manual intent verdict, no MAX/sum universe",KW-1cdb8a2301d9
como abrir cuenta en dólares interbank desde la app,1,X01,not_acquisition_default,not_acquisition_default,False,"Text core is not an independent audience; use manual intent verdict, no MAX/sum universe",KW-b46779cddd8b
como abrir mi cuenta digital bbva en la app,1,X01,not_acquisition_default,not_acquisition_default,False,"Text core is not an independent audience; use manual intent verdict, no MAX/sum universe",KW-9304ddc498ea
como abrir mi cuenta en dolares bcp,1,X01,not_acquisition_default,not_acquisition_default,False,"Text core is not an independent audience; use manual intent verdict, no MAX/sum universe",KW-44c670d71144
como abrir una cuenta corriente en dolares,1,X02,product_launch_required,product_launch_required,False,"Text core is not an independent audience; use manual intent verdict, no MAX/sum universe",KW-b1b40bed2f02
como abrir una cuenta de ahorro,1,A07,market_proxy_sensitivity,market_proxy_sensitivity,False,"Text core is not an independent audience; use manual intent verdict, no MAX/sum universe",KW-00b796c22109
como abrir una cuenta de ahorro bbva,2,C05,competitor_consideration_requires_serp,competitor_consideration_requires_serp,False,"Text core is not an independent audience; use manual intent verdict, no MAX/sum universe",KW-03cedabc0c8a;KW-944393073ae4
como abrir una cuenta de ahorro en bancolombia,2,X01,not_acquisition_default,not_acquisition_default,False,"Text core is not an independent audience; use manual intent verdict, no MAX/sum universe",KW-c9f7eb3226a3;KW-8846102e40d2
como abrir una cuenta de ahorro en dolares,3,X02,product_launch_required,product_launch_required,False,"Text core is not an independent audience; use manual intent verdict, no MAX/sum universe",KW-f73e80da6785;KW-a21cfb7c6f59;KW-cc6e8a79ae83
como abrir una cuenta de ahorro en dolares banco nacion,1,X01,not_acquisition_default,not_acquisition_default,False,"Text core is not an independent audience; use manual intent verdict, no MAX/sum universe",KW-722222e4987f
como abrir una cuenta de ahorro en dolares banco provincia,1,X01,not_acquisition_default,not_acquisition_default,False,"Text core is not an independent audience; use manual intent verdict, no MAX/sum universe",KW-90a11dd79be5
como abrir una cuenta de ahorro por internet,1,A07,market_proxy_sensitivity,market_proxy_sensitivity,False,"Text core is not an independent audience; use manual intent verdict, no MAX/sum universe",KW-8b9f9062321a
como abrir una cuenta de ahorros banco caja social,1,C05,competitor_consideration_requires_serp,competitor_consideration_requires_serp,False,"Text core is not an independent audience; use manual intent verdict, no MAX/sum universe",KW-00fd3f7954aa
como abrir una cuenta de ahorros bbva online,1,C05,competitor_consideration_requires_serp,competitor_consideration_requires_serp,False,"Text core is not an independent audience; use manual intent verdict, no MAX/sum universe",KW-4d470f63a54c
como abrir una cuenta de ahorros bcp,3,C05,competitor_consideration_requires_serp,competitor_consideration_requires_serp,False,"Text core is not an independent audience; use manual intent verdict, no MAX/sum universe",KW-79d7ee2cb966;KW-d709a0b24e4e;KW-d4e9ca6af078
como abrir una cuenta de ahorros bcp por internet,1,C05,competitor_consideration_requires_serp,competitor_consideration_requires_serp,False,"Text core is not an independent audience; use manual intent verdict, no MAX/sum universe",KW-78046b56c66d
como abrir una cuenta de ahorros digital,1,C02,conditional_not_default,conditional_not_default,False,"Text core is not an independent audience; use manual intent verdict, no MAX/sum universe",KW-74b55ed9ed53
como abrir una cuenta de ahorros digital en bancolombia,1,X01,not_acquisition_default,not_acquisition_default,False,"Text core is not an independent audience; use manual intent verdict, no MAX/sum universe",KW-9b93bb9827eb
como abrir una cuenta de ahorros en bbva peru,1,C05,competitor_consideration_requires_serp,competitor_consideration_requires_serp,False,"Text core is not an independent audience; use manual intent verdict, no MAX/sum universe",KW-4afdc9e6189a
como abrir una cuenta de ahorros en dolares en colombia,1,X03,excluded,excluded,False,"Text core is not an independent audience; use manual intent verdict, no MAX/sum universe",KW-76815b86fd27
como abrir una cuenta de ahorros en dolares en interbank,1,C05,competitor_consideration_requires_serp,competitor_consideration_requires_serp,False,"Text core is not an independent audience; use manual intent verdict, no MAX/sum universe",KW-8206b596e980
como abrir una cuenta de ahorros en el banco scotiabank,1,C05,competitor_consideration_requires_serp,competitor_consideration_requires_serp,False,"Text core is not an independent audience; use manual intent verdict, no MAX/sum universe",KW-d897d6072762
como abrir una cuenta de ahorros en scotiabank por internet,1,C05,competitor_consideration_requires_serp,competitor_consideration_requires_serp,False,"Text core is not an independent audience; use manual intent verdict, no MAX/sum universe",KW-b64bed75d2b0
como abrir una cuenta de ahorros en usa desde peru,1,X03,excluded,excluded,False,"Text core is not an independent audience; use manual intent verdict, no MAX/sum universe",KW-455fe15602a1
como abrir una cuenta de ahorros en western union,1,X04,excluded_or_manual_review,excluded_or_manual_review,False,"Text core is not an independent audience; use manual intent verdict, no MAX/sum universe",KW-a77a10374b4d
como abrir una cuenta de ahorros online,1,A07,market_proxy_sensitivity,market_proxy_sensitivity,False,"Text core is not an independent audience; use manual intent verdict, no MAX/sum universe",KW-9cf18ed1a054
como abrir una cuenta de ahorros para estudiantes,1,X04,excluded_or_manual_review,excluded_or_manual_review,False,"Text core is not an independent audience; use manual intent verdict, no MAX/sum universe",KW-e8221ca39845
como abrir una cuenta de ahorros para jovenes,1,X03,excluded,excluded,False,"Text core is not an independent audience; use manual intent verdict, no MAX/sum universe",KW-24d7175ce6d2
como abrir una cuenta digital en caja huancayo,1,X01,not_acquisition_default,not_acquisition_default,False,"Text core is not an independent audience; use manual intent verdict, no MAX/sum universe",KW-b7eaf072c313
como abrir una cuenta dolares en banco provincia,3,X01,not_acquisition_default,not_acquisition_default,False,"Text core is not an independent audience; use manual intent verdict, no MAX/sum universe",KW-c381ddafae8c;KW-09dcfc726121;KW-91f85bc83e1f
como abrir una cuenta en dolares,2,X02,product_launch_required,product_launch_required,False,"Text core is not an independent audience; use manual intent verdict, no MAX/sum universe",KW-b8eea20cbb2a;KW-bb056dca6dfb
como abrir una cuenta en dolares banco galicia,2,X01,not_acquisition_default,not_acquisition_default,False,"Text core is not an independent audience; use manual intent verdict, no MAX/sum universe",KW-3a933fbf4fb5;KW-352f0484e6de
como abrir una cuenta en dolares banesco,4,X01,not_acquisition_default,not_acquisition_default,False,"Text core is not an independent audience; use manual intent verdict, no MAX/sum universe",KW-dfc629250ac0;KW-f906fa266da3;KW-d5f463e265cf;KW-52c4a29ebede
como abrir una cuenta en dolares bbva,3,X01,not_acquisition_default,not_acquisition_default,False,"Text core is not an independent audience; use manual intent verdict, no MAX/sum universe",KW-73540fc37466;KW-7aea0c3cf63e;KW-26b4da385fc3
como abrir una cuenta en dolares bcp,4,X01,not_acquisition_default,not_acquisition_default,False,"Text core is not an independent audience; use manual intent verdict, no MAX/sum universe",KW-fe810109862d;KW-bd7352d05b65;KW-88e18454cbce;KW-785fe5237df6
como abrir una cuenta en dolares bcp online,1,X01,not_acquisition_default,not_acquisition_default,False,"Text core is not an independent audience; use manual intent verdict, no MAX/sum universe",KW-55ca4fcca8f1
como abrir una cuenta en dolares en el banco mercantil,1,X01,not_acquisition_default,not_acquisition_default,False,"Text core is not an independent audience; use manual intent verdict, no MAX/sum universe",KW-f0df71308b35
como abrir una cuenta en dolares en el banco provincial,1,X01,not_acquisition_default,not_acquisition_default,False,"Text core is not an independent audience; use manual intent verdict, no MAX/sum universe",KW-ea931f951406
como abrir una cuenta en dolares en mexico,3,X03,excluded,excluded,False,"Text core is not an independent audience; use manual intent verdict, no MAX/sum universe",KW-1b5226c0a6cc;KW-27f8261fdc28;KW-aa67c75f9b2b
como abrir una cuenta en dolares en panama,1,X03,excluded,excluded,False,"Text core is not an independent audience; use manual intent verdict, no MAX/sum universe",KW-1a60588aef7a
como abrir una cuenta en dólares online,1,X02,product_launch_required,product_launch_required,False,"Text core is not an independent audience; use manual intent verdict, no MAX/sum universe",KW-8e1c0d0fa29c
como abrir una cuenta en dólares santander,1,X01,not_acquisition_default,not_acquisition_default,False,"Text core is not an independent audience; use manual intent verdict, no MAX/sum universe",KW-bb6ce95a41db
como activar cuenta de ahorros bancolombia,1,X01,not_acquisition_default,not_acquisition_default,False,"Text core is not an independent audience; use manual intent verdict, no MAX/sum universe",KW-2317ed17542e
como activar cuenta digital bbva,1,X01,not_acquisition_default,not_acquisition_default,False,"Text core is not an independent audience; use manual intent verdict, no MAX/sum universe",KW-c35e502b1eb6
como activar cuenta en dolares banco nacion,1,X01,not_acquisition_default,not_acquisition_default,False,"Text core is not an independent audience; use manual intent verdict, no MAX/sum universe",KW-cd5bb24e461f
como activar cuenta en dolares banco santander,1,X01,not_acquisition_default,not_acquisition_default,False,"Text core is not an independent audience; use manual intent verdict, no MAX/sum universe",KW-d9caa8f130d6
como activar cuenta en dolares naranja x,1,X02,product_launch_required,product_launch_required,False,"Text core is not an independent audience; use manual intent verdict, no MAX/sum universe",KW-084ff54cec8e
como activar mi cuenta de ahorros banco pichincha,1,C05,competitor_consideration_requires_serp,competitor_consideration_requires_serp,False,"Text core is not an independent audience; use manual intent verdict, no MAX/sum universe",KW-f216e3bed55c
como activar mi cuenta digital bbva,1,X01,not_acquisition_default,not_acquisition_default,False,"Text core is not an independent audience; use manual intent verdict, no MAX/sum universe",KW-ff9a42e0b3dc
como administrar dinero para ahorrar,1,X04,excluded_or_manual_review,excluded_or_manual_review,False,"Text core is not an independent audience; use manual intent verdict, no MAX/sum universe",KW-26f3b64b3215
como ahorrar,1,E10,assisted_only,assisted_only,False,"Text core is not an independent audience; use manual intent verdict, no MAX/sum universe",KW-538c006244ed
como ahorrar bastante dinero,1,E10,assisted_only,assisted_only,False,"Text core is not an independent audience; use manual intent verdict, no MAX/sum universe",KW-24d43aaccc4d
como ahorrar cuando ganas poco dinero,1,E10,assisted_only,assisted_only,False,"Text core is not an independent audience; use manual intent verdict, no MAX/sum universe",KW-f5ee25cc445a
como ahorrar dinero,4,E10,assisted_only,assisted_only,False,"Text core is not an independent audience; use manual intent verdict, no MAX/sum universe",KW-54c76513cf6d;KW-d423bffb69ac;KW-c7721983ebe4;KW-9ec970960568
como ahorrar dinero 2022,1,E10,assisted_only,assisted_only,False,"Text core is not an independent audience; use manual intent verdict, no MAX/sum universe",KW-dc812cd3c345
como ahorrar dinero 2023,1,E10,assisted_only,assisted_only,False,"Text core is not an independent audience; use manual intent verdict, no MAX/sum universe",KW-3ee3e922588e
como ahorrar dinero 50 30 20,1,E10,assisted_only,assisted_only,False,"Text core is not an independent audience; use manual intent verdict, no MAX/sum universe",KW-a9c3c602d452
como ahorrar dinero a largo plazo,1,E10,assisted_only,assisted_only,False,"Text core is not an independent audience; use manual intent verdict, no MAX/sum universe",KW-ec4cd2c358a7
como ahorrar dinero a plazo fijo,1,E10,assisted_only,assisted_only,False,"Text core is not an independent audience; use manual intent verdict, no MAX/sum universe",KW-7001717ed6ee
como ahorrar dinero adolescentes,3,E10,assisted_only,assisted_only,False,"Text core is not an independent audience; use manual intent verdict, no MAX/sum universe",KW-c628d915a6ca;KW-c7a907fe8310;KW-55cad1625e17
como ahorrar dinero al maximo,1,E10,assisted_only,assisted_only,False,"Text core is not an independent audience; use manual intent verdict, no MAX/sum universe",KW-5c842de5ca1a
como ahorrar dinero al mes,1,E10,assisted_only,assisted_only,False,"Text core is not an independent audience; use manual intent verdict, no MAX/sum universe",KW-c809b4c524e1
como ahorrar dinero app,1,E10,assisted_only,assisted_only,False,"Text core is not an independent audience; use manual intent verdict, no MAX/sum universe",KW-0742454532b8
como ahorrar dinero bbva,2,X01,not_acquisition_default,not_acquisition_default,False,"Text core is not an independent audience; use manual intent verdict, no MAX/sum universe",KW-80be6c501a56;KW-c30e60d18dea
como ahorrar dinero cada mes,1,E10,assisted_only,assisted_only,False,"Text core is not an independent audience; use manual intent verdict, no MAX/sum universe",KW-e60ae36801ac
como ahorrar dinero cada semana,1,E10,assisted_only,assisted_only,False,"Text core is not an independent audience; use manual intent verdict, no MAX/sum universe",KW-9de1ed542dd6
como ahorrar dinero chile,2,X03,excluded,excluded,False,"Text core is not an independent audience; use manual intent verdict, no MAX/sum universe",KW-1613dae421db;KW-31ab230a933a
como ahorrar dinero comprando comida,1,E10,assisted_only,assisted_only,False,"Text core is not an independent audience; use manual intent verdict, no MAX/sum universe",KW-006e40908b33
como ahorrar dinero comprando en amazon,1,E10,assisted_only,assisted_only,False,"Text core is not an independent audience; use manual intent verdict, no MAX/sum universe",KW-719c5c386e4b
como ahorrar dinero comprando en shein,1,E10,assisted_only,assisted_only,False,"Text core is not an independent audience; use manual intent verdict, no MAX/sum universe",KW-843dd0dee1e8
como ahorrar dinero comprando en temu,1,E10,assisted_only,assisted_only,False,"Text core is not an independent audience; use manual intent verdict, no MAX/sum universe",KW-33dc5fb0b948
como ahorrar dinero con 15 años,1,E10,assisted_only,assisted_only,False,"Text core is not an independent audience; use manual intent verdict, no MAX/sum universe",KW-fa244c557c89
como ahorrar dinero con 4 metodos,1,E10,assisted_only,assisted_only,False,"Text core is not an independent audience; use manual intent verdict, no MAX/sum universe",KW-0cd03659fd69
como ahorrar dinero con cupones,1,E10,assisted_only,assisted_only,False,"Text core is not an independent audience; use manual intent verdict, no MAX/sum universe",KW-e6458f88a8dc
como ahorrar dinero con deudas,1,E10,assisted_only,assisted_only,False,"Text core is not an independent audience; use manual intent verdict, no MAX/sum universe",KW-461582e40c37
como ahorrar dinero con interes compuesto,1,E10,assisted_only,assisted_only,False,"Text core is not an independent audience; use manual intent verdict, no MAX/sum universe",KW-ac0040c4a156
como ahorrar dinero con poco presupuesto,1,E10,assisted_only,assisted_only,False,"Text core is not an independent audience; use manual intent verdict, no MAX/sum universe",KW-52179faa07cb
como ahorrar dinero con poco sueldo,1,E10,assisted_only,assisted_only,False,"Text core is not an independent audience; use manual intent verdict, no MAX/sum universe",KW-1e8a9162b0c7
como ahorrar dinero con sobres,1,E10,assisted_only,assisted_only,False,"Text core is not an independent audience; use manual intent verdict, no MAX/sum universe",KW-a6817114056f
como ahorrar dinero con tu pareja,1,E10,assisted_only,assisted_only,False,"Text core is not an independent audience; use manual intent verdict, no MAX/sum universe",KW-aa6e8ca764c0
como ahorrar dinero con uber,1,E10,assisted_only,assisted_only,False,"Text core is not an independent audience; use manual intent verdict, no MAX/sum universe",KW-77fb5f34b099
como ahorrar dinero consejos,3,E10,assisted_only,assisted_only,False,"Text core is not an independent audience; use manual intent verdict, no MAX/sum universe",KW-bd2c72b532c6;KW-3b347c157eb7;KW-e42a00573021
como ahorrar dinero de forma efectiva,1,X01,not_acquisition_default,not_acquisition_default,False,"Text core is not an independent audience; use manual intent verdict, no MAX/sum universe",KW-f637f591105c
como ahorrar dinero de forma rapida,1,E10,assisted_only,assisted_only,False,"Text core is not an independent audience; use manual intent verdict, no MAX/sum universe",KW-8496e9da4d91
como ahorrar dinero de manera efectiva,1,X01,not_acquisition_default,not_acquisition_default,False,"Text core is not an independent audience; use manual intent verdict, no MAX/sum universe",KW-8402247de781
como ahorrar dinero de mi negocio,1,E10,assisted_only,assisted_only,False,"Text core is not an independent audience; use manual intent verdict, no MAX/sum universe",KW-1a1d925d6a85
como ahorrar dinero de mi sueldo,1,E10,assisted_only,assisted_only,False,"Text core is not an independent audience; use manual intent verdict, no MAX/sum universe",KW-60da00d5e699
como ahorrar dinero dia a dia,1,E10,assisted_only,assisted_only,False,"Text core is not an independent audience; use manual intent verdict, no MAX/sum universe",KW-c7f248292031
como ahorrar dinero diario,2,E10,assisted_only,assisted_only,False,"Text core is not an independent audience; use manual intent verdict, no MAX/sum universe",KW-b31ba782faba;KW-2d93acf4d8d8
como ahorrar dinero e invertir,2,E10,assisted_only,assisted_only,False,"Text core is not an independent audience; use manual intent verdict, no MAX/sum universe",KW-cf3e22bc1118;KW-204790b6780f
como ahorrar dinero efectivamente,1,X01,not_acquisition_default,not_acquisition_default,False,"Text core is not an independent audience; use manual intent verdict, no MAX/sum universe",KW-32cdc0573184
como ahorrar dinero en 1 año,1,E10,assisted_only,assisted_only,False,"Text core is not an independent audience; use manual intent verdict, no MAX/sum universe",KW-5d335aea3b4f
como ahorrar dinero en 100 dias,1,E10,assisted_only,assisted_only,False,"Text core is not an independent audience; use manual intent verdict, no MAX/sum universe",KW-a68a1cf4b1b8
como ahorrar dinero en 100 sobres,1,E10,assisted_only,assisted_only,False,"Text core is not an independent audience; use manual intent verdict, no MAX/sum universe",KW-b773ee8112a1
como ahorrar dinero en 2 años,1,E10,assisted_only,assisted_only,False,"Text core is not an independent audience; use manual intent verdict, no MAX/sum universe",KW-ba4d9ff85abe
como ahorrar dinero en 2 meses,1,E10,assisted_only,assisted_only,False,"Text core is not an independent audience; use manual intent verdict, no MAX/sum universe",KW-9c62e940e87d
como ahorrar dinero en 3 meses,1,E10,assisted_only,assisted_only,False,"Text core is not an independent audience; use manual intent verdict, no MAX/sum universe",KW-f7ca42efc29a
como ahorrar dinero en 365 sobres,1,E10,assisted_only,assisted_only,False,"Text core is not an independent audience; use manual intent verdict, no MAX/sum universe",KW-9a507514b008
como ahorrar dinero en 4 meses,1,E10,assisted_only,assisted_only,False,"Text core is not an independent audience; use manual intent verdict, no MAX/sum universe",KW-6a6a632fb746
como ahorrar dinero en 5 meses,1,E10,assisted_only,assisted_only,False,"Text core is not an independent audience; use manual intent verdict, no MAX/sum universe",KW-5c263090cd68
como ahorrar dinero en 52 semanas,1,E10,assisted_only,assisted_only,False,"Text core is not an independent audience; use manual intent verdict, no MAX/sum universe",KW-9cfb1cbf211c
como ahorrar dinero en 8 meses,1,E10,assisted_only,assisted_only,False,"Text core is not an independent audience; use manual intent verdict, no MAX/sum universe",KW-b91eb20dc812
como ahorrar dinero en aliexpress,1,E10,assisted_only,assisted_only,False,"Text core is not an independent audience; use manual intent verdict, no MAX/sum universe",KW-10848eed8ff0
como ahorrar dinero en amazon,1,E10,assisted_only,assisted_only,False,"Text core is not an independent audience; use manual intent verdict, no MAX/sum universe",KW-8f2559e1f83f
como ahorrar dinero en argentina,1,X03,excluded,excluded,False,"Text core is not an independent audience; use manual intent verdict, no MAX/sum universe",KW-52f935e9b10a
como ahorrar dinero en argentina 2023,1,X03,excluded,excluded,False,"Text core is not an independent audience; use manual intent verdict, no MAX/sum universe",KW-95929f8d9146
como ahorrar dinero en argentina 2025,1,X03,excluded,excluded,False,"Text core is not an independent audience; use manual intent verdict, no MAX/sum universe",KW-08db9811063e
como ahorrar dinero en banco,2,E10,assisted_only,assisted_only,False,"Text core is not an independent audience; use manual intent verdict, no MAX/sum universe",KW-6942010dbaa9;KW-6e3cbfde63b3
como ahorrar dinero en banco pichincha,1,X01,not_acquisition_default,not_acquisition_default,False,"Text core is not an independent audience; use manual intent verdict, no MAX/sum universe",KW-94182010fcf9
como ahorrar dinero en bancolombia,1,X01,not_acquisition_default,not_acquisition_default,False,"Text core is not an independent audience; use manual intent verdict, no MAX/sum universe",KW-251d61132c6c
como ahorrar dinero en bancos extranjeros,1,X03,excluded,excluded,False,"Text core is not an independent audience; use manual intent verdict, no MAX/sum universe",KW-0dd041d8d3d3
como ahorrar dinero en bbva movil,1,X01,not_acquisition_default,not_acquisition_default,False,"Text core is not an independent audience; use manual intent verdict, no MAX/sum universe",KW-d120ee54e42d
como ahorrar dinero en bcp,1,X01,not_acquisition_default,not_acquisition_default,False,"Text core is not an independent audience; use manual intent verdict, no MAX/sum universe",KW-500d16f94619
como ahorrar dinero en brasil,1,X03,excluded,excluded,False,"Text core is not an independent audience; use manual intent verdict, no MAX/sum universe",KW-526c89efbc74
como ahorrar dinero en casa rapido,1,E10,assisted_only,assisted_only,False,"Text core is not an independent audience; use manual intent verdict, no MAX/sum universe",KW-418a334c2290
como ahorrar dinero en casa rapido siendo estudiante,1,E10,assisted_only,assisted_only,False,"Text core is not an independent audience; use manual intent verdict, no MAX/sum universe",KW-692f0466acf8
como ahorrar dinero en casa sin gastarlo,2,E10,assisted_only,assisted_only,False,"Text core is not an independent audience; use manual intent verdict, no MAX/sum universe",KW-50050ed91bad;KW-2449a055ccaa
como ahorrar dinero en comida,2,E10,assisted_only,assisted_only,False,"Text core is not an independent audience; use manual intent verdict, no MAX/sum universe",KW-0c4b67134452;KW-dca3d9a74482
como ahorrar dinero en costa rica,1,X03,excluded,excluded,False,"Text core is not an independent audience; use manual intent verdict, no MAX/sum universe",KW-004a851777a4
como ahorrar dinero en davivienda,1,X01,not_acquisition_default,not_acquisition_default,False,"Text core is not an independent audience; use manual intent verdict, no MAX/sum universe",KW-3cbc42a44a41
como ahorrar dinero en dolares,1,X02,product_launch_required,product_launch_required,False,"Text core is not an independent audience; use manual intent verdict, no MAX/sum universe",KW-4675317a6f43
como ahorrar dinero en el extranjero,1,X03,excluded,excluded,False,"Text core is not an independent audience; use manual intent verdict, no MAX/sum universe",KW-66b70aeecd2e
como ahorrar dinero en el fondo nacional del ahorro,1,E10,assisted_only,assisted_only,False,"Text core is not an independent audience; use manual intent verdict, no MAX/sum universe",KW-9ba26e7f8c69
como ahorrar dinero en el hogar,1,E10,assisted_only,assisted_only,False,"Text core is not an independent audience; use manual intent verdict, no MAX/sum universe",KW-91055f751f2f
como ahorrar dinero en españa,1,X03,excluded,excluded,False,"Text core is not an independent audience; use manual intent verdict, no MAX/sum universe",KW-d043712cf9d0
como ahorrar dinero en estados unidos,1,X03,excluded,excluded,False,"Text core is not an independent audience; use manual intent verdict, no MAX/sum universe",KW-07335f3a1be7
como ahorrar dinero en familia,1,E10,assisted_only,assisted_only,False,"Text core is not an independent audience; use manual intent verdict, no MAX/sum universe",KW-5aceae6a0012
como ahorrar dinero en gasolina,1,E10,assisted_only,assisted_only,False,"Text core is not an independent audience; use manual intent verdict, no MAX/sum universe",KW-e9fe8719cbda
como ahorrar dinero en guatemala,1,X01,not_acquisition_default,not_acquisition_default,False,"Text core is not an independent audience; use manual intent verdict, no MAX/sum universe",KW-5ed20a18ae39
como ahorrar dinero en honduras desde estados unidos,1,X03,excluded,excluded,False,"Text core is not an independent audience; use manual intent verdict, no MAX/sum universe",KW-f8c3a20bbff4
como ahorrar dinero en hoteles,1,E10,assisted_only,assisted_only,False,"Text core is not an independent audience; use manual intent verdict, no MAX/sum universe",KW-6a8d2bd49d30
como ahorrar dinero en imaginbank,1,E10,assisted_only,assisted_only,False,"Text core is not an independent audience; use manual intent verdict, no MAX/sum universe",KW-53bf350b08c2
como ahorrar dinero en interbank,1,X01,not_acquisition_default,not_acquisition_default,False,"Text core is not an independent audience; use manual intent verdict, no MAX/sum universe",KW-1332064c20e8
como ahorrar dinero en japon,1,E10,assisted_only,assisted_only,False,"Text core is not an independent audience; use manual intent verdict, no MAX/sum universe",KW-9779ad58a843
como ahorrar dinero en la app de bbva,1,X01,not_acquisition_default,not_acquisition_default,False,"Text core is not an independent audience; use manual intent verdict, no MAX/sum universe",KW-5465bb89fc11
como ahorrar dinero en la compra,1,E10,assisted_only,assisted_only,False,"Text core is not an independent audience; use manual intent verdict, no MAX/sum universe",KW-97fade3a608a
como ahorrar dinero en la compra de alimentos,1,E10,assisted_only,assisted_only,False,"Text core is not an independent audience; use manual intent verdict, no MAX/sum universe",KW-a79c39cd0b30
como ahorrar dinero en la construccion de una casa,1,X03,excluded,excluded,False,"Text core is not an independent audience; use manual intent verdict, no MAX/sum universe",KW-73a78113da7e
como ahorrar dinero en las compras del super,1,E10,assisted_only,assisted_only,False,"Text core is not an independent audience; use manual intent verdict, no MAX/sum universe",KW-17499081a901
como ahorrar dinero en londres,1,E10,assisted_only,assisted_only,False,"Text core is not an independent audience; use manual intent verdict, no MAX/sum universe",KW-b8c275ae79d8
como ahorrar dinero en navidad,1,E10,assisted_only,assisted_only,False,"Text core is not an independent audience; use manual intent verdict, no MAX/sum universe",KW-5309c93fcd55
como ahorrar dinero en pareja,1,E10,assisted_only,assisted_only,False,"Text core is not an independent audience; use manual intent verdict, no MAX/sum universe",KW-a232060d4211
como ahorrar dinero en peru,2,E10,assisted_only,assisted_only,False,"Text core is not an independent audience; use manual intent verdict, no MAX/sum universe",KW-441a925e4ce6;KW-506589db3ff8
como ahorrar dinero en republica dominicana,1,X03,excluded,excluded,False,"Text core is not an independent audience; use manual intent verdict, no MAX/sum universe",KW-453ae6daf4e2
como ahorrar dinero en revolut,1,E10,assisted_only,assisted_only,False,"Text core is not an independent audience; use manual intent verdict, no MAX/sum universe",KW-f26b8aa7b3c4
como ahorrar dinero en ropa,1,E10,assisted_only,assisted_only,False,"Text core is not an independent audience; use manual intent verdict, no MAX/sum universe",KW-05eb16000452
como ahorrar dinero en shein,1,E10,assisted_only,assisted_only,False,"Text core is not an independent audience; use manual intent verdict, no MAX/sum universe",KW-2352d65d4ee3
como ahorrar dinero en sobres 365 dias,1,E10,assisted_only,assisted_only,False,"Text core is not an independent audience; use manual intent verdict, no MAX/sum universe",KW-504be614173e
como ahorrar dinero en tarjeta de debito,1,X03,excluded,excluded,False,"Text core is not an independent audience; use manual intent verdict, no MAX/sum universe",KW-16e3f3da25c4
como ahorrar dinero en un año,2,E10,assisted_only,assisted_only,False,"Text core is not an independent audience; use manual intent verdict, no MAX/sum universe",KW-2c3a2f3ec53d;KW-3f23c3b53d04
como ahorrar dinero en una alcancia,1,E10,assisted_only,assisted_only,False,"Text core is not an independent audience; use manual intent verdict, no MAX/sum universe",KW-278de53e7e8a
como ahorrar dinero en una alcancía,1,E10,assisted_only,assisted_only,False,"Text core is not an independent audience; use manual intent verdict, no MAX/sum universe",KW-ba329684f875
como ahorrar dinero en una botella,1,E10,assisted_only,assisted_only,False,"Text core is not an independent audience; use manual intent verdict, no MAX/sum universe",KW-e906739116a6
como ahorrar dinero en una empresa,1,X03,excluded,excluded,False,"Text core is not an independent audience; use manual intent verdict, no MAX/sum universe",KW-5078c995d1c8
como ahorrar dinero en una herencia,1,E10,assisted_only,assisted_only,False,"Text core is not an independent audience; use manual intent verdict, no MAX/sum universe",KW-b28253fc4c40
como ahorrar dinero en una semana,2,E10,assisted_only,assisted_only,False,"Text core is not an independent audience; use manual intent verdict, no MAX/sum universe",KW-f0431bf641f3;KW-64532067e9c4
como ahorrar dinero en uruguay,1,X03,excluded,excluded,False,"Text core is not an independent audience; use manual intent verdict, no MAX/sum universe",KW-d47f837ee5bf
como ahorrar dinero en usa,1,X03,excluded,excluded,False,"Text core is not an independent audience; use manual intent verdict, no MAX/sum universe",KW-a5c66fff5bd1
como ahorrar dinero en vacaciones,1,E10,assisted_only,assisted_only,False,"Text core is not an independent audience; use manual intent verdict, no MAX/sum universe",KW-fedb7920e853
como ahorrar dinero en walmart,1,E10,assisted_only,assisted_only,False,"Text core is not an independent audience; use manual intent verdict, no MAX/sum universe",KW-26bf42af8076
como ahorrar dinero en wells fargo,1,X01,not_acquisition_default,not_acquisition_default,False,"Text core is not an independent audience; use manual intent verdict, no MAX/sum universe",KW-559146d4befc
como ahorrar dinero en yape,1,X01,not_acquisition_default,not_acquisition_default,False,"Text core is not an independent audience; use manual intent verdict, no MAX/sum universe",KW-220b7d461b75
como ahorrar dinero facil,1,E10,assisted_only,assisted_only,False,"Text core is not an independent audience; use manual intent verdict, no MAX/sum universe",KW-37a5ba2f2cde
como ahorrar dinero foro,1,E10,assisted_only,assisted_only,False,"Text core is not an independent audience; use manual intent verdict, no MAX/sum universe",KW-b33583fa7466
como ahorrar dinero hucha,1,E10,assisted_only,assisted_only,False,"Text core is not an independent audience; use manual intent verdict, no MAX/sum universe",KW-19a8612081da
como ahorrar dinero jw org,1,E10,assisted_only,assisted_only,False,"Text core is not an independent audience; use manual intent verdict, no MAX/sum universe",KW-ecdfdfda5255
como ahorrar dinero libro,3,X03,excluded,excluded,False,"Text core is not an independent audience; use manual intent verdict, no MAX/sum universe",KW-502089e8d3e0;KW-b76ece87b580;KW-c36e5d630c16
como ahorrar dinero libro pdf,2,X03,excluded,excluded,False,"Text core is not an independent audience; use manual intent verdict, no MAX/sum universe",KW-0f05116ada7c;KW-873581299dfe
como ahorrar dinero los 365 dias,1,E10,assisted_only,assisted_only,False,"Text core is not an independent audience; use manual intent verdict, no MAX/sum universe",KW-f619baef1d8d
como ahorrar dinero mas rapido,1,E10,assisted_only,assisted_only,False,"Text core is not an independent audience; use manual intent verdict, no MAX/sum universe",KW-eb887a0caff7
como ahorrar dinero mensual,1,E10,assisted_only,assisted_only,False,"Text core is not an independent audience; use manual intent verdict, no MAX/sum universe",KW-7114e6db743b
como ahorrar dinero metodo japones,1,E10,assisted_only,assisted_only,False,"Text core is not an independent audience; use manual intent verdict, no MAX/sum universe",KW-641181e19437
como ahorrar dinero mientras viajas en ingles,1,X01,not_acquisition_default,not_acquisition_default,False,"Text core is not an independent audience; use manual intent verdict, no MAX/sum universe",KW-8124e11d6eb8
como ahorrar dinero paola herrera,1,E10,assisted_only,assisted_only,False,"Text core is not an independent audience; use manual intent verdict, no MAX/sum universe",KW-86094190f54e
como ahorrar dinero para comprar un auto,1,E10,assisted_only,assisted_only,False,"Text core is not an independent audience; use manual intent verdict, no MAX/sum universe",KW-116a0519b79c
como ahorrar dinero para comprar un carro,1,E10,assisted_only,assisted_only,False,"Text core is not an independent audience; use manual intent verdict, no MAX/sum universe",KW-bbd09bd84e2b
como ahorrar dinero para comprar un celular,1,E10,assisted_only,assisted_only,False,"Text core is not an independent audience; use manual intent verdict, no MAX/sum universe",KW-08db24876db8
como ahorrar dinero para comprar un departamento,1,E10,assisted_only,assisted_only,False,"Text core is not an independent audience; use manual intent verdict, no MAX/sum universe",KW-78a49ea20c70
como ahorrar dinero para comprar un iphone,1,E10,assisted_only,assisted_only,False,"Text core is not an independent audience; use manual intent verdict, no MAX/sum universe",KW-9981cbce8bf9
como ahorrar dinero para comprar una casa,2,E10,assisted_only,assisted_only,False,"Text core is not an independent audience; use manual intent verdict, no MAX/sum universe",KW-3167fd604ca7;KW-4d44971a2473
como ahorrar dinero para el futuro,1,E10,assisted_only,assisted_only,False,"Text core is not an independent audience; use manual intent verdict, no MAX/sum universe",KW-5450db684d95
como ahorrar dinero para la jubilacion,1,E10,assisted_only,assisted_only,False,"Text core is not an independent audience; use manual intent verdict, no MAX/sum universe",KW-549d727a45c0
como ahorrar dinero para la vejez,1,E10,assisted_only,assisted_only,False,"Text core is not an independent audience; use manual intent verdict, no MAX/sum universe",KW-14363b4548bb
como ahorrar dinero para ser millonario,1,E10,assisted_only,assisted_only,False,"Text core is not an independent audience; use manual intent verdict, no MAX/sum universe",KW-308fac089ea9
como ahorrar dinero para un carro,1,E10,assisted_only,assisted_only,False,"Text core is not an independent audience; use manual intent verdict, no MAX/sum universe",KW-572953406d9f
como ahorrar dinero para un celular,1,E10,assisted_only,assisted_only,False,"Text core is not an independent audience; use manual intent verdict, no MAX/sum universe",KW-5cec50dec14d
como ahorrar dinero para un iphone,1,E10,assisted_only,assisted_only,False,"Text core is not an independent audience; use manual intent verdict, no MAX/sum universe",KW-db6e5a3d5959
como ahorrar dinero para un iphone 13,1,E10,assisted_only,assisted_only,False,"Text core is not an independent audience; use manual intent verdict, no MAX/sum universe",KW-954655f94ec0
como ahorrar dinero para una boda,2,E10,assisted_only,assisted_only,False,"Text core is not an independent audience; use manual intent verdict, no MAX/sum universe",KW-88379c06c3ac;KW-3094e45f5dc9
como ahorrar dinero para una moto,1,E10,assisted_only,assisted_only,False,"Text core is not an independent audience; use manual intent verdict, no MAX/sum universe",KW-31ff971f7ee3
como ahorrar dinero para viajar,3,E10,assisted_only,assisted_only,False,"Text core is not an independent audience; use manual intent verdict, no MAX/sum universe",KW-69b75014a0bd;KW-2ff7894652d7;KW-25476d8dfd32
como ahorrar dinero pdf,1,E10,assisted_only,assisted_only,False,"Text core is not an independent audience; use manual intent verdict, no MAX/sum universe",KW-b0ce20e042b1
como ahorrar dinero poco a poco,2,E10,assisted_only,assisted_only,False,"Text core is not an independent audience; use manual intent verdict, no MAX/sum universe",KW-53f12ff25fe3;KW-47d3fab63d48
como ahorrar dinero por quincena,1,E10,assisted_only,assisted_only,False,"Text core is not an independent audience; use manual intent verdict, no MAX/sum universe",KW-956875d6db4d
como ahorrar dinero porcentajes,1,E10,assisted_only,assisted_only,False,"Text core is not an independent audience; use manual intent verdict, no MAX/sum universe",KW-270d075f8040
como ahorrar dinero rapidamente,1,E10,assisted_only,assisted_only,False,"Text core is not an independent audience; use manual intent verdict, no MAX/sum universe",KW-4f04f38f7860
como ahorrar dinero rapido,2,E10,assisted_only,assisted_only,False,"Text core is not an independent audience; use manual intent verdict, no MAX/sum universe",KW-85a931743d9d;KW-220d852fdeb5
como ahorrar dinero rapido en un mes,1,E10,assisted_only,assisted_only,False,"Text core is not an independent audience; use manual intent verdict, no MAX/sum universe",KW-11a3b3cd6a23
como ahorrar dinero rapido para niños,1,X03,excluded,excluded,False,"Text core is not an independent audience; use manual intent verdict, no MAX/sum universe",KW-1e292d2237bb
como ahorrar dinero rapido sin gastarlo,1,E10,assisted_only,assisted_only,False,"Text core is not an independent audience; use manual intent verdict, no MAX/sum universe",KW-28cfbafa6544
como ahorrar dinero rapido sin trabajar,1,E10,assisted_only,assisted_only,False,"Text core is not an independent audience; use manual intent verdict, no MAX/sum universe",KW-0d4c95cad733
como ahorrar dinero reddit,1,E10,assisted_only,assisted_only,False,"Text core is not an independent audience; use manual intent verdict, no MAX/sum universe",KW-54054a0114bf
como ahorrar dinero responsable,1,E10,assisted_only,assisted_only,False,"Text core is not an independent audience; use manual intent verdict, no MAX/sum universe",KW-7745bb194702
como ahorrar dinero rápido siendo estudiante,1,E10,assisted_only,assisted_only,False,"Text core is not an independent audience; use manual intent verdict, no MAX/sum universe",KW-54098cd6ac92
como ahorrar dinero semanal,1,E10,assisted_only,assisted_only,False,"Text core is not an independent audience; use manual intent verdict, no MAX/sum universe",KW-127f20498350
como ahorrar dinero si gano muy poco,1,E10,assisted_only,assisted_only,False,"Text core is not an independent audience; use manual intent verdict, no MAX/sum universe",KW-51f0dedc6b68
como ahorrar dinero si gano poco,2,E10,assisted_only,assisted_only,False,"Text core is not an independent audience; use manual intent verdict, no MAX/sum universe",KW-d4d35df20eac;KW-ee6dfeeb789d
como ahorrar dinero si no trabajo,1,E10,assisted_only,assisted_only,False,"Text core is not an independent audience; use manual intent verdict, no MAX/sum universe",KW-d941453b78fe
como ahorrar dinero si soy estudiante,1,E10,assisted_only,assisted_only,False,"Text core is not an independent audience; use manual intent verdict, no MAX/sum universe",KW-a3136dfb8727
como ahorrar dinero si tengo deudas,1,E10,assisted_only,assisted_only,False,"Text core is not an independent audience; use manual intent verdict, no MAX/sum universe",KW-c47a600c3651
como ahorrar dinero siendo adolescente,1,E10,assisted_only,assisted_only,False,"Text core is not an independent audience; use manual intent verdict, no MAX/sum universe",KW-dca7a9f141a9
como ahorrar dinero siendo ama de casa,1,E10,assisted_only,assisted_only,False,"Text core is not an independent audience; use manual intent verdict, no MAX/sum universe",KW-e88e3203c196
como ahorrar dinero siendo estudiante de preparatoria,1,E10,assisted_only,assisted_only,False,"Text core is not an independent audience; use manual intent verdict, no MAX/sum universe",KW-220886ac5a19
como ahorrar dinero siendo estudiante universitario,1,E10,assisted_only,assisted_only,False,"Text core is not an independent audience; use manual intent verdict, no MAX/sum universe",KW-37ff3953f1c5
como ahorrar dinero siendo joven,1,X03,excluded,excluded,False,"Text core is not an independent audience; use manual intent verdict, no MAX/sum universe",KW-7c1082161b27
como ahorrar dinero siendo niño en tu casa,1,X03,excluded,excluded,False,"Text core is not an independent audience; use manual intent verdict, no MAX/sum universe",KW-9e1542f105e4
como ahorrar dinero sin darte cuenta,1,E10,assisted_only,assisted_only,False,"Text core is not an independent audience; use manual intent verdict, no MAX/sum universe",KW-a7ad9231a9b8
como ahorrar dinero sin que se devalue,1,E10,assisted_only,assisted_only,False,"Text core is not an independent audience; use manual intent verdict, no MAX/sum universe",KW-183d4d516370
como ahorrar dinero sin trabajar,1,E10,assisted_only,assisted_only,False,"Text core is not an independent audience; use manual intent verdict, no MAX/sum universe",KW-ff5ddf75b0e4
como ahorrar dinero tabla,1,E10,assisted_only,assisted_only,False,"Text core is not an independent audience; use manual intent verdict, no MAX/sum universe",KW-97f5ac5c2617
como ahorrar dinero teniendo deudas,1,E10,assisted_only,assisted_only,False,"Text core is not an independent audience; use manual intent verdict, no MAX/sum universe",KW-ddb2a4b2fba9
como ahorrar dinero tiktok,1,E10,assisted_only,assisted_only,False,"Text core is not an independent audience; use manual intent verdict, no MAX/sum universe",KW-7aca904cd9ab
como ahorrar dinero todos los días,1,E10,assisted_only,assisted_only,False,"Text core is not an independent audience; use manual intent verdict, no MAX/sum universe",KW-d47b2decea7b
como ahorrar dinero videos,3,E10,assisted_only,assisted_only,False,"Text core is not an independent audience; use manual intent verdict, no MAX/sum universe",KW-c22eb2f3d21a;KW-ebb3860193a9;KW-1214d13aafa9
como ahorrar dinero wikihow,1,E10,assisted_only,assisted_only,False,"Text core is not an independent audience; use manual intent verdict, no MAX/sum universe",KW-a234798e8423
como ahorrar dinero y ganar intereses,1,E10,assisted_only,assisted_only,False,"Text core is not an independent audience; use manual intent verdict, no MAX/sum universe",KW-a2925978fdb5
como ahorrar dinero y generar intereses,1,E10,assisted_only,assisted_only,False,"Text core is not an independent audience; use manual intent verdict, no MAX/sum universe",KW-e70c5ec46efa
como ahorrar dinero y multiplicarlo,1,E10,assisted_only,assisted_only,False,"Text core is not an independent audience; use manual intent verdict, no MAX/sum universe",KW-340d882339e3
como ahorrar dinero y no gastarlo,2,E10,assisted_only,assisted_only,False,"Text core is not an independent audience; use manual intent verdict, no MAX/sum universe",KW-8e41b8229c18;KW-514263dc0c2a
como ahorrar dinero y pagar deudas,1,E10,assisted_only,assisted_only,False,"Text core is not an independent audience; use manual intent verdict, no MAX/sum universe",KW-e44803dcfff5
como ahorrar dinero y que crezca,1,E10,assisted_only,assisted_only,False,"Text core is not an independent audience; use manual intent verdict, no MAX/sum universe",KW-cc5d6ac8f0e6
como ahorrar e invertir dinero de forma inteligente,1,E10,assisted_only,assisted_only,False,"Text core is not an independent audience; use manual intent verdict, no MAX/sum universe",KW-c1921bcccaed
como ahorrar el agua,1,X03,excluded,excluded,False,"Text core is not an independent audience; use manual intent verdict, no MAX/sum universe",KW-57e37f7e0189
como ahorrar el dinero que gano,1,E10,assisted_only,assisted_only,False,"Text core is not an independent audience; use manual intent verdict, no MAX/sum universe",KW-eb5a9a40cd62
como ahorrar en casa dinero,6,E10,assisted_only,assisted_only,False,"Text core is not an independent audience; use manual intent verdict, no MAX/sum universe",KW-70582b10a6d6;KW-2bb1383ad1ff;KW-52a1ae311c79;KW-8def9836a404;KW-42516aa5a9a5;KW-9103b2711e8f
como ahorrar ganando poco dinero,2,E10,assisted_only,assisted_only,False,"Text core is not an independent audience; use manual intent verdict, no MAX/sum universe",KW-14bd539ec329;KW-d538b7b3dd60
como ahorrar mas dinero,1,E10,assisted_only,assisted_only,False,"Text core is not an independent audience; use manual intent verdict, no MAX/sum universe",KW-5dac77489e2d
como ahorrar mi dinero en un banco,1,E10,assisted_only,assisted_only,False,"Text core is not an independent audience; use manual intent verdict, no MAX/sum universe",KW-c3ea53c9db32
como ahorrar mi dinero si gano poco,1,E10,assisted_only,assisted_only,False,"Text core is not an independent audience; use manual intent verdict, no MAX/sum universe",KW-327dcb2e13d8
como ahorrar mi dinero y ganar intereses,1,E10,assisted_only,assisted_only,False,"Text core is not an independent audience; use manual intent verdict, no MAX/sum universe",KW-d8b58c28d43c
como ahorrar mucho dinero,1,E10,assisted_only,assisted_only,False,"Text core is not an independent audience; use manual intent verdict, no MAX/sum universe",KW-610a3b8d9d91
como ahorrar mucho dinero en poco tiempo,1,E10,assisted_only,assisted_only,False,"Text core is not an independent audience; use manual intent verdict, no MAX/sum universe",KW-46a48ea996d8
como ahorrar mucho dinero en un año,1,E10,assisted_only,assisted_only,False,"Text core is not an independent audience; use manual intent verdict, no MAX/sum universe",KW-65c171c71ceb
como ahorrar mucho dinero en un mes,1,E10,assisted_only,assisted_only,False,"Text core is not an independent audience; use manual intent verdict, no MAX/sum universe",KW-2f6eacaa4b1d
como ahorrar mucho dinero en una semana,1,E10,assisted_only,assisted_only,False,"Text core is not an independent audience; use manual intent verdict, no MAX/sum universe",KW-ba017201c69f
como ahorrar mucho dinero rapido,1,E10,assisted_only,assisted_only,False,"Text core is not an independent audience; use manual intent verdict, no MAX/sum universe",KW-6518c0dc0b2b
como ahorrar nuestro dinero,1,E10,assisted_only,assisted_only,False,"Text core is not an independent audience; use manual intent verdict, no MAX/sum universe",KW-da72127e29ac
como ahorrar para tener dinero,1,E10,assisted_only,assisted_only,False,"Text core is not an independent audience; use manual intent verdict, no MAX/sum universe",KW-60c75b082152
como ahorrar sin gastar el dinero,2,E10,assisted_only,assisted_only,False,"Text core is not an independent audience; use manual intent verdict, no MAX/sum universe",KW-8b0db88b8f62;KW-cb729bd75fa6
como ahorrar sin perder dinero,1,E10,assisted_only,assisted_only,False,"Text core is not an independent audience; use manual intent verdict, no MAX/sum universe",KW-4467ec08698c
como ahorrar sin retirar dinero,1,E10,assisted_only,assisted_only,False,"Text core is not an independent audience; use manual intent verdict, no MAX/sum universe",KW-176528068cb3
como ahorrar y administrar mi dinero,1,E10,assisted_only,assisted_only,False,"Text core is not an independent audience; use manual intent verdict, no MAX/sum universe",KW-f680ac20ce4c
como ahorrar y ganar dinero,1,E10,assisted_only,assisted_only,False,"Text core is not an independent audience; use manual intent verdict, no MAX/sum universe",KW-76a48780e3c0
como ahorrar y ganar dinero extra,1,E10,assisted_only,assisted_only,False,"Text core is not an independent audience; use manual intent verdict, no MAX/sum universe",KW-a25ff9a7f7cb
como ahorrar y generar dinero,1,E10,assisted_only,assisted_only,False,"Text core is not an independent audience; use manual intent verdict, no MAX/sum universe",KW-eec1309a6014
como ahorrar y hacer crecer mi dinero,1,E10,assisted_only,assisted_only,False,"Text core is not an independent audience; use manual intent verdict, no MAX/sum universe",KW-1742a9fd48f8
como ahorrar y hacer dinero,1,E10,assisted_only,assisted_only,False,"Text core is not an independent audience; use manual intent verdict, no MAX/sum universe",KW-0110db03e4fc
como ahorrar y invertir mi dinero,1,E10,assisted_only,assisted_only,False,"Text core is not an independent audience; use manual intent verdict, no MAX/sum universe",KW-16a9bd7424c7
como ahorrar y no malgastar el dinero,1,E10,assisted_only,assisted_only,False,"Text core is not an independent audience; use manual intent verdict, no MAX/sum universe",KW-ce0eb8853f8b
como anular un recibo por honorarios,1,X04,excluded_or_manual_review,excluded_or_manual_review,False,"Text core is not an independent audience; use manual intent verdict, no MAX/sum universe",KW-bf6377b2fcb6
como anular una cuenta de ahorros bcp,1,C05,competitor_consideration_requires_serp,competitor_consideration_requires_serp,False,"Text core is not an independent audience; use manual intent verdict, no MAX/sum universe",KW-49f6c3b432ea
como anular una transferencia bancaria,1,E07,assisted_or_service_only,assisted_or_service_only,False,"Text core is not an independent audience; use manual intent verdict, no MAX/sum universe",KW-0da296fc3446
como anular una transferencia bancaria argentina,1,X03,excluded,excluded,False,"Text core is not an independent audience; use manual intent verdict, no MAX/sum universe",KW-a503bc3ff1f9
como anular una transferencia bancaria banco nación,1,X01,not_acquisition_default,not_acquisition_default,False,"Text core is not an independent audience; use manual intent verdict, no MAX/sum universe",KW-173fcdc746e8
como anular una transferencia bancaria banco provincia,1,X01,not_acquisition_default,not_acquisition_default,False,"Text core is not an independent audience; use manual intent verdict, no MAX/sum universe",KW-f1a4da5bbdcc
como anular una transferencia bancaria por internet,1,E07,assisted_or_service_only,assisted_or_service_only,False,"Text core is not an independent audience; use manual intent verdict, no MAX/sum universe",KW-a02b9801bb35
como anular una transferencia bancaria por internet bbva,1,X01,not_acquisition_default,not_acquisition_default,False,"Text core is not an independent audience; use manual intent verdict, no MAX/sum universe",KW-e5a174638cc1
como anular una transferencia bancaria por internet bcp,1,X01,not_acquisition_default,not_acquisition_default,False,"Text core is not an independent audience; use manual intent verdict, no MAX/sum universe",KW-ca0cb1f29b1a
como anular una transferencia bancaria por internet chile,1,X03,excluded,excluded,False,"Text core is not an independent audience; use manual intent verdict, no MAX/sum universe",KW-db4eb7eb640e
como anular una transferencia bancaria por internet interbank,1,X01,not_acquisition_default,not_acquisition_default,False,"Text core is not an independent audience; use manual intent verdict, no MAX/sum universe",KW-88f4a6fd8786
como anular una transferencia bancaria por internet santander,1,X01,not_acquisition_default,not_acquisition_default,False,"Text core is not an independent audience; use manual intent verdict, no MAX/sum universe",KW-cfd8b55fa093
como apertura cuenta en bdv digital,1,X01,not_acquisition_default,not_acquisition_default,False,"Text core is not an independent audience; use manual intent verdict, no MAX/sum universe",KW-2bbf208dd738
como aprender a ahorrar dinero,1,E10,assisted_only,assisted_only,False,"Text core is not an independent audience; use manual intent verdict, no MAX/sum universe",KW-d631781dbc77
como aprender a ahorrar dinero en casa,2,E10,assisted_only,assisted_only,False,"Text core is not an independent audience; use manual intent verdict, no MAX/sum universe",KW-c84cc11014fa;KW-4cb68a5ced0a
como aprender a ahorrar dinero rapido,1,E10,assisted_only,assisted_only,False,"Text core is not an independent audience; use manual intent verdict, no MAX/sum universe",KW-4cd8e8628b90
como aprender a ahorrar dinero si gano poco,1,E10,assisted_only,assisted_only,False,"Text core is not an independent audience; use manual intent verdict, no MAX/sum universe",KW-b541e1445569
como aprender a ahorrar dinero siendo estudiante,1,E10,assisted_only,assisted_only,False,"Text core is not an independent audience; use manual intent verdict, no MAX/sum universe",KW-1ca57ea083ec
como aprender ahorrar tu dinero,1,X04,excluded_or_manual_review,excluded_or_manual_review,False,"Text core is not an independent audience; use manual intent verdict, no MAX/sum universe",KW-a32152aff191
como averiguar donde me toca votar,1,X04,excluded_or_manual_review,excluded_or_manual_review,False,"Text core is not an independent audience; use manual intent verdict, no MAX/sum universe",KW-9ce4ea51e1da
como bloquear llamadas de números desconocidos,1,X04,excluded_or_manual_review,excluded_or_manual_review,False,"Text core is not an independent audience; use manual intent verdict, no MAX/sum universe",KW-740146bacbd0
como borrar una transferencia bancaria,1,E07,assisted_or_service_only,assisted_or_service_only,False,"Text core is not an independent audience; use manual intent verdict, no MAX/sum universe",KW-8f6f224bb31c
como calcular intereses de una cuenta de ahorros,1,E03,assisted_only,assisted_only,False,"Text core is not an independent audience; use manual intent verdict, no MAX/sum universe",KW-48db146422b4
como calcular la gratificacion,1,X03,excluded,excluded,False,"Text core is not an independent audience; use manual intent verdict, no MAX/sum universe",KW-d1c95ca7665b
como calcular la rentabilidad de una cuenta de ahorros,1,E03,assisted_only,assisted_only,False,"Text core is not an independent audience; use manual intent verdict, no MAX/sum universe",KW-d540a9647406
como calcular las gratificaciones,1,X03,excluded,excluded,False,"Text core is not an independent audience; use manual intent verdict, no MAX/sum universe",KW-2b8725deea1d
como calcular los intereses de mi cuenta de ahorros,1,E03,assisted_only,assisted_only,False,"Text core is not an independent audience; use manual intent verdict, no MAX/sum universe",KW-67a122e1bbfd
como calcular mi gratificación,1,X03,excluded,excluded,False,"Text core is not an independent audience; use manual intent verdict, no MAX/sum universe",KW-bc6f880a314d
como cambiar correo de yape,1,X04,excluded_or_manual_review,excluded_or_manual_review,False,"Text core is not an independent audience; use manual intent verdict, no MAX/sum universe",KW-2467094d4f7e
como cambiar mi correo de yape,1,X04,excluded_or_manual_review,excluded_or_manual_review,False,"Text core is not an independent audience; use manual intent verdict, no MAX/sum universe",KW-644c5870fc35
como cambiar mi cuenta de ahorros a cuenta sueldo-bcp,2,C05,competitor_consideration_requires_serp,competitor_consideration_requires_serp,False,"Text core is not an independent audience; use manual intent verdict, no MAX/sum universe",KW-a3432fcefe16;KW-b784d38acdde
como cambiar mi número de yape con cuenta bcp,1,X01,not_acquisition_default,not_acquisition_default,False,"Text core is not an independent audience; use manual intent verdict, no MAX/sum universe",KW-0d23f8b4fc19
como cancelar cuenta de ahorros falabella,1,C05,competitor_consideration_requires_serp,competitor_consideration_requires_serp,False,"Text core is not an independent audience; use manual intent verdict, no MAX/sum universe",KW-bb2cce13a2a3
como cancelar cuenta de ahorros nu,1,X04,excluded_or_manual_review,excluded_or_manual_review,False,"Text core is not an independent audience; use manual intent verdict, no MAX/sum universe",KW-025504b85af6
como cancelar transferencias bancarias,1,E07,assisted_or_service_only,assisted_or_service_only,False,"Text core is not an independent audience; use manual intent verdict, no MAX/sum universe",KW-30b9711d26bf
como cancelar una cuenta de ahorros,1,B03,service_baseline_required,service_baseline_required,False,"Text core is not an independent audience; use manual intent verdict, no MAX/sum universe",KW-cba9c851e38b
como cancelar una cuenta de ahorros bancolombia,2,X01,not_acquisition_default,not_acquisition_default,False,"Text core is not an independent audience; use manual intent verdict, no MAX/sum universe",KW-5f2c01f045d6;KW-d49ce11afe66
como cancelar una cuenta de ahorros bancolombia por internet,1,X01,not_acquisition_default,not_acquisition_default,False,"Text core is not an independent audience; use manual intent verdict, no MAX/sum universe",KW-b860bf11e87f
como cancelar una cuenta de ahorros bbva,2,C05,competitor_consideration_requires_serp,competitor_consideration_requires_serp,False,"Text core is not an independent audience; use manual intent verdict, no MAX/sum universe",KW-2f2e2d1512e5;KW-c8aac5586e1e
como cancelar una cuenta de ahorros en davivienda,2,X01,not_acquisition_default,not_acquisition_default,False,"Text core is not an independent audience; use manual intent verdict, no MAX/sum universe",KW-4a9e5bc84f63;KW-ac40882fc8bf
como cancelar una cuenta de ahorros scotiabank,1,C05,competitor_consideration_requires_serp,competitor_consideration_requires_serp,False,"Text core is not an independent audience; use manual intent verdict, no MAX/sum universe",KW-20180680d152
como cancelar una cuenta digital bbva,2,X01,not_acquisition_default,not_acquisition_default,False,"Text core is not an independent audience; use manual intent verdict, no MAX/sum universe",KW-1fdf49e15d70;KW-b1313b66d4e5
como cancelar una transferencia bancaria banco provincia,1,X01,not_acquisition_default,not_acquisition_default,False,"Text core is not an independent audience; use manual intent verdict, no MAX/sum universe",KW-a940e7ff01b8
como cancelar una transferencia bancaria galicia,1,E07,assisted_or_service_only,assisted_or_service_only,False,"Text core is not an independent audience; use manual intent verdict, no MAX/sum universe",KW-380a785a1101
como cancelar una transferencia bancaria scotiabank,1,X01,not_acquisition_default,not_acquisition_default,False,"Text core is not an independent audience; use manual intent verdict, no MAX/sum universe",KW-9e66670cf59b
como cerrar una cuenta de ahorros banco pichincha,1,C05,competitor_consideration_requires_serp,competitor_consideration_requires_serp,False,"Text core is not an independent audience; use manual intent verdict, no MAX/sum universe",KW-c66f324c9863
como cerrar una cuenta de ahorros banco pichincha ecuador,1,X01,not_acquisition_default,not_acquisition_default,False,"Text core is not an independent audience; use manual intent verdict, no MAX/sum universe",KW-dca6da591745
como cerrar una cuenta de ahorros interbank,1,C05,competitor_consideration_requires_serp,competitor_consideration_requires_serp,False,"Text core is not an independent audience; use manual intent verdict, no MAX/sum universe",KW-118c4f7c762b
como comprar no aliexpress por transferencia bancaria,1,E07,assisted_or_service_only,assisted_or_service_only,False,"Text core is not an independent audience; use manual intent verdict, no MAX/sum universe",KW-432ce1073b2c
como consultar mi afp,1,X03,excluded,excluded,False,"Text core is not an independent audience; use manual intent verdict, no MAX/sum universe",KW-6f6e9a27da6d
como contabilizar cuenta bancaria en dolares,1,X02,product_launch_required,product_launch_required,False,"Text core is not an independent audience; use manual intent verdict, no MAX/sum universe",KW-f17ce16e2b46
como contabilizar transferencia bancaria entre empresas,1,X03,excluded,excluded,False,"Text core is not an independent audience; use manual intent verdict, no MAX/sum universe",KW-d5ca3c95d03a
como corroborar una transferencia bancaria,1,E07,assisted_or_service_only,assisted_or_service_only,False,"Text core is not an independent audience; use manual intent verdict, no MAX/sum universe",KW-2ecb098d9ccc
como crear cuenta bcp digital,2,X01,not_acquisition_default,not_acquisition_default,False,"Text core is not an independent audience; use manual intent verdict, no MAX/sum universe",KW-19a431d3c7ab;KW-8319c9864117
como crear cuenta bcp en dolares,1,X01,not_acquisition_default,not_acquisition_default,False,"Text core is not an independent audience; use manual intent verdict, no MAX/sum universe",KW-43176b82735d
como crear cuenta de ahorro bcp,1,C05,competitor_consideration_requires_serp,competitor_consideration_requires_serp,False,"Text core is not an independent audience; use manual intent verdict, no MAX/sum universe",KW-c0d9db45fdba
como crear cuenta de ahorro digital banco agricola,1,C02,conditional_not_default,conditional_not_default,False,"Text core is not an independent audience; use manual intent verdict, no MAX/sum universe",KW-566df6041985
como crear cuenta de ahorros banco pichincha,1,C05,competitor_consideration_requires_serp,competitor_consideration_requires_serp,False,"Text core is not an independent audience; use manual intent verdict, no MAX/sum universe",KW-01cd0e78ca85
como crear cuenta de ahorros interbank,1,C05,competitor_consideration_requires_serp,competitor_consideration_requires_serp,False,"Text core is not an independent audience; use manual intent verdict, no MAX/sum universe",KW-a4983e5c9ab1
como crear cuenta digital bbva,2,X01,not_acquisition_default,not_acquisition_default,False,"Text core is not an independent audience; use manual intent verdict, no MAX/sum universe",KW-43c4ae98e6b8;KW-ea908b7b6e20
como crear cuenta digital jovenes construyendo el futuro,1,X03,excluded,excluded,False,"Text core is not an independent audience; use manual intent verdict, no MAX/sum universe",KW-c084d2e95cac
como crear cuenta en dolares banco de venezuela,1,X03,excluded,excluded,False,"Text core is not an independent audience; use manual intent verdict, no MAX/sum universe",KW-257df370ffa0
como crear mi yape,1,X01,not_acquisition_default,not_acquisition_default,False,"Text core is not an independent audience; use manual intent verdict, no MAX/sum universe",KW-4815b29d4b95
como crear una cuenta de ahorros,2,A07,market_proxy_sensitivity,market_proxy_sensitivity,False,"Text core is not an independent audience; use manual intent verdict, no MAX/sum universe",KW-f7bbd03b9612;KW-a160023260b9
como crear una cuenta de ahorros online,1,A07,market_proxy_sensitivity,market_proxy_sensitivity,False,"Text core is not an independent audience; use manual intent verdict, no MAX/sum universe",KW-22d0e6716adf
como crear yape,2,X01,not_acquisition_default,not_acquisition_default,False,"Text core is not an independent audience; use manual intent verdict, no MAX/sum universe",KW-5829f8afe32a;KW-811ec055cc04
como crear yape con tarjeta bcp,1,X03,excluded,excluded,False,"Text core is not an independent audience; use manual intent verdict, no MAX/sum universe",KW-8979562c3f3c
como crear yape en mi celular,1,X01,not_acquisition_default,not_acquisition_default,False,"Text core is not an independent audience; use manual intent verdict, no MAX/sum universe",KW-07e06a8c1059
como cuidar el dinero y ahorrar,1,X04,excluded_or_manual_review,excluded_or_manual_review,False,"Text core is not an independent audience; use manual intent verdict, no MAX/sum universe",KW-ed9466a05b6b
como debo ahorrar dinero,1,E10,assisted_only,assisted_only,False,"Text core is not an independent audience; use manual intent verdict, no MAX/sum universe",KW-896b8c55a58e
como denunciar una transferencia bancaria,1,E07,assisted_or_service_only,assisted_or_service_only,False,"Text core is not an independent audience; use manual intent verdict, no MAX/sum universe",KW-1b7d7ee62284
como depositar en cajero bcp,1,X01,not_acquisition_default,not_acquisition_default,False,"Text core is not an independent audience; use manual intent verdict, no MAX/sum universe",KW-8560ba2ec8ef
como desbloquear cuenta de ahorros,1,X04,excluded_or_manual_review,excluded_or_manual_review,False,"Text core is not an independent audience; use manual intent verdict, no MAX/sum universe",KW-743bfb6c7995
como descargar yape en mi celular,1,X01,not_acquisition_default,not_acquisition_default,False,"Text core is not an independent audience; use manual intent verdict, no MAX/sum universe",KW-fa2e766b7eb7
como eliminar cuenta digital bcp,1,X01,not_acquisition_default,not_acquisition_default,False,"Text core is not an independent audience; use manual intent verdict, no MAX/sum universe",KW-8e1afd43f48d
como eliminar mi cuenta digital bcp,1,X01,not_acquisition_default,not_acquisition_default,False,"Text core is not an independent audience; use manual intent verdict, no MAX/sum universe",KW-b5f09ee4bc49
como eliminar una cuenta de ahorros bcp,2,C05,competitor_consideration_requires_serp,competitor_consideration_requires_serp,False,"Text core is not an independent audience; use manual intent verdict, no MAX/sum universe",KW-be2c1b99fbf4;KW-ec4c631a9068
como eliminar una cuenta de bcp en mi celular,1,X01,not_acquisition_default,not_acquisition_default,False,"Text core is not an independent audience; use manual intent verdict, no MAX/sum universe",KW-f3c92138554f
como eliminar una cuenta digital bcp,1,X01,not_acquisition_default,not_acquisition_default,False,"Text core is not an independent audience; use manual intent verdict, no MAX/sum universe",KW-16653553f9ae
como empezar a ahorrar dinero,1,E10,assisted_only,assisted_only,False,"Text core is not an independent audience; use manual intent verdict, no MAX/sum universe",KW-42303021c11d
como es cuenta digital bcp,1,X01,not_acquisition_default,not_acquisition_default,False,"Text core is not an independent audience; use manual intent verdict, no MAX/sum universe",KW-952c79d24dea
como es una transferencia bancaria,1,E07,assisted_or_service_only,assisted_or_service_only,False,"Text core is not an independent audience; use manual intent verdict, no MAX/sum universe",KW-1d294f864206
como extornar transferencia bancaria bcp,1,X01,not_acquisition_default,not_acquisition_default,False,"Text core is not an independent audience; use manual intent verdict, no MAX/sum universe",KW-be194a72666e
como funciona una cuenta de ahorro bcp,1,C05,competitor_consideration_requires_serp,competitor_consideration_requires_serp,False,"Text core is not an independent audience; use manual intent verdict, no MAX/sum universe",KW-016dc2d21539
como funciona una cuenta de ahorros,1,E01,assisted_only,assisted_only,False,"Text core is not an independent audience; use manual intent verdict, no MAX/sum universe",KW-7637b137a593
como funcionan los intereses en una cuenta de ahorros,1,E01,assisted_only,assisted_only,False,"Text core is not an independent audience; use manual intent verdict, no MAX/sum universe",KW-e51c0e98c4e6
como hacer para ahorrar dinero,2,E10,assisted_only,assisted_only,False,"Text core is not an independent audience; use manual intent verdict, no MAX/sum universe",KW-7f48df54ff52;KW-3e7ae9348d96
como hacer para ahorrar dinero y no gastarlo,1,E10,assisted_only,assisted_only,False,"Text core is not an independent audience; use manual intent verdict, no MAX/sum universe",KW-d6c7675e7df1
como hacer sobres para ahorrar dinero,1,E10,assisted_only,assisted_only,False,"Text core is not an independent audience; use manual intent verdict, no MAX/sum universe",KW-13413d00146c
como hacer transferencia bancaria banco guayaquil,1,X03,excluded,excluded,False,"Text core is not an independent audience; use manual intent verdict, no MAX/sum universe",KW-72ed57d00a08
como hacer transferencia bancaria por cajero link,1,E07,assisted_or_service_only,assisted_or_service_only,False,"Text core is not an independent audience; use manual intent verdict, no MAX/sum universe",KW-cc53bd3b720f
como hacer transferencia bancaria produbanco,1,E07,assisted_or_service_only,assisted_or_service_only,False,"Text core is not an independent audience; use manual intent verdict, no MAX/sum universe",KW-8f82ae98ebe7
como hacer transferencias bancarias hsbc,1,X01,not_acquisition_default,not_acquisition_default,False,"Text core is not an independent audience; use manual intent verdict, no MAX/sum universe",KW-9afce6645d63
como hacer transferencias bancarias internacionales,1,X03,excluded,excluded,False,"Text core is not an independent audience; use manual intent verdict, no MAX/sum universe",KW-b167dd5679e3
como hacer una caja para ahorrar dinero,1,X01,not_acquisition_default,not_acquisition_default,False,"Text core is not an independent audience; use manual intent verdict, no MAX/sum universe",KW-3741b441a7e1
como hacer una cuenta digital bbva,2,X01,not_acquisition_default,not_acquisition_default,False,"Text core is not an independent audience; use manual intent verdict, no MAX/sum universe",KW-500dfc03ef3e;KW-02c10b50a97f
como hacer una transferencia bancaria,2,E07,assisted_or_service_only,assisted_or_service_only,False,"Text core is not an independent audience; use manual intent verdict, no MAX/sum universe",KW-8e168bd78f13;KW-a22153e8d0e1
como hacer una transferencia bancaria a otro pais,1,E07,assisted_or_service_only,assisted_or_service_only,False,"Text core is not an independent audience; use manual intent verdict, no MAX/sum universe",KW-c08a83e234b3
como hacer una transferencia bancaria banamex,1,X01,not_acquisition_default,not_acquisition_default,False,"Text core is not an independent audience; use manual intent verdict, no MAX/sum universe",KW-5fbc6cd3d9e8
como hacer una transferencia bancaria banamex movil,1,X01,not_acquisition_default,not_acquisition_default,False,"Text core is not an independent audience; use manual intent verdict, no MAX/sum universe",KW-3edcacaee3a3
como hacer una transferencia bancaria banco pichincha,2,X01,not_acquisition_default,not_acquisition_default,False,"Text core is not an independent audience; use manual intent verdict, no MAX/sum universe",KW-84fd48b74953;KW-ba2fc4167cbf
como hacer una transferencia bancaria bancomer,1,X01,not_acquisition_default,not_acquisition_default,False,"Text core is not an independent audience; use manual intent verdict, no MAX/sum universe",KW-8e744ba620dd
como hacer una transferencia bancaria banorte,1,X01,not_acquisition_default,not_acquisition_default,False,"Text core is not an independent audience; use manual intent verdict, no MAX/sum universe",KW-a684e5778fed
como hacer una transferencia bancaria banreservas,1,X01,not_acquisition_default,not_acquisition_default,False,"Text core is not an independent audience; use manual intent verdict, no MAX/sum universe",KW-3b1970d3cb52
como hacer una transferencia bancaria bbva,2,X01,not_acquisition_default,not_acquisition_default,False,"Text core is not an independent audience; use manual intent verdict, no MAX/sum universe",KW-cb304652622f;KW-a24b2a97f7db
como hacer una transferencia bancaria caixabank,1,X01,not_acquisition_default,not_acquisition_default,False,"Text core is not an independent audience; use manual intent verdict, no MAX/sum universe",KW-715d5768123c
como hacer una transferencia bancaria con iban,1,E07,assisted_or_service_only,assisted_or_service_only,False,"Text core is not an independent audience; use manual intent verdict, no MAX/sum universe",KW-f626cd14836f
como hacer una transferencia bancaria de un banco a otro,1,E07,assisted_or_service_only,assisted_or_service_only,False,"Text core is not an independent audience; use manual intent verdict, no MAX/sum universe",KW-a8262242586b
como hacer una transferencia bancaria de wells fargo,1,X01,not_acquisition_default,not_acquisition_default,False,"Text core is not an independent audience; use manual intent verdict, no MAX/sum universe",KW-bcbe7a16e3e0
como hacer una transferencia bancaria desde el móvil,1,E07,assisted_or_service_only,assisted_or_service_only,False,"Text core is not an independent audience; use manual intent verdict, no MAX/sum universe",KW-55b87db4a503
como hacer una transferencia bancaria desde mi celular,1,E07,assisted_or_service_only,assisted_or_service_only,False,"Text core is not an independent audience; use manual intent verdict, no MAX/sum universe",KW-7bc8cfca9038
como hacer una transferencia bancaria desde mi celular banco azteca,1,X01,not_acquisition_default,not_acquisition_default,False,"Text core is not an independent audience; use manual intent verdict, no MAX/sum universe",KW-1ecfb2ab48b6
como hacer una transferencia bancaria desde mi celular banco guayaquil,1,X03,excluded,excluded,False,"Text core is not an independent audience; use manual intent verdict, no MAX/sum universe",KW-209cd91483dc
como hacer una transferencia bancaria desde mi celular banco pacífico,1,X01,not_acquisition_default,not_acquisition_default,False,"Text core is not an independent audience; use manual intent verdict, no MAX/sum universe",KW-30663657fb6f
como hacer una transferencia bancaria desde mi celular banco pichincha,1,X01,not_acquisition_default,not_acquisition_default,False,"Text core is not an independent audience; use manual intent verdict, no MAX/sum universe",KW-abe8f2151351
como hacer una transferencia bancaria desde mi celular banco popular,1,X01,not_acquisition_default,not_acquisition_default,False,"Text core is not an independent audience; use manual intent verdict, no MAX/sum universe",KW-e912781c7735
como hacer una transferencia bancaria desde mi celular banco provincia,1,X01,not_acquisition_default,not_acquisition_default,False,"Text core is not an independent audience; use manual intent verdict, no MAX/sum universe",KW-13074bb882ae
como hacer una transferencia bancaria desde mi celular banco unión,1,X01,not_acquisition_default,not_acquisition_default,False,"Text core is not an independent audience; use manual intent verdict, no MAX/sum universe",KW-92faf9669303
como hacer una transferencia bancaria desde mi celular banreserva,1,E07,assisted_or_service_only,assisted_or_service_only,False,"Text core is not an independent audience; use manual intent verdict, no MAX/sum universe",KW-ec608c59948b
como hacer una transferencia bancaria desde mi celular bcp,1,X01,not_acquisition_default,not_acquisition_default,False,"Text core is not an independent audience; use manual intent verdict, no MAX/sum universe",KW-cc111cea2f58
como hacer una transferencia bancaria desde mi celular santander,1,X01,not_acquisition_default,not_acquisition_default,False,"Text core is not an independent audience; use manual intent verdict, no MAX/sum universe",KW-485488239060
como hacer una transferencia bancaria desde un celular,2,E07,assisted_or_service_only,assisted_or_service_only,False,"Text core is not an independent audience; use manual intent verdict, no MAX/sum universe",KW-e14d973f0ba5;KW-6812e25de95b
como hacer una transferencia bancaria en efectivo,1,E07,assisted_or_service_only,assisted_or_service_only,False,"Text core is not an independent audience; use manual intent verdict, no MAX/sum universe",KW-ef0e2e191674
como hacer una transferencia bancaria pichincha,1,X01,not_acquisition_default,not_acquisition_default,False,"Text core is not an independent audience; use manual intent verdict, no MAX/sum universe",KW-383e7aa2d272
como hacer una transferencia bancaria por cajero,2,E07,assisted_or_service_only,assisted_or_service_only,False,"Text core is not an independent audience; use manual intent verdict, no MAX/sum universe",KW-b374e979a42d;KW-29643e4d63b4
como hacer una transferencia bancaria por cajero en efectivo,1,E07,assisted_or_service_only,assisted_or_service_only,False,"Text core is not an independent audience; use manual intent verdict, no MAX/sum universe",KW-b391a2d7b2b3
como hacer una transferencia bancaria por cajero red link,1,E07,assisted_or_service_only,assisted_or_service_only,False,"Text core is not an independent audience; use manual intent verdict, no MAX/sum universe",KW-63524802f9a5
como hacer una transferencia bancaria por home banking,1,X01,not_acquisition_default,not_acquisition_default,False,"Text core is not an independent audience; use manual intent verdict, no MAX/sum universe",KW-7ddcda9e7896
como hacer una transferencia bancaria por internet,1,E07,assisted_or_service_only,assisted_or_service_only,False,"Text core is not an independent audience; use manual intent verdict, no MAX/sum universe",KW-b58f85c4e83f
como hacer una transferencia bancaria por internet banco pichincha,1,X01,not_acquisition_default,not_acquisition_default,False,"Text core is not an independent audience; use manual intent verdict, no MAX/sum universe",KW-40c3f307a1c5
como hacer una transferencia bancaria por internet bbva,1,X01,not_acquisition_default,not_acquisition_default,False,"Text core is not an independent audience; use manual intent verdict, no MAX/sum universe",KW-aa51661a1317
como hacer una transferencia bancaria por internet bcp,1,X01,not_acquisition_default,not_acquisition_default,False,"Text core is not an independent audience; use manual intent verdict, no MAX/sum universe",KW-6f868a691403
como hacer una transferencia bancaria por western union,1,E07,assisted_or_service_only,assisted_or_service_only,False,"Text core is not an independent audience; use manual intent verdict, no MAX/sum universe",KW-fb46c3ca6055
como hacer una transferencia bancaria santander,1,X01,not_acquisition_default,not_acquisition_default,False,"Text core is not an independent audience; use manual intent verdict, no MAX/sum universe",KW-7f24f327e207
como hacer una transferencia bancaria sin tarjeta,1,X03,excluded,excluded,False,"Text core is not an independent audience; use manual intent verdict, no MAX/sum universe",KW-3cba8c55e0a0
como hacer una transferencia bcp desde mi celular,1,X01,not_acquisition_default,not_acquisition_default,False,"Text core is not an independent audience; use manual intent verdict, no MAX/sum universe",KW-c9813775e488
como hacer una transferencia bcp por internet,1,X01,not_acquisition_default,not_acquisition_default,False,"Text core is not an independent audience; use manual intent verdict, no MAX/sum universe",KW-7cd94f9b307c
como hacer una transferencia sin cuenta bancaria,1,E07,assisted_or_service_only,assisted_or_service_only,False,"Text core is not an independent audience; use manual intent verdict, no MAX/sum universe",KW-6d9891809526
como hago para abrir una cuenta de ahorros,1,A07,market_proxy_sensitivity,market_proxy_sensitivity,False,"Text core is not an independent audience; use manual intent verdict, no MAX/sum universe",KW-5b2446118217
como hago para abrir una cuenta de ahorros en bancolombia,1,X01,not_acquisition_default,not_acquisition_default,False,"Text core is not an independent audience; use manual intent verdict, no MAX/sum universe",KW-ecaae0851314
como hago para ahorrar dinero,1,E10,assisted_only,assisted_only,False,"Text core is not an independent audience; use manual intent verdict, no MAX/sum universe",KW-a2bb374f1ca4
como hago para ahorrar dinero mas rapido,1,E10,assisted_only,assisted_only,False,"Text core is not an independent audience; use manual intent verdict, no MAX/sum universe",KW-7907a58c6861
como hago para ahorrar dinero y no gastarlo,1,E10,assisted_only,assisted_only,False,"Text core is not an independent audience; use manual intent verdict, no MAX/sum universe",KW-84007bac6ed9
como hago una transferencia bancaria,1,E07,assisted_or_service_only,assisted_or_service_only,False,"Text core is not an independent audience; use manual intent verdict, no MAX/sum universe",KW-098e30cb2678
como ingresar a mi cuenta digital bbva,1,X01,not_acquisition_default,not_acquisition_default,False,"Text core is not an independent audience; use manual intent verdict, no MAX/sum universe",KW-4b4bfe413ac6
como instalar yape,1,X01,not_acquisition_default,not_acquisition_default,False,"Text core is not an independent audience; use manual intent verdict, no MAX/sum universe",KW-1d728f7012e6
como instalar yape en el celular,1,X01,not_acquisition_default,not_acquisition_default,False,"Text core is not an independent audience; use manual intent verdict, no MAX/sum universe",KW-6dcff9019b11
como instalar yape en mi celular,1,X01,not_acquisition_default,not_acquisition_default,False,"Text core is not an independent audience; use manual intent verdict, no MAX/sum universe",KW-abd0434bb363
como invertir,1,X04,excluded_or_manual_review,excluded_or_manual_review,False,"Text core is not an independent audience; use manual intent verdict, no MAX/sum universe",KW-3dbc62e86d9e
como invertir el dinero ahorrado,1,E10,assisted_only,assisted_only,False,"Text core is not an independent audience; use manual intent verdict, no MAX/sum universe",KW-7bd5f8de6078
como invertir mi dinero,1,X04,excluded_or_manual_review,excluded_or_manual_review,False,"Text core is not an independent audience; use manual intent verdict, no MAX/sum universe",KW-570f3e4c59bf
como invertir poco dinero y generar ganancias,1,X04,excluded_or_manual_review,excluded_or_manual_review,False,"Text core is not an independent audience; use manual intent verdict, no MAX/sum universe",KW-bb746525f349
como invertir y ahorrar dinero,1,E10,assisted_only,assisted_only,False,"Text core is not an independent audience; use manual intent verdict, no MAX/sum universe",KW-d0aeb0c2067d
como la primera vez película,1,X04,excluded_or_manual_review,excluded_or_manual_review,False,"Text core is not an independent audience; use manual intent verdict, no MAX/sum universe",KW-038b016908be
como leer un extracto bancario cuenta de ahorros,1,X04,excluded_or_manual_review,excluded_or_manual_review,False,"Text core is not an independent audience; use manual intent verdict, no MAX/sum universe",KW-dbe702b66731
como llegar a churin,1,X04,excluded_or_manual_review,excluded_or_manual_review,False,"Text core is not an independent audience; use manual intent verdict, no MAX/sum universe",KW-daf1f958b7bb
como obtener cuenta en dolares bcp,1,X01,not_acquisition_default,not_acquisition_default,False,"Text core is not an independent audience; use manual intent verdict, no MAX/sum universe",KW-0c9ba2b90215
como obtener una cuenta en dolares,1,X02,product_launch_required,product_launch_required,False,"Text core is not an independent audience; use manual intent verdict, no MAX/sum universe",KW-02b124f7428a
como organizar mi dinero para ahorrar,1,X04,excluded_or_manual_review,excluded_or_manual_review,False,"Text core is not an independent audience; use manual intent verdict, no MAX/sum universe",KW-247a3805ce3f
como organizarse para ahorrar dinero,1,E10,assisted_only,assisted_only,False,"Text core is not an independent audience; use manual intent verdict, no MAX/sum universe",KW-eef36efc8193
como pagar con cuenta corriente digital banco estado,1,X01,not_acquisition_default,not_acquisition_default,False,"Text core is not an independent audience; use manual intent verdict, no MAX/sum universe",KW-c7d3bacd29fb
como pagar modalidad 40 por transferencia bancaria,1,E07,assisted_or_service_only,assisted_or_service_only,False,"Text core is not an independent audience; use manual intent verdict, no MAX/sum universe",KW-53bdcd9d3387
como pagar netflix con cuenta de ahorros bancolombia,1,X01,not_acquisition_default,not_acquisition_default,False,"Text core is not an independent audience; use manual intent verdict, no MAX/sum universe",KW-2fb3d4a5a17c
como pagar payjoy por transferencia bancaria,1,E07,assisted_or_service_only,assisted_or_service_only,False,"Text core is not an independent audience; use manual intent verdict, no MAX/sum universe",KW-2279e8148008
como podemos ahorrar dinero,1,E10,assisted_only,assisted_only,False,"Text core is not an independent audience; use manual intent verdict, no MAX/sum universe",KW-0bdb73740f95
como poder ahorrar dinero sin gastarlo,1,E10,assisted_only,assisted_only,False,"Text core is not an independent audience; use manual intent verdict, no MAX/sum universe",KW-77b04cc7c5c3
como poner concepto en transferencia bancaria,1,E07,assisted_or_service_only,assisted_or_service_only,False,"Text core is not an independent audience; use manual intent verdict, no MAX/sum universe",KW-a9b08fc038a4
como poner cuenta digital en facebook,1,C02,conditional_not_default,conditional_not_default,False,"Text core is not an independent audience; use manual intent verdict, no MAX/sum universe",KW-87bd3b9c6994
como pueden las empresas grandes ahorrar dinero,1,X03,excluded,excluded,False,"Text core is not an independent audience; use manual intent verdict, no MAX/sum universe",KW-acce029562c3
como puedo ahorrar dinero,1,E10,assisted_only,assisted_only,False,"Text core is not an independent audience; use manual intent verdict, no MAX/sum universe",KW-9c4582decea5
como puedo ahorrar dinero diariamente,1,E10,assisted_only,assisted_only,False,"Text core is not an independent audience; use manual intent verdict, no MAX/sum universe",KW-5fabe68397e5
como puedo ahorrar dinero rapido,1,E10,assisted_only,assisted_only,False,"Text core is not an independent audience; use manual intent verdict, no MAX/sum universe",KW-c8005a35705a
como puedo ahorrar dinero si gano poco,1,E10,assisted_only,assisted_only,False,"Text core is not an independent audience; use manual intent verdict, no MAX/sum universe",KW-810672fc504b
como puedo ahorrar dinero sin gastarlo,1,E10,assisted_only,assisted_only,False,"Text core is not an independent audience; use manual intent verdict, no MAX/sum universe",KW-7226f944f066
como puedo ahorrar mi dinero,1,E10,assisted_only,assisted_only,False,"Text core is not an independent audience; use manual intent verdict, no MAX/sum universe",KW-7599bc5285e4
como puedo retirar mi afp,1,X03,excluded,excluded,False,"Text core is not an independent audience; use manual intent verdict, no MAX/sum universe",KW-920bdb338ca8
como puedo saber cuanto tengo en mi afp,1,X03,excluded,excluded,False,"Text core is not an independent audience; use manual intent verdict, no MAX/sum universe",KW-18652e998f32
como rastrear un número de teléfono,1,E02,assisted_only,assisted_only,False,"Text core is not an independent audience; use manual intent verdict, no MAX/sum universe",KW-b1e5718cfe09
como rastrear una transferencia bancaria,2,E02,assisted_only,assisted_only,False,"Text core is not an independent audience; use manual intent verdict, no MAX/sum universe",KW-e2b9bf888829;KW-c0ca44346a16
como rastrear una transferencia bancaria colombia,1,X03,excluded,excluded,False,"Text core is not an independent audience; use manual intent verdict, no MAX/sum universe",KW-8e5786b1345d
como realizar una transferencia bancaria,2,E07,assisted_or_service_only,assisted_or_service_only,False,"Text core is not an independent audience; use manual intent verdict, no MAX/sum universe",KW-a7b4b4b722f4;KW-4796d535c147
como realizar una transferencia bancaria por home banking banco nacion,1,X01,not_acquisition_default,not_acquisition_default,False,"Text core is not an independent audience; use manual intent verdict, no MAX/sum universe",KW-6eb4fb220fc6
como realizar una transferencia bancaria por home banking banco provincia,1,X01,not_acquisition_default,not_acquisition_default,False,"Text core is not an independent audience; use manual intent verdict, no MAX/sum universe",KW-f457b6f42a56
como realizar una transferencia bancaria por internet,1,E07,assisted_or_service_only,assisted_or_service_only,False,"Text core is not an independent audience; use manual intent verdict, no MAX/sum universe",KW-a84673045a0f
como recargar diamantes en free fire con transferencia bancaria,1,E07,assisted_or_service_only,assisted_or_service_only,False,"Text core is not an independent audience; use manual intent verdict, no MAX/sum universe",KW-3350d1a4ade0
como recibir dinero del extranjero,1,X03,excluded,excluded,False,"Text core is not an independent audience; use manual intent verdict, no MAX/sum universe",KW-ec3cb49f182e
como recibir una transferencia bancaria internacional,1,X03,excluded,excluded,False,"Text core is not an independent audience; use manual intent verdict, no MAX/sum universe",KW-40cc5dc13fff
como recuperar mi cuenta digital bbva,1,X01,not_acquisition_default,not_acquisition_default,False,"Text core is not an independent audience; use manual intent verdict, no MAX/sum universe",KW-e4b522c6f567
como recuperar mi yape con dni,1,X01,not_acquisition_default,not_acquisition_default,False,"Text core is not an independent audience; use manual intent verdict, no MAX/sum universe",KW-cf55c3dc6c90
como registrarse en yape sin dni,1,X01,not_acquisition_default,not_acquisition_default,False,"Text core is not an independent audience; use manual intent verdict, no MAX/sum universe",KW-075197d84d9c
como retirar de cuenta ahorros nu,1,X04,excluded_or_manual_review,excluded_or_manual_review,False,"Text core is not an independent audience; use manual intent verdict, no MAX/sum universe",KW-7086e26d2f6c
como retirar dinero de apuesta total transferencia bancaria,1,X03,excluded,excluded,False,"Text core is not an independent audience; use manual intent verdict, no MAX/sum universe",KW-8ecd30b657f8
como retirar dinero de bet365 mediante transferencia bancaria,1,X03,excluded,excluded,False,"Text core is not an independent audience; use manual intent verdict, no MAX/sum universe",KW-639702fc2b9e
como retirar dinero del bcp en el extranjero,1,X01,not_acquisition_default,not_acquisition_default,False,"Text core is not an independent audience; use manual intent verdict, no MAX/sum universe",KW-db1f3a0ef6e5
como retirar mi afp profuturo,1,X03,excluded,excluded,False,"Text core is not an independent audience; use manual intent verdict, no MAX/sum universe",KW-406ffafa8e36
como retirar mi cts,2,X03,excluded,excluded,False,"Text core is not an independent audience; use manual intent verdict, no MAX/sum universe",KW-6264cc355192;KW-2136066853cd
como retiro afp,1,X03,excluded,excluded,False,"Text core is not an independent audience; use manual intent verdict, no MAX/sum universe",KW-9eaeb4e855f8
como saber ahorrar dinero en casa,1,E10,assisted_only,assisted_only,False,"Text core is not an independent audience; use manual intent verdict, no MAX/sum universe",KW-ea7a22f74901
como saber como va mi solicitud de afp,1,X03,excluded,excluded,False,"Text core is not an independent audience; use manual intent verdict, no MAX/sum universe",KW-4b3c5a587f4e
como saber cual es mi cuenta en dolares bcp,1,X01,not_acquisition_default,not_acquisition_default,False,"Text core is not an independent audience; use manual intent verdict, no MAX/sum universe",KW-e35797bc338d
como saber cual es mi numero bitel,1,X04,excluded_or_manual_review,excluded_or_manual_review,False,"Text core is not an independent audience; use manual intent verdict, no MAX/sum universe",KW-6f667ab167d6
como saber cual es mi numero de cuenta bcp,1,X01,not_acquisition_default,not_acquisition_default,False,"Text core is not an independent audience; use manual intent verdict, no MAX/sum universe",KW-d9200d7b850e
como saber cuanto tengo en mi afp,1,X03,excluded,excluded,False,"Text core is not an independent audience; use manual intent verdict, no MAX/sum universe",KW-309728c9eb91
como saber cuantos numeros tengo en claro,1,X04,excluded_or_manual_review,excluded_or_manual_review,False,"Text core is not an independent audience; use manual intent verdict, no MAX/sum universe",KW-628a86bd0c59
como saber cuantos vehiculos tengo a mi nombre,1,X04,excluded_or_manual_review,excluded_or_manual_review,False,"Text core is not an independent audience; use manual intent verdict, no MAX/sum universe",KW-18f85859fb6d
como saber cuánto tengo en mi afp con mi dni,1,X03,excluded,excluded,False,"Text core is not an independent audience; use manual intent verdict, no MAX/sum universe",KW-7a255822ef00
como saber cuánto tengo en mi afp integra,1,X03,excluded,excluded,False,"Text core is not an independent audience; use manual intent verdict, no MAX/sum universe",KW-479fa8988bd7
como saber cuánto tengo en mi afp prima,1,X01,not_acquisition_default,not_acquisition_default,False,"Text core is not an independent audience; use manual intent verdict, no MAX/sum universe",KW-d92964d8fb2b
como saber cuánto tengo en mi afp profuturo,1,X03,excluded,excluded,False,"Text core is not an independent audience; use manual intent verdict, no MAX/sum universe",KW-61aafa0e8dee
como saber desde cuando estoy afiliado a la onp,1,X04,excluded_or_manual_review,excluded_or_manual_review,False,"Text core is not an independent audience; use manual intent verdict, no MAX/sum universe",KW-b32dc30d0fe8
como saber dni con nombre,1,X04,excluded_or_manual_review,excluded_or_manual_review,False,"Text core is not an independent audience; use manual intent verdict, no MAX/sum universe",KW-8a3d151d2b1c
como saber donde estoy asegurado,1,X04,excluded_or_manual_review,excluded_or_manual_review,False,"Text core is not an independent audience; use manual intent verdict, no MAX/sum universe",KW-b88d6f7d5921
como saber donde tengo cuenta de ahorros,1,X04,excluded_or_manual_review,excluded_or_manual_review,False,"Text core is not an independent audience; use manual intent verdict, no MAX/sum universe",KW-8d1452554439
como saber el cci de una cuenta,1,E06,assisted_or_service_only,assisted_or_service_only,False,"Text core is not an independent audience; use manual intent verdict, no MAX/sum universe",KW-b94427213134
como saber el numero de cuenta de mi tarjeta bcp,1,X03,excluded,excluded,False,"Text core is not an independent audience; use manual intent verdict, no MAX/sum universe",KW-c052bf75fde3
como saber el numero de mi cuenta de ahorros,1,B03,service_baseline_required,service_baseline_required,False,"Text core is not an independent audience; use manual intent verdict, no MAX/sum universe",KW-f22f9306d199
como saber el número de cuenta ahorros en davivienda,1,X01,not_acquisition_default,not_acquisition_default,False,"Text core is not an independent audience; use manual intent verdict, no MAX/sum universe",KW-2642dd464ed4
como saber el origen de una transferencia bancaria,1,E07,assisted_or_service_only,assisted_or_service_only,False,"Text core is not an independent audience; use manual intent verdict, no MAX/sum universe",KW-ccea8338f66b
como saber la contraseña de facebook,1,X04,excluded_or_manual_review,excluded_or_manual_review,False,"Text core is not an independent audience; use manual intent verdict, no MAX/sum universe",KW-e3d612d2db22
como saber mi cci bcp,1,X01,not_acquisition_default,not_acquisition_default,False,"Text core is not an independent audience; use manual intent verdict, no MAX/sum universe",KW-97506a39c769
como saber mi correo de yape,1,X04,excluded_or_manual_review,excluded_or_manual_review,False,"Text core is not an independent audience; use manual intent verdict, no MAX/sum universe",KW-8fb22febe18c
como saber mi cuenta bcp,2,X01,not_acquisition_default,not_acquisition_default,False,"Text core is not an independent audience; use manual intent verdict, no MAX/sum universe",KW-6288bfc5cdd7;KW-f3ea5154fbff
como saber mi cuenta de ahorros bcp,1,C05,competitor_consideration_requires_serp,competitor_consideration_requires_serp,False,"Text core is not an independent audience; use manual intent verdict, no MAX/sum universe",KW-a05f4704166f
como saber mi cuenta de ahorros del bcp,1,C05,competitor_consideration_requires_serp,competitor_consideration_requires_serp,False,"Text core is not an independent audience; use manual intent verdict, no MAX/sum universe",KW-b6c39fdb0058
como saber mi cuenta de ahorros interbank,1,C05,competitor_consideration_requires_serp,competitor_consideration_requires_serp,False,"Text core is not an independent audience; use manual intent verdict, no MAX/sum universe",KW-660111fe3618
como saber mi cuenta de ahorros scotiabank,1,C05,competitor_consideration_requires_serp,competitor_consideration_requires_serp,False,"Text core is not an independent audience; use manual intent verdict, no MAX/sum universe",KW-4f928d4135b3
como saber mi numero de cuenta,1,X04,excluded_or_manual_review,excluded_or_manual_review,False,"Text core is not an independent audience; use manual intent verdict, no MAX/sum universe",KW-cd1acc4d68aa
como saber mi numero de cuenta banco de la nacion,1,X01,not_acquisition_default,not_acquisition_default,False,"Text core is not an independent audience; use manual intent verdict, no MAX/sum universe",KW-3a2b123ec63c
como saber mi numero de cuenta bcp,2,X01,not_acquisition_default,not_acquisition_default,False,"Text core is not an independent audience; use manual intent verdict, no MAX/sum universe",KW-4ce76d3be9a2;KW-78ab91be152a
como saber mi numero de cuenta del bcp,1,X01,not_acquisition_default,not_acquisition_default,False,"Text core is not an independent audience; use manual intent verdict, no MAX/sum universe",KW-36f16dd6b85a
como saber mi numero de cuenta digital bcp,1,X01,not_acquisition_default,not_acquisition_default,False,"Text core is not an independent audience; use manual intent verdict, no MAX/sum universe",KW-7ad7592a3138
como saber mi numero de cuenta interbank,2,X01,not_acquisition_default,not_acquisition_default,False,"Text core is not an independent audience; use manual intent verdict, no MAX/sum universe",KW-84567be521c7;KW-77ae2185cd90
como saber mi numero de yape,1,X01,not_acquisition_default,not_acquisition_default,False,"Text core is not an independent audience; use manual intent verdict, no MAX/sum universe",KW-16508bc76816
como saber mi número de cuenta bcp con dni,1,X01,not_acquisition_default,not_acquisition_default,False,"Text core is not an independent audience; use manual intent verdict, no MAX/sum universe",KW-f52c020a528c
como saber mi número de cuenta bcp en yape,1,X01,not_acquisition_default,not_acquisition_default,False,"Text core is not an independent audience; use manual intent verdict, no MAX/sum universe",KW-e79016238b98
como saber mi número de cuenta bcp por internet,1,X01,not_acquisition_default,not_acquisition_default,False,"Text core is not an independent audience; use manual intent verdict, no MAX/sum universe",KW-209c5c811f80
como saber mi número de cuenta de ahorros bbva,1,C05,competitor_consideration_requires_serp,competitor_consideration_requires_serp,False,"Text core is not an independent audience; use manual intent verdict, no MAX/sum universe",KW-5a888f3e7a77
como saber mi número de cuenta interbank con mi dni,1,X01,not_acquisition_default,not_acquisition_default,False,"Text core is not an independent audience; use manual intent verdict, no MAX/sum universe",KW-f72b63ae3f90
como saber mi número de libreta militar perú,1,X04,excluded_or_manual_review,excluded_or_manual_review,False,"Text core is not an independent audience; use manual intent verdict, no MAX/sum universe",KW-f1cace1399f1
como saber mi número de ruc con mi dni,1,X03,excluded,excluded,False,"Text core is not an independent audience; use manual intent verdict, no MAX/sum universe",KW-52272d1a0f40
como saber mi número de tarjeta bcp,1,X03,excluded,excluded,False,"Text core is not an independent audience; use manual intent verdict, no MAX/sum universe",KW-2c87616dbfa0
como saber mi número de tarjeta bcp con dni,1,X03,excluded,excluded,False,"Text core is not an independent audience; use manual intent verdict, no MAX/sum universe",KW-0a2df67b7202
como saber mi número de teléfono movistar,1,X04,excluded_or_manual_review,excluded_or_manual_review,False,"Text core is not an independent audience; use manual intent verdict, no MAX/sum universe",KW-1588b49bcc80
como saber mi número movistar perú,1,X04,excluded_or_manual_review,excluded_or_manual_review,False,"Text core is not an independent audience; use manual intent verdict, no MAX/sum universe",KW-a18dc766b322
como saber mi ubigeo,1,X04,excluded_or_manual_review,excluded_or_manual_review,False,"Text core is not an independent audience; use manual intent verdict, no MAX/sum universe",KW-497d14ad6bff
como saber mis dias fertiles,1,X04,excluded_or_manual_review,excluded_or_manual_review,False,"Text core is not an independent audience; use manual intent verdict, no MAX/sum universe",KW-698d17d56eeb
como saber numero de cuenta bcp,1,X01,not_acquisition_default,not_acquisition_default,False,"Text core is not an independent audience; use manual intent verdict, no MAX/sum universe",KW-c4ee8f3f3ebc
como saber que operador es un número perú,1,X04,excluded_or_manual_review,excluded_or_manual_review,False,"Text core is not an independent audience; use manual intent verdict, no MAX/sum universe",KW-dd148c1355af
como saber que tipo de cuenta tengo en bcp,1,X01,not_acquisition_default,not_acquisition_default,False,"Text core is not an independent audience; use manual intent verdict, no MAX/sum universe",KW-adc011153324
como saber quien me hizo una transferencia bancaria,1,E07,assisted_or_service_only,assisted_or_service_only,False,"Text core is not an independent audience; use manual intent verdict, no MAX/sum universe",KW-7a7d876359d3
como saber quien me hizo una transferencia bancaria banco ciudad,1,E07,assisted_or_service_only,assisted_or_service_only,False,"Text core is not an independent audience; use manual intent verdict, no MAX/sum universe",KW-7568c5a2fe07
como saber quien me hizo una transferencia bancaria banco nación,1,X01,not_acquisition_default,not_acquisition_default,False,"Text core is not an independent audience; use manual intent verdict, no MAX/sum universe",KW-6adf1f98fca1
como saber quien me hizo una transferencia bancaria banco provincia,1,X01,not_acquisition_default,not_acquisition_default,False,"Text core is not an independent audience; use manual intent verdict, no MAX/sum universe",KW-482c053aebc3
como saber quien me hizo una transferencia bancaria bbva,1,X01,not_acquisition_default,not_acquisition_default,False,"Text core is not an independent audience; use manual intent verdict, no MAX/sum universe",KW-3e987ed1e7b7
como saber quien me hizo una transferencia bancaria santander,1,X01,not_acquisition_default,not_acquisition_default,False,"Text core is not an independent audience; use manual intent verdict, no MAX/sum universe",KW-72ca51f1263d
como saber quien te deja de seguir en instagram,1,X04,excluded_or_manual_review,excluded_or_manual_review,False,"Text core is not an independent audience; use manual intent verdict, no MAX/sum universe",KW-bb5a1a6fe940
como saber quién me hizo una transferencia bancaria bcp,1,X01,not_acquisition_default,not_acquisition_default,False,"Text core is not an independent audience; use manual intent verdict, no MAX/sum universe",KW-e3bfbe45c041
como saber si espian mi celular,1,X04,excluded_or_manual_review,excluded_or_manual_review,False,"Text core is not an independent audience; use manual intent verdict, no MAX/sum universe",KW-181c79109b9a
como saber si estoy censado,1,X04,excluded_or_manual_review,excluded_or_manual_review,False,"Text core is not an independent audience; use manual intent verdict, no MAX/sum universe",KW-6dd1e85b4a71
como saber si estoy en extrema pobreza,1,X04,excluded_or_manual_review,excluded_or_manual_review,False,"Text core is not an independent audience; use manual intent verdict, no MAX/sum universe",KW-2ff22c13d2cb
como saber si mi airpods son originales,1,X04,excluded_or_manual_review,excluded_or_manual_review,False,"Text core is not an independent audience; use manual intent verdict, no MAX/sum universe",KW-a3eba55d216b
como saber si mi cuenta de ahorro esta activa,1,B03,service_baseline_required,service_baseline_required,False,"Text core is not an independent audience; use manual intent verdict, no MAX/sum universe",KW-aa8c3f508b0f
como saber si mi cuenta de ahorros bancolombia esta activa,1,X01,not_acquisition_default,not_acquisition_default,False,"Text core is not an independent audience; use manual intent verdict, no MAX/sum universe",KW-025d1d48b262
como saber si mi cuenta es de ahorro o corriente,1,C03,assisted_only,assisted_only,False,"Text core is not an independent audience; use manual intent verdict, no MAX/sum universe",KW-6b2f27714715
como saber si mi distrito es pobre o pobre extremo,1,X04,excluded_or_manual_review,excluded_or_manual_review,False,"Text core is not an independent audience; use manual intent verdict, no MAX/sum universe",KW-40645c0e5bf7
como saber si mi hijo es autista,2,X04,excluded_or_manual_review,excluded_or_manual_review,False,"Text core is not an independent audience; use manual intent verdict, no MAX/sum universe",KW-846b6a9b7ec3;KW-0c04b6e6ee09
como saber si mi telefono esta intervenido,1,X04,excluded_or_manual_review,excluded_or_manual_review,False,"Text core is not an independent audience; use manual intent verdict, no MAX/sum universe",KW-9f151338e31c
como saber si se realizo una transferencia bancaria,1,E07,assisted_or_service_only,assisted_or_service_only,False,"Text core is not an independent audience; use manual intent verdict, no MAX/sum universe",KW-56999993aeae
como saber si tengo brevete,1,X04,excluded_or_manual_review,excluded_or_manual_review,False,"Text core is not an independent audience; use manual intent verdict, no MAX/sum universe",KW-46dbeb5b0a47
como saber si tengo cts,1,X03,excluded,excluded,False,"Text core is not an independent audience; use manual intent verdict, no MAX/sum universe",KW-d9995c5856de
como saber si tengo cuenta en dolares,1,X02,product_launch_required,product_launch_required,False,"Text core is not an independent audience; use manual intent verdict, no MAX/sum universe",KW-a31ac0398329
como saber si tengo depresion,1,X04,excluded_or_manual_review,excluded_or_manual_review,False,"Text core is not an independent audience; use manual intent verdict, no MAX/sum universe",KW-21d0c2c30388
como saber si tengo deuda en la sunat,1,X03,excluded,excluded,False,"Text core is not an independent audience; use manual intent verdict, no MAX/sum universe",KW-3ed44f16e4b5
como saber si tengo essalud con mi dni,1,X04,excluded_or_manual_review,excluded_or_manual_review,False,"Text core is not an independent audience; use manual intent verdict, no MAX/sum universe",KW-bdfba5016e9d
como saber si tengo una cuenta sueldo en el bcp,1,X01,not_acquisition_default,not_acquisition_default,False,"Text core is not an independent audience; use manual intent verdict, no MAX/sum universe",KW-a43d595f83a2
como saber si tengo utilidades por cobrar perú,1,X04,excluded_or_manual_review,excluded_or_manual_review,False,"Text core is not an independent audience; use manual intent verdict, no MAX/sum universe",KW-fbae2acebb17
como saber si ya llego mi encomienda en shalom,1,X04,excluded_or_manual_review,excluded_or_manual_review,False,"Text core is not an independent audience; use manual intent verdict, no MAX/sum universe",KW-cd72f077e1ef
como saber si ya me depositaron mi afp,1,X03,excluded,excluded,False,"Text core is not an independent audience; use manual intent verdict, no MAX/sum universe",KW-ede78d888ec3
como saber tu numero claro,1,X04,excluded_or_manual_review,excluded_or_manual_review,False,"Text core is not an independent audience; use manual intent verdict, no MAX/sum universe",KW-3b23de4e8f87
como saber tu numero de cuenta bcp,1,X01,not_acquisition_default,not_acquisition_default,False,"Text core is not an independent audience; use manual intent verdict, no MAX/sum universe",KW-11a5c29bf6bc
como saber tu numero movistar,1,X04,excluded_or_manual_review,excluded_or_manual_review,False,"Text core is not an independent audience; use manual intent verdict, no MAX/sum universe",KW-085d28dfb343
como sacar cuenta de ahorro banco pichincha,1,C05,competitor_consideration_requires_serp,competitor_consideration_requires_serp,False,"Text core is not an independent audience; use manual intent verdict, no MAX/sum universe",KW-c258316634f2
como sacar cuenta de ahorros banco de la nacion,1,X01,not_acquisition_default,not_acquisition_default,False,"Text core is not an independent audience; use manual intent verdict, no MAX/sum universe",KW-04800cfa9a29
como sacar cuenta de ahorros bcp,1,C05,competitor_consideration_requires_serp,competitor_consideration_requires_serp,False,"Text core is not an independent audience; use manual intent verdict, no MAX/sum universe",KW-6405aaa2b191
como sacar cuenta de ahorros interbank,1,C05,competitor_consideration_requires_serp,competitor_consideration_requires_serp,False,"Text core is not an independent audience; use manual intent verdict, no MAX/sum universe",KW-5a6fd3dfef57
como sacar cuenta en dolares,1,X02,product_launch_required,product_launch_required,False,"Text core is not an independent audience; use manual intent verdict, no MAX/sum universe",KW-129ebddebfda
como sacar cuenta en dolares bcp,1,X01,not_acquisition_default,not_acquisition_default,False,"Text core is not an independent audience; use manual intent verdict, no MAX/sum universe",KW-0c69101d1e9e
como sacar mi afp,1,X03,excluded,excluded,False,"Text core is not an independent audience; use manual intent verdict, no MAX/sum universe",KW-3b563bd4abb7
como sacar mi numero de cuenta bcp,1,X01,not_acquisition_default,not_acquisition_default,False,"Text core is not an independent audience; use manual intent verdict, no MAX/sum universe",KW-33a1501c9982
como sacar numero de cuenta bcp,1,X01,not_acquisition_default,not_acquisition_default,False,"Text core is not an independent audience; use manual intent verdict, no MAX/sum universe",KW-6ee6bc7df934
como sacar un numero de yape,1,X01,not_acquisition_default,not_acquisition_default,False,"Text core is not an independent audience; use manual intent verdict, no MAX/sum universe",KW-dccfdbd2018a
como sacar una cuenta de ahorro,2,A07,market_proxy_sensitivity,market_proxy_sensitivity,False,"Text core is not an independent audience; use manual intent verdict, no MAX/sum universe",KW-6d95863655b3;KW-94670a5e9c9a
como sacar una cuenta de ahorro digital,1,C02,conditional_not_default,conditional_not_default,False,"Text core is not an independent audience; use manual intent verdict, no MAX/sum universe",KW-81bb01c83cef
como sacar una cuenta de ahorro digital banreservas,1,X01,not_acquisition_default,not_acquisition_default,False,"Text core is not an independent audience; use manual intent verdict, no MAX/sum universe",KW-e24edd2f3e0e
como sacar una cuenta de ahorros online,1,X04,excluded_or_manual_review,excluded_or_manual_review,False,"Text core is not an independent audience; use manual intent verdict, no MAX/sum universe",KW-7695de3729ac
como sacar yape,1,X01,not_acquisition_default,not_acquisition_default,False,"Text core is not an independent audience; use manual intent verdict, no MAX/sum universe",KW-7f24f3db2fe3
como sacar yape con dni,1,X01,not_acquisition_default,not_acquisition_default,False,"Text core is not an independent audience; use manual intent verdict, no MAX/sum universe",KW-f46a3bcc85e4
como se calcula la gratificacion,1,X03,excluded,excluded,False,"Text core is not an independent audience; use manual intent verdict, no MAX/sum universe",KW-11fca7c13cb0
como se calcula la tasa de interes,1,X04,excluded_or_manual_review,excluded_or_manual_review,False,"Text core is not an independent audience; use manual intent verdict, no MAX/sum universe",KW-b01520e5ed1a
como se calculan los intereses de una cuenta de ahorros,1,E03,assisted_only,assisted_only,False,"Text core is not an independent audience; use manual intent verdict, no MAX/sum universe",KW-fef350832e54
como se dice ahorrar dinero en inglés,1,X01,not_acquisition_default,not_acquisition_default,False,"Text core is not an independent audience; use manual intent verdict, no MAX/sum universe",KW-7914eaba3a8a
como se dice cuenta de ahorro en inglés,1,X01,not_acquisition_default,not_acquisition_default,False,"Text core is not an independent audience; use manual intent verdict, no MAX/sum universe",KW-cdf472b57c84
como se dice matemática en inglés,1,X01,not_acquisition_default,not_acquisition_default,False,"Text core is not an independent audience; use manual intent verdict, no MAX/sum universe",KW-00452a03b28a
como se dice número en inglés,1,X01,not_acquisition_default,not_acquisition_default,False,"Text core is not an independent audience; use manual intent verdict, no MAX/sum universe",KW-8450da89d624
como se escribe hojo,1,X04,excluded_or_manual_review,excluded_or_manual_review,False,"Text core is not an independent audience; use manual intent verdict, no MAX/sum universe",KW-9fc432099beb
como se hace un folleto,1,X04,excluded_or_manual_review,excluded_or_manual_review,False,"Text core is not an independent audience; use manual intent verdict, no MAX/sum universe",KW-d6d23b110e14
como se hace una transferencia bancaria,2,E07,assisted_or_service_only,assisted_or_service_only,False,"Text core is not an independent audience; use manual intent verdict, no MAX/sum universe",KW-0850bb328755;KW-342a38411b06
como se hace una transferencia bancaria en efectivo,1,E07,assisted_or_service_only,assisted_or_service_only,False,"Text core is not an independent audience; use manual intent verdict, no MAX/sum universe",KW-e57d1fc248ad
como se hace una transferencia bancaria por cajero,1,E07,assisted_or_service_only,assisted_or_service_only,False,"Text core is not an independent audience; use manual intent verdict, no MAX/sum universe",KW-86526115ce2c
como se hace una transferencia bancaria por internet,1,E07,assisted_or_service_only,assisted_or_service_only,False,"Text core is not an independent audience; use manual intent verdict, no MAX/sum universe",KW-938516b4becf
como se juega 21 en cartas,1,X04,excluded_or_manual_review,excluded_or_manual_review,False,"Text core is not an independent audience; use manual intent verdict, no MAX/sum universe",KW-711f4317d7d3
como se juega la tinka en peru,1,X04,excluded_or_manual_review,excluded_or_manual_review,False,"Text core is not an independent audience; use manual intent verdict, no MAX/sum universe",KW-cbad3d6a4252
como se produce la lluvia,1,X04,excluded_or_manual_review,excluded_or_manual_review,False,"Text core is not an independent audience; use manual intent verdict, no MAX/sum universe",KW-00f867759814
como se registra una transferencia bancaria en contabilidad,1,X03,excluded,excluded,False,"Text core is not an independent audience; use manual intent verdict, no MAX/sum universe",KW-73066644bf2b
como se si mi cuenta es de ahorros o corriente,1,C03,assisted_only,assisted_only,False,"Text core is not an independent audience; use manual intent verdict, no MAX/sum universe",KW-7564a47131ea
como tener cuenta en dolares bcp,1,X01,not_acquisition_default,not_acquisition_default,False,"Text core is not an independent audience; use manual intent verdict, no MAX/sum universe",KW-ab163b091356
como tener una cuenta de ahorros,1,A07,market_proxy_sensitivity,market_proxy_sensitivity,False,"Text core is not an independent audience; use manual intent verdict, no MAX/sum universe",KW-f370494745a3
como tener yape,1,X01,not_acquisition_default,not_acquisition_default,False,"Text core is not an independent audience; use manual intent verdict, no MAX/sum universe",KW-d28220bfecc3
como transferencia bancaria,1,E07,assisted_or_service_only,assisted_or_service_only,False,"Text core is not an independent audience; use manual intent verdict, no MAX/sum universe",KW-f557696a0410
como transferir,1,E07,assisted_or_service_only,assisted_or_service_only,False,"Text core is not an independent audience; use manual intent verdict, no MAX/sum universe",KW-9c24c4fce877
como transferir a otro banco,1,E07,assisted_or_service_only,assisted_or_service_only,False,"Text core is not an independent audience; use manual intent verdict, no MAX/sum universe",KW-7f8bb750c298
como transferir de bcp a bbva por celular,1,X01,not_acquisition_default,not_acquisition_default,False,"Text core is not an independent audience; use manual intent verdict, no MAX/sum universe",KW-09ca13b57a7d
como transferir mi cts a mi cuenta de ahorros,1,X03,excluded,excluded,False,"Text core is not an independent audience; use manual intent verdict, no MAX/sum universe",KW-b7a2feeebe28
como transferir mi cts a mi cuenta de ahorros 2022,1,X03,excluded,excluded,False,"Text core is not an independent audience; use manual intent verdict, no MAX/sum universe",KW-18cd9a4e65ec
como transferir mi cts a mi cuenta de ahorros bbva,1,X01,not_acquisition_default,not_acquisition_default,False,"Text core is not an independent audience; use manual intent verdict, no MAX/sum universe",KW-0233753b0f71
como transferir mi cts a mi cuenta de ahorros bcp,1,X01,not_acquisition_default,not_acquisition_default,False,"Text core is not an independent audience; use manual intent verdict, no MAX/sum universe",KW-183fe1fdca44
como transferir mi cts a mi cuenta de ahorros interbank,1,X01,not_acquisition_default,not_acquisition_default,False,"Text core is not an independent audience; use manual intent verdict, no MAX/sum universe",KW-ea3a800fbba5
como transferir mi cts a mi cuenta de ahorros scotiabank,1,X01,not_acquisition_default,not_acquisition_default,False,"Text core is not an independent audience; use manual intent verdict, no MAX/sum universe",KW-ea33015d4951
como va,1,X04,excluded_or_manual_review,excluded_or_manual_review,False,"Text core is not an independent audience; use manual intent verdict, no MAX/sum universe",KW-53878f419ff0
como va mi retiro afp,1,X03,excluded,excluded,False,"Text core is not an independent audience; use manual intent verdict, no MAX/sum universe",KW-28d291ee24d9
como va mi solicitud de afp,2,X03,excluded,excluded,False,"Text core is not an independent audience; use manual intent verdict, no MAX/sum universe",KW-8725577a467a;KW-add374e7826a
como va mi solicitud de afp profuturo,1,X03,excluded,excluded,False,"Text core is not an independent audience; use manual intent verdict, no MAX/sum universe",KW-c22a5bf08b0d
como va mi solicitud de retiro,1,X04,excluded_or_manual_review,excluded_or_manual_review,False,"Text core is not an independent audience; use manual intent verdict, no MAX/sum universe",KW-dc8b9977e8ce
como va mi solicitud de retiro afp habitat,1,X03,excluded,excluded,False,"Text core is not an independent audience; use manual intent verdict, no MAX/sum universe",KW-4e5d5cab9e08
como va mi solicitud de retiro de afp,2,X03,excluded,excluded,False,"Text core is not an independent audience; use manual intent verdict, no MAX/sum universe",KW-91c105d3d7ad;KW-cf5bff7cfc11
como validar mis datos para el bono 600 cuenta digital,1,C02,conditional_not_default,conditional_not_default,False,"Text core is not an independent audience; use manual intent verdict, no MAX/sum universe",KW-a7ff3d435f35
como ver cuanto tengo en mi afp,1,X03,excluded,excluded,False,"Text core is not an independent audience; use manual intent verdict, no MAX/sum universe",KW-9c2c16184363
como ver cuenta de ahorros bcp,1,C05,competitor_consideration_requires_serp,competitor_consideration_requires_serp,False,"Text core is not an independent audience; use manual intent verdict, no MAX/sum universe",KW-ec57ec14f953
como ver mi afp,1,X03,excluded,excluded,False,"Text core is not an independent audience; use manual intent verdict, no MAX/sum universe",KW-c11c4e3b4508
como ver mi cts en bcp,1,X01,not_acquisition_default,not_acquisition_default,False,"Text core is not an independent audience; use manual intent verdict, no MAX/sum universe",KW-02a09f171cfa
como ver mi cuenta de ahorros bcp,1,C05,competitor_consideration_requires_serp,competitor_consideration_requires_serp,False,"Text core is not an independent audience; use manual intent verdict, no MAX/sum universe",KW-45c452d705c9
como ver mi cuenta de ahorros scotiabank por internet,1,C05,competitor_consideration_requires_serp,competitor_consideration_requires_serp,False,"Text core is not an independent audience; use manual intent verdict, no MAX/sum universe",KW-446cdd615448
como ver mi estado de cuenta bcp en mi celular,1,X01,not_acquisition_default,not_acquisition_default,False,"Text core is not an independent audience; use manual intent verdict, no MAX/sum universe",KW-6a3319f0789d
como ver mi licencia de conducir virtual,1,X04,excluded_or_manual_review,excluded_or_manual_review,False,"Text core is not an independent audience; use manual intent verdict, no MAX/sum universe",KW-eaa7d9428091
como ver mi saldo en movistar,1,X04,excluded_or_manual_review,excluded_or_manual_review,False,"Text core is not an independent audience; use manual intent verdict, no MAX/sum universe",KW-84cf0a58708d
como ver saldo en movistar,1,X04,excluded_or_manual_review,excluded_or_manual_review,False,"Text core is not an independent audience; use manual intent verdict, no MAX/sum universe",KW-eadc6ab153dd
como ver una transferencia bancaria bcp,1,X01,not_acquisition_default,not_acquisition_default,False,"Text core is not an independent audience; use manual intent verdict, no MAX/sum universe",KW-28a0a6417be4
como verificar transferencias bancarias,1,E07,assisted_or_service_only,assisted_or_service_only,False,"Text core is not an independent audience; use manual intent verdict, no MAX/sum universe",KW-07f815fc89e8
como verificar una transferencia bancaria argentina,1,X03,excluded,excluded,False,"Text core is not an independent audience; use manual intent verdict, no MAX/sum universe",KW-f94e737c8c23
como verificar una transferencia bancaria banco pichincha,1,X01,not_acquisition_default,not_acquisition_default,False,"Text core is not an independent audience; use manual intent verdict, no MAX/sum universe",KW-26ce28b86da7
como verificar una transferencia bancaria bancolombia,1,X01,not_acquisition_default,not_acquisition_default,False,"Text core is not an independent audience; use manual intent verdict, no MAX/sum universe",KW-fac078903f84
como verificar una transferencia bancaria bbva,1,X01,not_acquisition_default,not_acquisition_default,False,"Text core is not an independent audience; use manual intent verdict, no MAX/sum universe",KW-8fff2c36c0d5
como verificar una transferencia bancaria bcp,1,X01,not_acquisition_default,not_acquisition_default,False,"Text core is not an independent audience; use manual intent verdict, no MAX/sum universe",KW-32fcf6a9790c
como vincular mi yape con dni a tarjeta,1,X03,excluded,excluded,False,"Text core is not an independent audience; use manual intent verdict, no MAX/sum universe",KW-ad14c9e5ab12
como volver nequi a cuenta de ahorros,1,X01,not_acquisition_default,not_acquisition_default,False,"Text core is not an independent audience; use manual intent verdict, no MAX/sum universe",KW-00762497bdf9
comparabien cuenta de ahorros,3,C05,competitor_consideration_requires_serp,competitor_consideration_requires_serp,False,"Text core is not an independent audience; use manual intent verdict, no MAX/sum universe",KW-9946421c4693;KW-6415ed680ba7;KW-822d9eb549cb
comparar cuentas de ahorro,1,A04,market_proxy_sensitivity,market_proxy_sensitivity,False,"Text core is not an independent audience; use manual intent verdict, no MAX/sum universe",KW-3904823fba97
comparar tasas de interés sbs,1,X01,not_acquisition_default,not_acquisition_default,False,"Text core is not an independent audience; use manual intent verdict, no MAX/sum universe",KW-34c8584d76bb
compartamos financiera cuenta de ahorro,2,X01,not_acquisition_default,not_acquisition_default,False,"Text core is not an independent audience; use manual intent verdict, no MAX/sum universe",KW-619c418e3cba;KW-fef354606440
compas,1,X04,excluded_or_manual_review,excluded_or_manual_review,False,"Text core is not an independent audience; use manual intent verdict, no MAX/sum universe",KW-553f1d514187
comprar bitcoin transferencia bancaria,1,E07,assisted_or_service_only,assisted_or_service_only,False,"Text core is not an independent audience; use manual intent verdict, no MAX/sum universe",KW-f87ccf3a6a84
comprar criptomonedas con transferencia bancaria,1,E07,assisted_or_service_only,assisted_or_service_only,False,"Text core is not an independent audience; use manual intent verdict, no MAX/sum universe",KW-c4472c628613
comprar dolares sin cuenta en dolares,1,X02,product_launch_required,product_launch_required,False,"Text core is not an independent audience; use manual intent verdict, no MAX/sum universe",KW-237af43d5fdf
con cuanto dinero puedo abrir una cuenta de ahorros,1,A08,market_proxy_pending_serp,market_proxy_pending_serp,False,"Text core is not an independent audience; use manual intent verdict, no MAX/sum universe",KW-5a01aff8f961
con cuanto puedo abrir una cuenta de ahorros,1,A08,market_proxy_pending_serp,market_proxy_pending_serp,False,"Text core is not an independent audience; use manual intent verdict, no MAX/sum universe",KW-f2f867e52d47
con cuanto se abre una cuenta de ahorro,1,A08,market_proxy_pending_serp,market_proxy_pending_serp,False,"Text core is not an independent audience; use manual intent verdict, no MAX/sum universe",KW-1305d5dcfed8
conjunto de numeros naturales,1,X04,excluded_or_manual_review,excluded_or_manual_review,False,"Text core is not an independent audience; use manual intent verdict, no MAX/sum universe",KW-f5e0f45f8a1a
conoce tu cci bcp,1,X01,not_acquisition_default,not_acquisition_default,False,"Text core is not an independent audience; use manual intent verdict, no MAX/sum universe",KW-3ab9d58fa00f
constancia de consulta de cci cuenta de ahorros en mn,1,E06,assisted_or_service_only,assisted_or_service_only,False,"Text core is not an independent audience; use manual intent verdict, no MAX/sum universe",KW-fa988ac5d9ed
constancia de cuenta bancaria bcp,1,X01,not_acquisition_default,not_acquisition_default,False,"Text core is not an independent audience; use manual intent verdict, no MAX/sum universe",KW-f358f677128f
constancia de cuenta de ahorros bcp,1,C05,competitor_consideration_requires_serp,competitor_consideration_requires_serp,False,"Text core is not an independent audience; use manual intent verdict, no MAX/sum universe",KW-b9bcd436b760
consulta cci,1,E06,assisted_or_service_only,assisted_or_service_only,False,"Text core is not an independent audience; use manual intent verdict, no MAX/sum universe",KW-1dbb3e92d96c
consulta cci banco de la nacion,2,X01,not_acquisition_default,not_acquisition_default,False,"Text core is not an independent audience; use manual intent verdict, no MAX/sum universe",KW-f3e87ec9f8ab;KW-023305af76fa
consulta cci bbva,2,X01,not_acquisition_default,not_acquisition_default,False,"Text core is not an independent audience; use manual intent verdict, no MAX/sum universe",KW-ac6e7486ed5f;KW-3a2eb56119bd
consulta cci bcp,1,X01,not_acquisition_default,not_acquisition_default,False,"Text core is not an independent audience; use manual intent verdict, no MAX/sum universe",KW-369f8906cad4
consulta cci interbank,2,X01,not_acquisition_default,not_acquisition_default,False,"Text core is not an independent audience; use manual intent verdict, no MAX/sum universe",KW-e6e8346a2614;KW-809c551b5b2e
consulta codigo interbancario bbva,1,X01,not_acquisition_default,not_acquisition_default,False,"Text core is not an independent audience; use manual intent verdict, no MAX/sum universe",KW-13b1e3428a3d
consulta cuenta de ahorros banco de la nacion,1,X01,not_acquisition_default,not_acquisition_default,False,"Text core is not an independent audience; use manual intent verdict, no MAX/sum universe",KW-ba867e828503
consulta de autorizacion de levante por numero de dua,1,X04,excluded_or_manual_review,excluded_or_manual_review,False,"Text core is not an independent audience; use manual intent verdict, no MAX/sum universe",KW-539b62d0283e
consulta de cuenta de ahorros,1,B03,service_baseline_required,service_baseline_required,False,"Text core is not an independent audience; use manual intent verdict, no MAX/sum universe",KW-b5b2e5c98d7d
consulta de saldos,3,X04,excluded_or_manual_review,excluded_or_manual_review,False,"Text core is not an independent audience; use manual intent verdict, no MAX/sum universe",KW-5ebc7db47f94;KW-2ace91694a0a;KW-62e92a049f08
consulta multired,1,X04,excluded_or_manual_review,excluded_or_manual_review,False,"Text core is not an independent audience; use manual intent verdict, no MAX/sum universe",KW-6f381d069fad
consulta número de placa,1,X04,excluded_or_manual_review,excluded_or_manual_review,False,"Text core is not an independent audience; use manual intent verdict, no MAX/sum universe",KW-a7761255d37d
consulta retiro afp prima,1,X01,not_acquisition_default,not_acquisition_default,False,"Text core is not an independent audience; use manual intent verdict, no MAX/sum universe",KW-09d47ba8a59f
consultar mi afp,1,X03,excluded,excluded,False,"Text core is not an independent audience; use manual intent verdict, no MAX/sum universe",KW-015988ec7925
consultar mi cts bcp,1,X01,not_acquisition_default,not_acquisition_default,False,"Text core is not an independent audience; use manual intent verdict, no MAX/sum universe",KW-f4003b718f81
consultar mi cts con dni,1,X03,excluded,excluded,False,"Text core is not an independent audience; use manual intent verdict, no MAX/sum universe",KW-2c1abaa692fa
consultar numero de cuenta bcp,3,X01,not_acquisition_default,not_acquisition_default,False,"Text core is not an independent audience; use manual intent verdict, no MAX/sum universe",KW-4c00365ec109;KW-885e4951b7f7;KW-3b3ad6582317
consultar saldo banco de la nacion por celular,1,X01,not_acquisition_default,not_acquisition_default,False,"Text core is not an independent audience; use manual intent verdict, no MAX/sum universe",KW-2ec554a1ad39
consultá retiro afp,2,X03,excluded,excluded,False,"Text core is not an independent audience; use manual intent verdict, no MAX/sum universe",KW-ffb952c1dd07;KW-ed0f23f1ff10
contraseña para abrir estado de cuenta bcp empresa,1,X01,not_acquisition_default,not_acquisition_default,False,"Text core is not an independent audience; use manual intent verdict, no MAX/sum universe",KW-2b514afd0177
contrato a plazo fijo,1,X04,excluded_or_manual_review,excluded_or_manual_review,False,"Text core is not an independent audience; use manual intent verdict, no MAX/sum universe",KW-bbe2b8c3a282
contrato de apertura de cuenta de ahorros bcp,1,C05,competitor_consideration_requires_serp,competitor_consideration_requires_serp,False,"Text core is not an independent audience; use manual intent verdict, no MAX/sum universe",KW-a5049f31321f
contrato de arras transferencia bancaria,1,E07,assisted_or_service_only,assisted_or_service_only,False,"Text core is not an independent audience; use manual intent verdict, no MAX/sum universe",KW-3a556691697b
contrato de cuenta de ahorros,1,A08,market_proxy_pending_serp,market_proxy_pending_serp,False,"Text core is not an independent audience; use manual intent verdict, no MAX/sum universe",KW-b4770dda4e06
contrato de cuenta de ahorros bcp,1,C05,competitor_consideration_requires_serp,competitor_consideration_requires_serp,False,"Text core is not an independent audience; use manual intent verdict, no MAX/sum universe",KW-bc801891b813
contrato de cuenta de ahorros scotiabank,1,C05,competitor_consideration_requires_serp,competitor_consideration_requires_serp,False,"Text core is not an independent audience; use manual intent verdict, no MAX/sum universe",KW-6504223d3299
conversion de euros a dolares,1,X03,excluded,excluded,False,"Text core is not an independent audience; use manual intent verdict, no MAX/sum universe",KW-c9554d3fd093
convertir euros a dolares,1,X03,excluded,excluded,False,"Text core is not an independent audience; use manual intent verdict, no MAX/sum universe",KW-c7e6c89ff718
convertir nequi a cuenta de ahorros,1,X01,not_acquisition_default,not_acquisition_default,False,"Text core is not an independent audience; use manual intent verdict, no MAX/sum universe",KW-c18acab13ff0
conviene tener cuenta en dolares,1,X02,product_launch_required,product_launch_required,False,"Text core is not an independent audience; use manual intent verdict, no MAX/sum universe",KW-a0496105de01
cooper,1,X04,excluded_or_manual_review,excluded_or_manual_review,False,"Text core is not an independent audience; use manual intent verdict, no MAX/sum universe",KW-ee25d46da842
cooperativa 15 de abril crear cuenta de ahorros,1,X04,excluded_or_manual_review,excluded_or_manual_review,False,"Text core is not an independent audience; use manual intent verdict, no MAX/sum universe",KW-0f59eef3918c
cooperativa 29 de octubre cuenta de ahorros,1,X04,excluded_or_manual_review,excluded_or_manual_review,False,"Text core is not an independent audience; use manual intent verdict, no MAX/sum universe",KW-38548dd5c3ee
cooperativa jep abrir cuenta de ahorros en línea,1,X04,excluded_or_manual_review,excluded_or_manual_review,False,"Text core is not an independent audience; use manual intent verdict, no MAX/sum universe",KW-ba7084690d10
cooperativa san josé cuenta de ahorros,1,X01,not_acquisition_default,not_acquisition_default,False,"Text core is not an independent audience; use manual intent verdict, no MAX/sum universe",KW-29be5e953bbf
cooperativas de ahorro y crédito,1,X03,excluded,excluded,False,"Text core is not an independent audience; use manual intent verdict, no MAX/sum universe",KW-f544bafadd2a
coopero,2,X04,excluded_or_manual_review,excluded_or_manual_review,False,"Text core is not an independent audience; use manual intent verdict, no MAX/sum universe",KW-3640ecb5e1a2;KW-216fe61b98c2
correo miweb,1,X04,excluded_or_manual_review,excluded_or_manual_review,False,"Text core is not an independent audience; use manual intent verdict, no MAX/sum universe",KW-86163c843995
corroborar transferencia bancaria,1,E07,assisted_or_service_only,assisted_or_service_only,False,"Text core is not an independent audience; use manual intent verdict, no MAX/sum universe",KW-36945dafda79
crear clave de internet bcp cuenta de ahorros,1,X01,not_acquisition_default,not_acquisition_default,False,"Text core is not an independent audience; use manual intent verdict, no MAX/sum universe",KW-b53891037298
crear cuenta ahorro pichincha,1,C05,competitor_consideration_requires_serp,competitor_consideration_requires_serp,False,"Text core is not an independent audience; use manual intent verdict, no MAX/sum universe",KW-201efb8f84c8
crear cuenta bcp,2,X01,not_acquisition_default,not_acquisition_default,False,"Text core is not an independent audience; use manual intent verdict, no MAX/sum universe",KW-99d85dab3000;KW-6c631144480a
crear cuenta bcp digital,1,X01,not_acquisition_default,not_acquisition_default,False,"Text core is not an independent audience; use manual intent verdict, no MAX/sum universe",KW-710f80e759b6
crear cuenta bcp digital sin tarjeta,2,X03,excluded,excluded,False,"Text core is not an independent audience; use manual intent verdict, no MAX/sum universe",KW-fac71e08d93a;KW-f1310a06b686
crear cuenta bcp débito,1,X01,not_acquisition_default,not_acquisition_default,False,"Text core is not an independent audience; use manual intent verdict, no MAX/sum universe",KW-dfae11b1f102
crear cuenta bcp online,1,X01,not_acquisition_default,not_acquisition_default,False,"Text core is not an independent audience; use manual intent verdict, no MAX/sum universe",KW-21d5bd754fb2
crear cuenta corriente bcp,1,X01,not_acquisition_default,not_acquisition_default,False,"Text core is not an independent audience; use manual intent verdict, no MAX/sum universe",KW-ca91dee151df
crear cuenta de ahorro,2,A07,market_proxy_sensitivity,market_proxy_sensitivity,False,"Text core is not an independent audience; use manual intent verdict, no MAX/sum universe",KW-04e674b3d7dd;KW-65425e72ffb0
crear cuenta de ahorro banco de la nacion,2,X01,not_acquisition_default,not_acquisition_default,False,"Text core is not an independent audience; use manual intent verdict, no MAX/sum universe",KW-89d3999a8fd7;KW-4bf4971fa904
crear cuenta de ahorros banco bcp,1,C05,competitor_consideration_requires_serp,competitor_consideration_requires_serp,False,"Text core is not an independent audience; use manual intent verdict, no MAX/sum universe",KW-91bf6b044c60
crear cuenta de ahorros banco guayaquil,1,X03,excluded,excluded,False,"Text core is not an independent audience; use manual intent verdict, no MAX/sum universe",KW-3aba6bf3ac39
crear cuenta de ahorros banco pichincha online,1,C05,competitor_consideration_requires_serp,competitor_consideration_requires_serp,False,"Text core is not an independent audience; use manual intent verdict, no MAX/sum universe",KW-001da62a3361
crear cuenta de ahorros bcp,2,C05,competitor_consideration_requires_serp,competitor_consideration_requires_serp,False,"Text core is not an independent audience; use manual intent verdict, no MAX/sum universe",KW-4281b9015b62;KW-5885e2a29a33
crear cuenta de ahorros bcp digital,1,C05,competitor_consideration_requires_serp,competitor_consideration_requires_serp,False,"Text core is not an independent audience; use manual intent verdict, no MAX/sum universe",KW-a263842e7d03
crear cuenta de ahorros bcp sin tarjeta,1,X03,excluded,excluded,False,"Text core is not an independent audience; use manual intent verdict, no MAX/sum universe",KW-0ab95ed48420
crear cuenta de ahorros caja piura,1,C05,competitor_consideration_requires_serp,competitor_consideration_requires_serp,False,"Text core is not an independent audience; use manual intent verdict, no MAX/sum universe",KW-7154fbc559ce
crear cuenta de ahorros digital,1,C02,conditional_not_default,conditional_not_default,False,"Text core is not an independent audience; use manual intent verdict, no MAX/sum universe",KW-b776ac5720c9
crear cuenta de ahorros digital interbank,1,C05,competitor_consideration_requires_serp,competitor_consideration_requires_serp,False,"Text core is not an independent audience; use manual intent verdict, no MAX/sum universe",KW-2c22ea1a1d7d
crear cuenta de ahorros en dolares bcp,1,C05,competitor_consideration_requires_serp,competitor_consideration_requires_serp,False,"Text core is not an independent audience; use manual intent verdict, no MAX/sum universe",KW-5271f2e01043
crear cuenta de ahorros jep online,1,X04,excluded_or_manual_review,excluded_or_manual_review,False,"Text core is not an independent audience; use manual intent verdict, no MAX/sum universe",KW-48afd5e481a1
crear cuenta de ahorros scotiabank,2,C05,competitor_consideration_requires_serp,competitor_consideration_requires_serp,False,"Text core is not an independent audience; use manual intent verdict, no MAX/sum universe",KW-93bc97eb84ef;KW-4a10a43562c4
crear cuenta de ahorros simple interbank,1,C05,competitor_consideration_requires_serp,competitor_consideration_requires_serp,False,"Text core is not an independent audience; use manual intent verdict, no MAX/sum universe",KW-eec9c8e2968b
crear cuenta de scotiabank,1,X01,not_acquisition_default,not_acquisition_default,False,"Text core is not an independent audience; use manual intent verdict, no MAX/sum universe",KW-2ecda4ec182c
crear cuenta digital bbva,1,X01,not_acquisition_default,not_acquisition_default,False,"Text core is not an independent audience; use manual intent verdict, no MAX/sum universe",KW-150ccbd2b5cd
crear cuenta digital bbva débito,1,X01,not_acquisition_default,not_acquisition_default,False,"Text core is not an independent audience; use manual intent verdict, no MAX/sum universe",KW-560af1f90c28
crear cuenta digital bbva perú,1,X01,not_acquisition_default,not_acquisition_default,False,"Text core is not an independent audience; use manual intent verdict, no MAX/sum universe",KW-f21ff07f0dab
crear cuenta digital bcp,3,X01,not_acquisition_default,not_acquisition_default,False,"Text core is not an independent audience; use manual intent verdict, no MAX/sum universe",KW-e42083dd5043;KW-1a6f87b0664f;KW-af84e3eef5bd
crear cuenta digital bcp dolares,1,X01,not_acquisition_default,not_acquisition_default,False,"Text core is not an independent audience; use manual intent verdict, no MAX/sum universe",KW-70750d96c107
crear cuenta digital caja arequipa,1,X01,not_acquisition_default,not_acquisition_default,False,"Text core is not an independent audience; use manual intent verdict, no MAX/sum universe",KW-b32db4b89d5d
crear cuenta digital caja cusco,1,X01,not_acquisition_default,not_acquisition_default,False,"Text core is not an independent audience; use manual intent verdict, no MAX/sum universe",KW-3d5f1fd3518f
crear cuenta digital interbank,1,X01,not_acquisition_default,not_acquisition_default,False,"Text core is not an independent audience; use manual intent verdict, no MAX/sum universe",KW-23b757d67a2c
crear cuenta digital scotiabank peru,1,X01,not_acquisition_default,not_acquisition_default,False,"Text core is not an independent audience; use manual intent verdict, no MAX/sum universe",KW-9317dc1efd7e
crear cuenta empresa bcp,1,X01,not_acquisition_default,not_acquisition_default,False,"Text core is not an independent audience; use manual intent verdict, no MAX/sum universe",KW-258b1beb129a
crear cuenta en dolares bcp,2,X01,not_acquisition_default,not_acquisition_default,False,"Text core is not an independent audience; use manual intent verdict, no MAX/sum universe",KW-bd1e5287a9ab;KW-875bdc3ff5e2
crear cuenta en dolares bcp online,1,X01,not_acquisition_default,not_acquisition_default,False,"Text core is not an independent audience; use manual intent verdict, no MAX/sum universe",KW-c155d51f8194
crear cuenta en dolares interbank,1,X01,not_acquisition_default,not_acquisition_default,False,"Text core is not an independent audience; use manual intent verdict, no MAX/sum universe",KW-0675b17e2269
crear cuenta en dolares scotiabank,1,X01,not_acquisition_default,not_acquisition_default,False,"Text core is not an independent audience; use manual intent verdict, no MAX/sum universe",KW-b52390d58546
crear cuenta interbank de ahorros,2,C05,competitor_consideration_requires_serp,competitor_consideration_requires_serp,False,"Text core is not an independent audience; use manual intent verdict, no MAX/sum universe",KW-3d27d57ebcb2;KW-32beb6e5fd6c
crear cuenta interbank digital,1,X01,not_acquisition_default,not_acquisition_default,False,"Text core is not an independent audience; use manual intent verdict, no MAX/sum universe",KW-e2b3fea85fff
crear cuenta para matrícula digital,3,C02,conditional_not_default,conditional_not_default,False,"Text core is not an independent audience; use manual intent verdict, no MAX/sum universe",KW-012d69f2d9ea;KW-4d8e14b406a0;KW-8a2f318da335
crear cuenta scotiabank digital,1,X01,not_acquisition_default,not_acquisition_default,False,"Text core is not an independent audience; use manual intent verdict, no MAX/sum universe",KW-3b01c36e4147
crear cuenta sueldo bcp,1,X01,not_acquisition_default,not_acquisition_default,False,"Text core is not an independent audience; use manual intent verdict, no MAX/sum universe",KW-9249e2147675
crear cuenta yape,3,X01,not_acquisition_default,not_acquisition_default,False,"Text core is not an independent audience; use manual intent verdict, no MAX/sum universe",KW-b75c09ebfd87;KW-af063f0b4af3;KW-4a148dc4f9c4
crear tarjeta bcp,1,X03,excluded,excluded,False,"Text core is not an independent audience; use manual intent verdict, no MAX/sum universe",KW-3a224e82c209
crear una cuenta de ahorros banco pichincha,1,C05,competitor_consideration_requires_serp,competitor_consideration_requires_serp,False,"Text core is not an independent audience; use manual intent verdict, no MAX/sum universe",KW-689daccf13ee
crear una cuenta digital bcp,1,X01,not_acquisition_default,not_acquisition_default,False,"Text core is not an independent audience; use manual intent verdict, no MAX/sum universe",KW-a2118a475a5a
crear yape,1,X01,not_acquisition_default,not_acquisition_default,False,"Text core is not an independent audience; use manual intent verdict, no MAX/sum universe",KW-964dda0d91d7
cronograma de pagos afp,1,X03,excluded,excluded,False,"Text core is not an independent audience; use manual intent verdict, no MAX/sum universe",KW-574962969780
cronometro digital cuenta atras,1,C02,conditional_not_default,conditional_not_default,False,"Text core is not an independent audience; use manual intent verdict, no MAX/sum universe",KW-08efe0f039c4
cruz del norte número de teléfono,1,X04,excluded_or_manual_review,excluded_or_manual_review,False,"Text core is not an independent audience; use manual intent verdict, no MAX/sum universe",KW-26131d9691eb
cts 2025,1,X03,excluded,excluded,False,"Text core is not an independent audience; use manual intent verdict, no MAX/sum universe",KW-dc6bdd52a9ae
cts bbva,1,X01,not_acquisition_default,not_acquisition_default,False,"Text core is not an independent audience; use manual intent verdict, no MAX/sum universe",KW-4a7a5354f219
cts bcp,1,X01,not_acquisition_default,not_acquisition_default,False,"Text core is not an independent audience; use manual intent verdict, no MAX/sum universe",KW-161d7bb40941
cts bcp consulta con dni,1,X01,not_acquisition_default,not_acquisition_default,False,"Text core is not an independent audience; use manual intent verdict, no MAX/sum universe",KW-4563d76f845d
cts consulta,1,X03,excluded,excluded,False,"Text core is not an independent audience; use manual intent verdict, no MAX/sum universe",KW-642c6d9f4360
cts cuando se paga,2,X03,excluded,excluded,False,"Text core is not an independent audience; use manual intent verdict, no MAX/sum universe",KW-d7c798fce09d;KW-ff173dcfb6f5
cts falabella,1,X01,not_acquisition_default,not_acquisition_default,False,"Text core is not an independent audience; use manual intent verdict, no MAX/sum universe",KW-fb785fa22cb8
cts interbank,1,X01,not_acquisition_default,not_acquisition_default,False,"Text core is not an independent audience; use manual intent verdict, no MAX/sum universe",KW-90f018f5becd
cts oh,2,X03,excluded,excluded,False,"Text core is not an independent audience; use manual intent verdict, no MAX/sum universe",KW-466a7fd57b78;KW-33db5c1add8c
cts peru,1,X03,excluded,excluded,False,"Text core is not an independent audience; use manual intent verdict, no MAX/sum universe",KW-8e5bd2ded020
cts que significa,2,X03,excluded,excluded,False,"Text core is not an independent audience; use manual intent verdict, no MAX/sum universe",KW-ca665c8f8513;KW-30b4cba001a1
cts ripley,1,X01,not_acquisition_default,not_acquisition_default,False,"Text core is not an independent audience; use manual intent verdict, no MAX/sum universe",KW-b8dbf9b965c6
cts tarjeta oh,1,X03,excluded,excluded,False,"Text core is not an independent audience; use manual intent verdict, no MAX/sum universe",KW-67e2ba46dcf6
cual banco se puede abrir cuenta digital,1,C02,conditional_not_default,conditional_not_default,False,"Text core is not an independent audience; use manual intent verdict, no MAX/sum universe",KW-03f2e68ffd2a
cual cuenta de ahorro es mejor,1,A04,market_proxy_sensitivity,market_proxy_sensitivity,False,"Text core is not an independent audience; use manual intent verdict, no MAX/sum universe",KW-7f01b889bd79
cual es abdomen,1,X04,excluded_or_manual_review,excluded_or_manual_review,False,"Text core is not an independent audience; use manual intent verdict, no MAX/sum universe",KW-43b84f26df1d
cual es el banco que paga mas intereses,1,A05,market_proxy_pending_serp,market_proxy_pending_serp,False,"Text core is not an independent audience; use manual intent verdict, no MAX/sum universe",KW-6101d547226c
cual es el banco que paga mas intereses en peru,1,A05,market_proxy_pending_serp,market_proxy_pending_serp,False,"Text core is not an independent audience; use manual intent verdict, no MAX/sum universe",KW-8a18e3850975
cual es el cbu de mi cuenta en dolares santander,1,X01,not_acquisition_default,not_acquisition_default,False,"Text core is not an independent audience; use manual intent verdict, no MAX/sum universe",KW-c7ac034be4f6
cual es el codigo modular de un colegio,1,X04,excluded_or_manual_review,excluded_or_manual_review,False,"Text core is not an independent audience; use manual intent verdict, no MAX/sum universe",KW-2f3a8552c7c6
cual es el codigo swift del bcp,1,X01,not_acquisition_default,not_acquisition_default,False,"Text core is not an independent audience; use manual intent verdict, no MAX/sum universe",KW-d8ff2d5046d9
cual es el correo electronico,1,X04,excluded_or_manual_review,excluded_or_manual_review,False,"Text core is not an independent audience; use manual intent verdict, no MAX/sum universe",KW-f33645009e89
cual es el hombre mas rico del mundo,1,X04,excluded_or_manual_review,excluded_or_manual_review,False,"Text core is not an independent audience; use manual intent verdict, no MAX/sum universe",KW-9204ec494148
cual es el libro mas vendido del mundo,1,X03,excluded,excluded,False,"Text core is not an independent audience; use manual intent verdict, no MAX/sum universe",KW-2b926f27970a
cual es el limite diario de transferencia bancaria,1,E07,assisted_or_service_only,assisted_or_service_only,False,"Text core is not an independent audience; use manual intent verdict, no MAX/sum universe",KW-307c38442709
cual es el mejor banco del ecuador para ahorrar,1,X03,excluded,excluded,False,"Text core is not an independent audience; use manual intent verdict, no MAX/sum universe",KW-9ff218dbd137
cual es el mejor banco del perú para ahorrar,1,A05,market_proxy_pending_serp,market_proxy_pending_serp,False,"Text core is not an independent audience; use manual intent verdict, no MAX/sum universe",KW-b25916dc1616
cual es el mejor banco para ahorrar,2,A05,market_proxy_pending_serp,market_proxy_pending_serp,False,"Text core is not an independent audience; use manual intent verdict, no MAX/sum universe",KW-7382b60330ec;KW-6e0fad25e264
cual es el mejor banco para ahorrar a plazo fijo,1,X04,excluded_or_manual_review,excluded_or_manual_review,False,"Text core is not an independent audience; use manual intent verdict, no MAX/sum universe",KW-30727af4225e
cual es el mejor banco para ahorrar dinero,1,A05,market_proxy_pending_serp,market_proxy_pending_serp,False,"Text core is not an independent audience; use manual intent verdict, no MAX/sum universe",KW-aef3f5884fc0
cual es el mejor banco para ahorrar en honduras,1,X03,excluded,excluded,False,"Text core is not an independent audience; use manual intent verdict, no MAX/sum universe",KW-c6840a5d5d7c
cual es el mejor banco para ahorrar en perú,2,A05,market_proxy_pending_serp,market_proxy_pending_serp,False,"Text core is not an independent audience; use manual intent verdict, no MAX/sum universe",KW-58b665d9ac0f;KW-2413f0d6a666
cual es el mejor banco para ahorrar en perú 2020,1,X04,excluded_or_manual_review,excluded_or_manual_review,False,"Text core is not an independent audience; use manual intent verdict, no MAX/sum universe",KW-7451d45aadb6
cual es el mejor banco para ahorrar en perú 2021,1,X04,excluded_or_manual_review,excluded_or_manual_review,False,"Text core is not an independent audience; use manual intent verdict, no MAX/sum universe",KW-b89e349ed76e
cual es el mejor banco para ahorrar en perú 2022,1,X04,excluded_or_manual_review,excluded_or_manual_review,False,"Text core is not an independent audience; use manual intent verdict, no MAX/sum universe",KW-7e66e950d482
cual es el mejor banco para ahorrar en perú 2023,1,X04,excluded_or_manual_review,excluded_or_manual_review,False,"Text core is not an independent audience; use manual intent verdict, no MAX/sum universe",KW-69f04f159372
cual es el mejor banco para ahorrar profeco 2018,1,X04,excluded_or_manual_review,excluded_or_manual_review,False,"Text core is not an independent audience; use manual intent verdict, no MAX/sum universe",KW-11fd156ff642
cual es el mejor banco para ahorrar profeco 2019,1,X04,excluded_or_manual_review,excluded_or_manual_review,False,"Text core is not an independent audience; use manual intent verdict, no MAX/sum universe",KW-fe22b5043eed
cual es el mejor celular 2025,1,X04,excluded_or_manual_review,excluded_or_manual_review,False,"Text core is not an independent audience; use manual intent verdict, no MAX/sum universe",KW-f9a995dcf39c
cual es el monto máximo de transferencia bancaria,1,E07,assisted_or_service_only,assisted_or_service_only,False,"Text core is not an independent audience; use manual intent verdict, no MAX/sum universe",KW-86cc9697e78e
cual es el monto máximo para hacer una transferencia bancaria,1,E07,assisted_or_service_only,assisted_or_service_only,False,"Text core is not an independent audience; use manual intent verdict, no MAX/sum universe",KW-9fce844160fd
cual es el numero de cuenta bancaria,1,B03,service_baseline_required,service_baseline_required,False,"Text core is not an independent audience; use manual intent verdict, no MAX/sum universe",KW-81a31e0064c7
cual es el número de cuenta,1,X04,excluded_or_manual_review,excluded_or_manual_review,False,"Text core is not an independent audience; use manual intent verdict, no MAX/sum universe",KW-18c26dfadd52
cual es el número de cuenta bancaria bcp,1,X01,not_acquisition_default,not_acquisition_default,False,"Text core is not an independent audience; use manual intent verdict, no MAX/sum universe",KW-7574faad100c
cual es el número de cuenta de mi tarjeta bcp,1,X03,excluded,excluded,False,"Text core is not an independent audience; use manual intent verdict, no MAX/sum universe",KW-b93d455b6b8c
cual es el número de tarjeta,1,X03,excluded,excluded,False,"Text core is not an independent audience; use manual intent verdict, no MAX/sum universe",KW-894a393175ae
cual es el octavo mandamiento,1,X04,excluded_or_manual_review,excluded_or_manual_review,False,"Text core is not an independent audience; use manual intent verdict, no MAX/sum universe",KW-b5b2f0ca6252
cual es el paladar,1,X04,excluded_or_manual_review,excluded_or_manual_review,False,"Text core is not an independent audience; use manual intent verdict, no MAX/sum universe",KW-3f04503c6f87
cual es el proposito,1,X04,excluded_or_manual_review,excluded_or_manual_review,False,"Text core is not an independent audience; use manual intent verdict, no MAX/sum universe",KW-d9ec4877a985
cual es el satélite de la tierra,1,X04,excluded_or_manual_review,excluded_or_manual_review,False,"Text core is not an independent audience; use manual intent verdict, no MAX/sum universe",KW-683382c3429b
cual es el satélite natural de la tierra,1,X04,excluded_or_manual_review,excluded_or_manual_review,False,"Text core is not an independent audience; use manual intent verdict, no MAX/sum universe",KW-53a911fb5c25
cual es el significado de la vida,1,X04,excluded_or_manual_review,excluded_or_manual_review,False,"Text core is not an independent audience; use manual intent verdict, no MAX/sum universe",KW-90d2ef10f950
cual es horizontal,1,X04,excluded_or_manual_review,excluded_or_manual_review,False,"Text core is not an independent audience; use manual intent verdict, no MAX/sum universe",KW-bd9e986afb15
cual es la capital de ayacucho,1,X04,excluded_or_manual_review,excluded_or_manual_review,False,"Text core is not an independent audience; use manual intent verdict, no MAX/sum universe",KW-2808d6511017
cual es la capital de inglaterra,1,X01,not_acquisition_default,not_acquisition_default,False,"Text core is not an independent audience; use manual intent verdict, no MAX/sum universe",KW-2b1c052d3915
cual es la cuenta corriente digital banco estado,1,X01,not_acquisition_default,not_acquisition_default,False,"Text core is not an independent audience; use manual intent verdict, no MAX/sum universe",KW-cf81fc0e8d99
cual es la cuenta de ahorros con mejor rendimiento,1,X04,excluded_or_manual_review,excluded_or_manual_review,False,"Text core is not an independent audience; use manual intent verdict, no MAX/sum universe",KW-e3ded98f628b
cual es la cuenta en dolares mas segura,1,X02,product_launch_required,product_launch_required,False,"Text core is not an independent audience; use manual intent verdict, no MAX/sum universe",KW-4494e93ae3c4
cual es la diferencia entre cuenta corriente y de ahorro,1,C03,assisted_only,assisted_only,False,"Text core is not an independent audience; use manual intent verdict, no MAX/sum universe",KW-c824a9601e03
cual es la diferencia entre etica y moral,1,X04,excluded_or_manual_review,excluded_or_manual_review,False,"Text core is not an independent audience; use manual intent verdict, no MAX/sum universe",KW-6f871a35e5ff
cual es la diferencia entre velocidad y rapidez,1,X04,excluded_or_manual_review,excluded_or_manual_review,False,"Text core is not an independent audience; use manual intent verdict, no MAX/sum universe",KW-0dbbcd9ce3ba
cual es la funcion de la flor,1,X04,excluded_or_manual_review,excluded_or_manual_review,False,"Text core is not an independent audience; use manual intent verdict, no MAX/sum universe",KW-403e26ae5f01
cual es la funcion del tallo,1,X04,excluded_or_manual_review,excluded_or_manual_review,False,"Text core is not an independent audience; use manual intent verdict, no MAX/sum universe",KW-d5a02c53b8ff
cual es la hormona del crecimiento,1,X04,excluded_or_manual_review,excluded_or_manual_review,False,"Text core is not an independent audience; use manual intent verdict, no MAX/sum universe",KW-f75232298e7d
cual es la hormona femenina,1,X04,excluded_or_manual_review,excluded_or_manual_review,False,"Text core is not an independent audience; use manual intent verdict, no MAX/sum universe",KW-c4e14a5958d3
cual es la izquierda,1,X04,excluded_or_manual_review,excluded_or_manual_review,False,"Text core is not an independent audience; use manual intent verdict, no MAX/sum universe",KW-7473179bfc03
cual es la mejor cuenta de ahorro digital,1,C02,conditional_not_default,conditional_not_default,False,"Text core is not an independent audience; use manual intent verdict, no MAX/sum universe",KW-3675dec8d5b3
cual es la mejor cuenta en dolares,1,X02,product_launch_required,product_launch_required,False,"Text core is not an independent audience; use manual intent verdict, no MAX/sum universe",KW-59c5c611ef4e
cual es la mejor cuenta en dolares en colombia,1,X03,excluded,excluded,False,"Text core is not an independent audience; use manual intent verdict, no MAX/sum universe",KW-b801a2c8c534
cual es la mejor cuenta en dolares en venezuela,1,X03,excluded,excluded,False,"Text core is not an independent audience; use manual intent verdict, no MAX/sum universe",KW-f394756b61e2
cual es la mejor cuenta en dolares peru,1,X02,product_launch_required,product_launch_required,False,"Text core is not an independent audience; use manual intent verdict, no MAX/sum universe",KW-3ba22544a208
cual es la mejor cuenta remunerada en dolares,1,X02,product_launch_required,product_launch_required,False,"Text core is not an independent audience; use manual intent verdict, no MAX/sum universe",KW-a61589b598f6
cual es la mejor marca de laptop,2,X04,excluded_or_manual_review,excluded_or_manual_review,False,"Text core is not an independent audience; use manual intent verdict, no MAX/sum universe",KW-b3b4adcaaaa8;KW-db43bbc2882f
cual es la raiz cuadrada de 1,1,X04,excluded_or_manual_review,excluded_or_manual_review,False,"Text core is not an independent audience; use manual intent verdict, no MAX/sum universe",KW-9f932a5a3e41
cual es la rentabilidad de una cuenta de ahorros,1,A02,market_proxy_sensitivity,market_proxy_sensitivity,False,"Text core is not an independent audience; use manual intent verdict, no MAX/sum universe",KW-5f0671b4bd46
cual es mi cuenta de ahorros bcp,1,C05,competitor_consideration_requires_serp,competitor_consideration_requires_serp,False,"Text core is not an independent audience; use manual intent verdict, no MAX/sum universe",KW-1eff6b519ce8
cual es mi numero de cuenta,1,X04,excluded_or_manual_review,excluded_or_manual_review,False,"Text core is not an independent audience; use manual intent verdict, no MAX/sum universe",KW-82a786e1841e
cual es mi numero de cuenta bcp,1,X01,not_acquisition_default,not_acquisition_default,False,"Text core is not an independent audience; use manual intent verdict, no MAX/sum universe",KW-92288fed9727
cual es precio,1,X04,excluded_or_manual_review,excluded_or_manual_review,False,"Text core is not an independent audience; use manual intent verdict, no MAX/sum universe",KW-8cff8c53ecdc
cuales son antonimos,1,X04,excluded_or_manual_review,excluded_or_manual_review,False,"Text core is not an independent audience; use manual intent verdict, no MAX/sum universe",KW-ed3a5ae42e8b
cuales son las normas apa,1,X04,excluded_or_manual_review,excluded_or_manual_review,False,"Text core is not an independent audience; use manual intent verdict, no MAX/sum universe",KW-3b630228d2a9
cuando dan la cts,1,X03,excluded,excluded,False,"Text core is not an independent audience; use manual intent verdict, no MAX/sum universe",KW-dcca4d35c495
cuando dan la gratificacion,1,X03,excluded,excluded,False,"Text core is not an independent audience; use manual intent verdict, no MAX/sum universe",KW-b97a6d239875
cuando dan las utilidades,1,X04,excluded_or_manual_review,excluded_or_manual_review,False,"Text core is not an independent audience; use manual intent verdict, no MAX/sum universe",KW-fb6ba45ceab7
cuando daran la cts,1,X03,excluded,excluded,False,"Text core is not an independent audience; use manual intent verdict, no MAX/sum universe",KW-21f305beb1f1
cuando de deposita la cts,2,X03,excluded,excluded,False,"Text core is not an independent audience; use manual intent verdict, no MAX/sum universe",KW-2ff0d0277510;KW-22fd6829b7d5
cuando depositan cts 2025,1,X03,excluded,excluded,False,"Text core is not an independent audience; use manual intent verdict, no MAX/sum universe",KW-f39c3e1a6e22
cuando depositan la gratificacion,1,X03,excluded,excluded,False,"Text core is not an independent audience; use manual intent verdict, no MAX/sum universe",KW-c00aa9174e7e
cuando depositan las utilidades,2,X04,excluded_or_manual_review,excluded_or_manual_review,False,"Text core is not an independent audience; use manual intent verdict, no MAX/sum universe",KW-7a17007f1208;KW-7743d323a085
cuando depositan las utilidades 2026,1,X04,excluded_or_manual_review,excluded_or_manual_review,False,"Text core is not an independent audience; use manual intent verdict, no MAX/sum universe",KW-44ec3216e5c1
cuando embargan una cuenta de ahorros,1,X04,excluded_or_manual_review,excluded_or_manual_review,False,"Text core is not an independent audience; use manual intent verdict, no MAX/sum universe",KW-ef1fce254060
cuando es el super bowl 2025,1,X04,excluded_or_manual_review,excluded_or_manual_review,False,"Text core is not an independent audience; use manual intent verdict, no MAX/sum universe",KW-933081238f51
cuando es una cuenta de ahorros,1,X04,excluded_or_manual_review,excluded_or_manual_review,False,"Text core is not an independent audience; use manual intent verdict, no MAX/sum universe",KW-ca291ec387e5
cuando fue el último retiro de afp,1,X03,excluded,excluded,False,"Text core is not an independent audience; use manual intent verdict, no MAX/sum universe",KW-3d8608abf656
cuando pagan cts,3,X03,excluded,excluded,False,"Text core is not an independent audience; use manual intent verdict, no MAX/sum universe",KW-cd86c3ccdb06;KW-569ee8c7f899;KW-b2c026497725
cuando pagan gratificacion,1,X03,excluded,excluded,False,"Text core is not an independent audience; use manual intent verdict, no MAX/sum universe",KW-390524529e1f
cuando pagan la grati,1,X04,excluded_or_manual_review,excluded_or_manual_review,False,"Text core is not an independent audience; use manual intent verdict, no MAX/sum universe",KW-58f385471d12
cuando pagan la gratificación,1,X03,excluded,excluded,False,"Text core is not an independent audience; use manual intent verdict, no MAX/sum universe",KW-ffb306872f91
cuando pagan la gratificación 2026,1,X03,excluded,excluded,False,"Text core is not an independent audience; use manual intent verdict, no MAX/sum universe",KW-14ed14277d68
cuando pagan utilidades,3,X04,excluded_or_manual_review,excluded_or_manual_review,False,"Text core is not an independent audience; use manual intent verdict, no MAX/sum universe",KW-aa8f538c1090;KW-c69bbbe25278;KW-aee930ee40b4
cuando pagan utilidades 2026,2,X04,excluded_or_manual_review,excluded_or_manual_review,False,"Text core is not an independent audience; use manual intent verdict, no MAX/sum universe",KW-fe7f09125fe9;KW-8de2d956a684
cuando pueden embargar una cuenta de ahorros,1,X04,excluded_or_manual_review,excluded_or_manual_review,False,"Text core is not an independent audience; use manual intent verdict, no MAX/sum universe",KW-bd477de05c8c
cuando se acredita una transferencia bancaria,1,E07,assisted_or_service_only,assisted_or_service_only,False,"Text core is not an independent audience; use manual intent verdict, no MAX/sum universe",KW-8afc8ebca154
cuando se deposita la cts,1,X03,excluded,excluded,False,"Text core is not an independent audience; use manual intent verdict, no MAX/sum universe",KW-1bcde837de4f
cuando se paga la gratificacion,1,X03,excluded,excluded,False,"Text core is not an independent audience; use manual intent verdict, no MAX/sum universe",KW-7a093158c0ca
cuando se pagan las utilidades 2025,1,X04,excluded_or_manual_review,excluded_or_manual_review,False,"Text core is not an independent audience; use manual intent verdict, no MAX/sum universe",KW-3925780b47bc
cuando se pagan las utilidades 2026 perú,1,X04,excluded_or_manual_review,excluded_or_manual_review,False,"Text core is not an independent audience; use manual intent verdict, no MAX/sum universe",KW-485c9d27fed3
cuando se pagan las utilidades en perú,1,X04,excluded_or_manual_review,excluded_or_manual_review,False,"Text core is not an independent audience; use manual intent verdict, no MAX/sum universe",KW-3fac6ea72af6
cuando una cuenta de ahorros es embargable,1,X04,excluded_or_manual_review,excluded_or_manual_review,False,"Text core is not an independent audience; use manual intent verdict, no MAX/sum universe",KW-e4c970963d38
cuantas afp hay en peru,1,X03,excluded,excluded,False,"Text core is not an independent audience; use manual intent verdict, no MAX/sum universe",KW-6d9bfbbd030f
cuanto cobra bcp por transferencia internacional,1,X01,not_acquisition_default,not_acquisition_default,False,"Text core is not an independent audience; use manual intent verdict, no MAX/sum universe",KW-8b2d1ca24e31
cuanto cobra interbank por transferencia interbancaria a bcp,1,X01,not_acquisition_default,not_acquisition_default,False,"Text core is not an independent audience; use manual intent verdict, no MAX/sum universe",KW-f67d13d9e5ea
cuanto cobra interbank por transferencia internacional,1,X01,not_acquisition_default,not_acquisition_default,False,"Text core is not an independent audience; use manual intent verdict, no MAX/sum universe",KW-a8997aedd097
cuanto cobra western union por enviar dinero 2021,1,X04,excluded_or_manual_review,excluded_or_manual_review,False,"Text core is not an independent audience; use manual intent verdict, no MAX/sum universe",KW-29f0ea42d40d
cuanto cuesta una transferencia bancaria internacional,1,X03,excluded,excluded,False,"Text core is not an independent audience; use manual intent verdict, no MAX/sum universe",KW-80ff9cf5bd3f
cuanto demora transferencia bancaria internacional,1,X03,excluded,excluded,False,"Text core is not an independent audience; use manual intent verdict, no MAX/sum universe",KW-ca1a7e80452d
cuanto demora una transferencia bancaria,2,E08,assisted_or_service_only,assisted_or_service_only,False,"Text core is not an independent audience; use manual intent verdict, no MAX/sum universe",KW-5df62a131f3f;KW-88d68bd96808
cuanto demora una transferencia bancaria de un banco a otro,1,E08,assisted_or_service_only,assisted_or_service_only,False,"Text core is not an independent audience; use manual intent verdict, no MAX/sum universe",KW-0475137fc957
cuanto demora una transferencia bancaria en colombia,1,X03,excluded,excluded,False,"Text core is not an independent audience; use manual intent verdict, no MAX/sum universe",KW-9fcb7b1e78ab
cuanto demora una transferencia interbancaria,1,E08,assisted_or_service_only,assisted_or_service_only,False,"Text core is not an independent audience; use manual intent verdict, no MAX/sum universe",KW-f95d9b59fab6
cuanto demora una transferencia interbancaria de interbank a bcp,1,X01,not_acquisition_default,not_acquisition_default,False,"Text core is not an independent audience; use manual intent verdict, no MAX/sum universe",KW-41d3daa47d44
cuanto demora una transferencia interbancaria de scotiabank a bcp,1,X01,not_acquisition_default,not_acquisition_default,False,"Text core is not an independent audience; use manual intent verdict, no MAX/sum universe",KW-46faeabd5f4e
cuanto demora una transferencia internacional bcp,1,X01,not_acquisition_default,not_acquisition_default,False,"Text core is not an independent audience; use manual intent verdict, no MAX/sum universe",KW-10e2ff80e978
cuanto dinero puedo tener en una cuenta de ahorros,1,A08,market_proxy_pending_serp,market_proxy_pending_serp,False,"Text core is not an independent audience; use manual intent verdict, no MAX/sum universe",KW-890fe96339ac
cuanto dinero puedo tener en una cuenta de ahorros bcp,1,C05,competitor_consideration_requires_serp,competitor_consideration_requires_serp,False,"Text core is not an independent audience; use manual intent verdict, no MAX/sum universe",KW-78b755a5391b
cuanto dinero puedo tener en yape con dni,1,X01,not_acquisition_default,not_acquisition_default,False,"Text core is not an independent audience; use manual intent verdict, no MAX/sum universe",KW-450c136ede03
cuanto es 11 dolares en soles,1,X04,excluded_or_manual_review,excluded_or_manual_review,False,"Text core is not an independent audience; use manual intent verdict, no MAX/sum universe",KW-2595f3388d79
cuanto es 200 dolares,1,X04,excluded_or_manual_review,excluded_or_manual_review,False,"Text core is not an independent audience; use manual intent verdict, no MAX/sum universe",KW-66a71e75d096
cuanto es la cts,1,X03,excluded,excluded,False,"Text core is not an independent audience; use manual intent verdict, no MAX/sum universe",KW-f10240503289
cuanto es la gratificacion,1,X03,excluded,excluded,False,"Text core is not an independent audience; use manual intent verdict, no MAX/sum universe",KW-6ac9e1758f32
cuanto esta el dolar en argentina,1,X03,excluded,excluded,False,"Text core is not an independent audience; use manual intent verdict, no MAX/sum universe",KW-cb032999b39e
cuanto gana el campeon de la libertadores,1,X04,excluded_or_manual_review,excluded_or_manual_review,False,"Text core is not an independent audience; use manual intent verdict, no MAX/sum universe",KW-4a5d77cbe049
cuanto gana un abogado en peru,1,X04,excluded_or_manual_review,excluded_or_manual_review,False,"Text core is not an independent audience; use manual intent verdict, no MAX/sum universe",KW-976bf61967ce
cuanto gana un coordinador de mesa onpe,1,X04,excluded_or_manual_review,excluded_or_manual_review,False,"Text core is not an independent audience; use manual intent verdict, no MAX/sum universe",KW-c4e7dcd151f5
cuanto gana un topografo en peru,1,X04,excluded_or_manual_review,excluded_or_manual_review,False,"Text core is not an independent audience; use manual intent verdict, no MAX/sum universe",KW-4cb138328605
cuanto gana un árbitro en un mundial,1,X04,excluded_or_manual_review,excluded_or_manual_review,False,"Text core is not an independent audience; use manual intent verdict, no MAX/sum universe",KW-c8e8b95aa4a8
cuanto gana una arquitecta,1,X04,excluded_or_manual_review,excluded_or_manual_review,False,"Text core is not an independent audience; use manual intent verdict, no MAX/sum universe",KW-9e36c13e10d0
cuanto habra acumulado en su cuenta de ahorro,1,X04,excluded_or_manual_review,excluded_or_manual_review,False,"Text core is not an independent audience; use manual intent verdict, no MAX/sum universe",KW-d5c22f8322a7
cuanto paga el bcp por cuenta de ahorros,1,C05,competitor_consideration_requires_serp,competitor_consideration_requires_serp,False,"Text core is not an independent audience; use manual intent verdict, no MAX/sum universe",KW-922b095eda4a
cuanto se demora una transferencia interbancaria,1,E08,assisted_or_service_only,assisted_or_service_only,False,"Text core is not an independent audience; use manual intent verdict, no MAX/sum universe",KW-3e50624afb23
cuanto tarda transferencia bancaria entre bancos distintos,1,E08,assisted_or_service_only,assisted_or_service_only,False,"Text core is not an independent audience; use manual intent verdict, no MAX/sum universe",KW-f1a9e2cde972
cuanto tarda una transferencia bancaria,2,E08,assisted_or_service_only,assisted_or_service_only,False,"Text core is not an independent audience; use manual intent verdict, no MAX/sum universe",KW-0149a3b0178f;KW-e07b6d85402f
cuanto tarda una transferencia bancaria bbva,1,X01,not_acquisition_default,not_acquisition_default,False,"Text core is not an independent audience; use manual intent verdict, no MAX/sum universe",KW-f973c2da8eb4
cuanto tarda una transferencia bancaria de un banco a otro,1,E08,assisted_or_service_only,assisted_or_service_only,False,"Text core is not an independent audience; use manual intent verdict, no MAX/sum universe",KW-6192b2b9696b
cuanto tarda una transferencia bancaria en argentina,1,X03,excluded,excluded,False,"Text core is not an independent audience; use manual intent verdict, no MAX/sum universe",KW-9b52f7ef9e95
cuanto tarda una transferencia bancaria en mexico,1,X03,excluded,excluded,False,"Text core is not an independent audience; use manual intent verdict, no MAX/sum universe",KW-a8b6a18e790c
cuanto tarda una transferencia bancaria santander,1,X01,not_acquisition_default,not_acquisition_default,False,"Text core is not an independent audience; use manual intent verdict, no MAX/sum universe",KW-64668faea87d
cuanto tarda una transferencia interbancaria,1,E08,assisted_or_service_only,assisted_or_service_only,False,"Text core is not an independent audience; use manual intent verdict, no MAX/sum universe",KW-26e94cbf25c3
cuanto tengo en mi afp,1,X03,excluded,excluded,False,"Text core is not an independent audience; use manual intent verdict, no MAX/sum universe",KW-ff53fcd1d8d9
cuanto tengo en mi afp integra,1,X03,excluded,excluded,False,"Text core is not an independent audience; use manual intent verdict, no MAX/sum universe",KW-0cb64684ee03
cuanto tengo en mi afp prima,1,X01,not_acquisition_default,not_acquisition_default,False,"Text core is not an independent audience; use manual intent verdict, no MAX/sum universe",KW-675fd20141b0
cuantos digitos tiene un número de cuenta de ahorros bcp,1,C05,competitor_consideration_requires_serp,competitor_consideration_requires_serp,False,"Text core is not an independent audience; use manual intent verdict, no MAX/sum universe",KW-7d1eff7c0f52
cuantos digitos tiene una cuenta bcp,1,X01,not_acquisition_default,not_acquisition_default,False,"Text core is not an independent audience; use manual intent verdict, no MAX/sum universe",KW-023b6b06f00a
cuantos digitos tiene una cuenta de ahorro bcp,2,C05,competitor_consideration_requires_serp,competitor_consideration_requires_serp,False,"Text core is not an independent audience; use manual intent verdict, no MAX/sum universe",KW-20ea6b305acd;KW-5e8345ac0531
cuantos digitos tiene una cuenta de ahorros del banco popular,1,X01,not_acquisition_default,not_acquisition_default,False,"Text core is not an independent audience; use manual intent verdict, no MAX/sum universe",KW-f3b2be45014e
cuantos digitos tiene una cuenta de ahorros interbank,1,C05,competitor_consideration_requires_serp,competitor_consideration_requires_serp,False,"Text core is not an independent audience; use manual intent verdict, no MAX/sum universe",KW-94d1dbecc4bd
cuantos dígitos tiene una cuenta de ahorros banco de bogotá,1,X03,excluded,excluded,False,"Text core is not an independent audience; use manual intent verdict, no MAX/sum universe",KW-ccff7a32eee3
cuantos dígitos tiene una cuenta de ahorros bancolombia,1,X01,not_acquisition_default,not_acquisition_default,False,"Text core is not an independent audience; use manual intent verdict, no MAX/sum universe",KW-075d50a7b1f5
cuantos dígitos tiene una cuenta de ahorros bbva,1,C05,competitor_consideration_requires_serp,competitor_consideration_requires_serp,False,"Text core is not an independent audience; use manual intent verdict, no MAX/sum universe",KW-072ef053ed83
cuantos dígitos tiene una cuenta de ahorros bbva perú,1,C05,competitor_consideration_requires_serp,competitor_consideration_requires_serp,False,"Text core is not an independent audience; use manual intent verdict, no MAX/sum universe",KW-f43ec9b94a20
cuantos dígitos tiene una cuenta de ahorros davivienda,1,X01,not_acquisition_default,not_acquisition_default,False,"Text core is not an independent audience; use manual intent verdict, no MAX/sum universe",KW-35be569b1878
cuantos hijos tiene richard acuña,1,X04,excluded_or_manual_review,excluded_or_manual_review,False,"Text core is not an independent audience; use manual intent verdict, no MAX/sum universe",KW-febd336522a9
cuantos numeros tengo en movistar,1,X04,excluded_or_manual_review,excluded_or_manual_review,False,"Text core is not an independent audience; use manual intent verdict, no MAX/sum universe",KW-49355a660549
cuantos numeros tiene una cuenta de ahorros,1,X04,excluded_or_manual_review,excluded_or_manual_review,False,"Text core is not an independent audience; use manual intent verdict, no MAX/sum universe",KW-ac58a31f7e4d
cuantos numeros tiene una cuenta de ahorros interbank,1,C05,competitor_consideration_requires_serp,competitor_consideration_requires_serp,False,"Text core is not an independent audience; use manual intent verdict, no MAX/sum universe",KW-ab941b1a7060
cuantos numeros tiene una cuenta de ahorros scotiabank peru,1,C05,competitor_consideration_requires_serp,competitor_consideration_requires_serp,False,"Text core is not an independent audience; use manual intent verdict, no MAX/sum universe",KW-747b71bcfe89
cuantos números tiene una cuenta bcp,1,X01,not_acquisition_default,not_acquisition_default,False,"Text core is not an independent audience; use manual intent verdict, no MAX/sum universe",KW-6713ae44aece
cuantos números tiene una cuenta de ahorros banco de bogotá,1,X03,excluded,excluded,False,"Text core is not an independent audience; use manual intent verdict, no MAX/sum universe",KW-f9b32ca15dcc
cuantos números tiene una cuenta de ahorros bancolombia,1,X01,not_acquisition_default,not_acquisition_default,False,"Text core is not an independent audience; use manual intent verdict, no MAX/sum universe",KW-939ec50a6e6b
cuantos números tiene una cuenta de ahorros bbva,1,C05,competitor_consideration_requires_serp,competitor_consideration_requires_serp,False,"Text core is not an independent audience; use manual intent verdict, no MAX/sum universe",KW-e613e18096c1
cuantos números tiene una cuenta de ahorros bbva perú,1,C05,competitor_consideration_requires_serp,competitor_consideration_requires_serp,False,"Text core is not an independent audience; use manual intent verdict, no MAX/sum universe",KW-991a1951e872
cuantos números tiene una cuenta de ahorros bcp,1,C05,competitor_consideration_requires_serp,competitor_consideration_requires_serp,False,"Text core is not an independent audience; use manual intent verdict, no MAX/sum universe",KW-aefe7ca3ed30
cuantos números tiene una cuenta de ahorros davivienda,1,X01,not_acquisition_default,not_acquisition_default,False,"Text core is not an independent audience; use manual intent verdict, no MAX/sum universe",KW-33b1be3e80ce
cuenta,3,X04,excluded_or_manual_review,excluded_or_manual_review,False,"Text core is not an independent audience; use manual intent verdict, no MAX/sum universe",KW-79630ad0ca91;KW-b1e7058f6066;KW-ba311c42f379
cuenta 100 digital,1,C02,conditional_not_default,conditional_not_default,False,"Text core is not an independent audience; use manual intent verdict, no MAX/sum universe",KW-2e6a85d73ed0
cuenta a plazo fijo,1,X04,excluded_or_manual_review,excluded_or_manual_review,False,"Text core is not an independent audience; use manual intent verdict, no MAX/sum universe",KW-1521990fef12
cuenta ahorra y gana de mibanco,1,C05,competitor_consideration_requires_serp,competitor_consideration_requires_serp,False,"Text core is not an independent audience; use manual intent verdict, no MAX/sum universe",KW-17b92f91cad5
cuenta ahorro a la mano,1,X04,excluded_or_manual_review,excluded_or_manual_review,False,"Text core is not an independent audience; use manual intent verdict, no MAX/sum universe",KW-0646d0592590
cuenta ahorro caja cusco,2,C05,competitor_consideration_requires_serp,competitor_consideration_requires_serp,False,"Text core is not an independent audience; use manual intent verdict, no MAX/sum universe",KW-7934374ff4de;KW-de58e557fedc
cuenta ahorro casa bcp,1,C05,competitor_consideration_requires_serp,competitor_consideration_requires_serp,False,"Text core is not an independent audience; use manual intent verdict, no MAX/sum universe",KW-da0c2c14defb
cuenta ahorro de la caixa,1,X04,excluded_or_manual_review,excluded_or_manual_review,False,"Text core is not an independent audience; use manual intent verdict, no MAX/sum universe",KW-d40bd0ff0ff3
cuenta ahorro digital banbif tasa,1,C05,competitor_consideration_requires_serp,competitor_consideration_requires_serp,False,"Text core is not an independent audience; use manual intent verdict, no MAX/sum universe",KW-ff975ddedf25
cuenta ahorro digital banco agrario,1,X01,not_acquisition_default,not_acquisition_default,False,"Text core is not an independent audience; use manual intent verdict, no MAX/sum universe",KW-40175fceb6bb
cuenta ahorro digital bankinter,1,C02,conditional_not_default,conditional_not_default,False,"Text core is not an independent audience; use manual intent verdict, no MAX/sum universe",KW-f4c55fe0ac14
cuenta ahorro digital bhd,1,C02,conditional_not_default,conditional_not_default,False,"Text core is not an independent audience; use manual intent verdict, no MAX/sum universe",KW-789c2316e8e6
cuenta ahorro digital caja cusco,1,C05,competitor_consideration_requires_serp,competitor_consideration_requires_serp,False,"Text core is not an independent audience; use manual intent verdict, no MAX/sum universe",KW-277406c2af29
cuenta ahorro digital falabella,1,C05,competitor_consideration_requires_serp,competitor_consideration_requires_serp,False,"Text core is not an independent audience; use manual intent verdict, no MAX/sum universe",KW-6d2f61364891
cuenta ahorro digital popular requisitos,1,C02,conditional_not_default,conditional_not_default,False,"Text core is not an independent audience; use manual intent verdict, no MAX/sum universe",KW-3f010def94fa
cuenta ahorro dolares interbank,4,C05,competitor_consideration_requires_serp,competitor_consideration_requires_serp,False,"Text core is not an independent audience; use manual intent verdict, no MAX/sum universe",KW-75c0b20d524b;KW-5c17ce9e2624;KW-56bb73a66580;KW-e0c8f68b421e
cuenta ahorro empresa,3,X03,excluded,excluded,False,"Text core is not an independent audience; use manual intent verdict, no MAX/sum universe",KW-0d5d86e0eb0e;KW-f942922b20ad;KW-c58d23e27658
cuenta ahorro en dolares galicia,1,X02,product_launch_required,product_launch_required,False,"Text core is not an independent audience; use manual intent verdict, no MAX/sum universe",KW-865d83c5266d
cuenta ahorro en dolares popular,1,X02,product_launch_required,product_launch_required,False,"Text core is not an independent audience; use manual intent verdict, no MAX/sum universe",KW-66b3282073b5
cuenta ahorro estudios,1,X04,excluded_or_manual_review,excluded_or_manual_review,False,"Text core is not an independent audience; use manual intent verdict, no MAX/sum universe",KW-0d8005d5d912
cuenta ahorro hijo,1,X04,excluded_or_manual_review,excluded_or_manual_review,False,"Text core is not an independent audience; use manual intent verdict, no MAX/sum universe",KW-7138d58af66f
cuenta ahorro meta digital alfin,1,X01,not_acquisition_default,not_acquisition_default,False,"Text core is not an independent audience; use manual intent verdict, no MAX/sum universe",KW-21657d17a504
cuenta ahorro negocios mibanco,2,C05,competitor_consideration_requires_serp,competitor_consideration_requires_serp,False,"Text core is not an independent audience; use manual intent verdict, no MAX/sum universe",KW-bab75956fe7d;KW-23942415ec87
cuenta ahorro openbank,1,X04,excluded_or_manual_review,excluded_or_manual_review,False,"Text core is not an independent audience; use manual intent verdict, no MAX/sum universe",KW-6f9ed0102f06
cuenta ahorro para estudios universitarios,1,X04,excluded_or_manual_review,excluded_or_manual_review,False,"Text core is not an independent audience; use manual intent verdict, no MAX/sum universe",KW-0899692f3992
cuenta ahorro plus,1,X03,excluded,excluded,False,"Text core is not an independent audience; use manual intent verdict, no MAX/sum universe",KW-009b00bfac5e
cuenta ahorro plus ripley,1,C05,competitor_consideration_requires_serp,competitor_consideration_requires_serp,False,"Text core is not an independent audience; use manual intent verdict, no MAX/sum universe",KW-06bf08933479
cuenta ahorro que genere intereses,1,A02,market_proxy_sensitivity,market_proxy_sensitivity,False,"Text core is not an independent audience; use manual intent verdict, no MAX/sum universe",KW-9e9640c6e93f
cuenta ahorro remunerada,1,X04,excluded_or_manual_review,excluded_or_manual_review,False,"Text core is not an independent audience; use manual intent verdict, no MAX/sum universe",KW-d4b307ce2175
cuenta ahorro rentabilidad peru,1,X04,excluded_or_manual_review,excluded_or_manual_review,False,"Text core is not an independent audience; use manual intent verdict, no MAX/sum universe",KW-08dba04ae756
cuenta ahorro revolut,1,X04,excluded_or_manual_review,excluded_or_manual_review,False,"Text core is not an independent audience; use manual intent verdict, no MAX/sum universe",KW-a93d411369a2
cuenta ahorro sin comisiones,1,X04,excluded_or_manual_review,excluded_or_manual_review,False,"Text core is not an independent audience; use manual intent verdict, no MAX/sum universe",KW-5b03fa0e920f
cuenta ahorro uf,1,X03,excluded,excluded,False,"Text core is not an independent audience; use manual intent verdict, no MAX/sum universe",KW-c99b6574c44a
cuenta ahorros a la mano bancolombia,1,X01,not_acquisition_default,not_acquisition_default,False,"Text core is not an independent audience; use manual intent verdict, no MAX/sum universe",KW-93021b4c7182
cuenta ahorros banco de bogota,1,X03,excluded,excluded,False,"Text core is not an independent audience; use manual intent verdict, no MAX/sum universe",KW-152553b1f780
cuenta ahorros banco guayaquil,1,X03,excluded,excluded,False,"Text core is not an independent audience; use manual intent verdict, no MAX/sum universe",KW-4cd9f4fa2f56
cuenta ahorros dolares agora,4,C05,competitor_consideration_requires_serp,competitor_consideration_requires_serp,False,"Text core is not an independent audience; use manual intent verdict, no MAX/sum universe",KW-fc735301c3f1;KW-1dab180e3ca3;KW-669e1f6c1e74;KW-910ff7a93581
cuenta ahorros produbanco,2,X04,excluded_or_manual_review,excluded_or_manual_review,False,"Text core is not an independent audience; use manual intent verdict, no MAX/sum universe",KW-c328aa08ea1f;KW-027ed9375da5
cuenta ahorros scotiabank colpatria,1,C05,competitor_consideration_requires_serp,competitor_consideration_requires_serp,False,"Text core is not an independent audience; use manual intent verdict, no MAX/sum universe",KW-f66b3ddd8665
cuenta bancaria,1,C04,no_default_mixed_intent,no_default_mixed_intent,False,"Text core is not an independent audience; use manual intent verdict, no MAX/sum universe",KW-f985aae1648b
cuenta bancaria bcp,2,X01,not_acquisition_default,not_acquisition_default,False,"Text core is not an independent audience; use manual intent verdict, no MAX/sum universe",KW-28933434998f;KW-41582789cdcc
cuenta bancaria digital bbva,1,X01,not_acquisition_default,not_acquisition_default,False,"Text core is not an independent audience; use manual intent verdict, no MAX/sum universe",KW-56c7c8c8f191
cuenta bancaria digital estados unidos,1,X03,excluded,excluded,False,"Text core is not an independent audience; use manual intent verdict, no MAX/sum universe",KW-510236dea539
cuenta bancaria digital gratis,1,C02,conditional_not_default,conditional_not_default,False,"Text core is not an independent audience; use manual intent verdict, no MAX/sum universe",KW-96240ae2c333
cuenta bancaria digital interbank,1,X01,not_acquisition_default,not_acquisition_default,False,"Text core is not an independent audience; use manual intent verdict, no MAX/sum universe",KW-3b9dc875a6f6
cuenta bancaria digital sin comisiones,1,C02,conditional_not_default,conditional_not_default,False,"Text core is not an independent audience; use manual intent verdict, no MAX/sum universe",KW-8400b6fac455
cuenta bancaria en dolares,1,X02,product_launch_required,product_launch_required,False,"Text core is not an independent audience; use manual intent verdict, no MAX/sum universe",KW-8c0fbf9ddeea
cuenta bancaria en dolares argentina,1,X03,excluded,excluded,False,"Text core is not an independent audience; use manual intent verdict, no MAX/sum universe",KW-2c8e79df260a
cuenta bancaria en dolares venezuela,1,X03,excluded,excluded,False,"Text core is not an independent audience; use manual intent verdict, no MAX/sum universe",KW-77cedb0564af
cuenta bancaria virtual en dolares,1,X02,product_launch_required,product_launch_required,False,"Text core is not an independent audience; use manual intent verdict, no MAX/sum universe",KW-218d5df5b278
cuenta banesco digital,2,X01,not_acquisition_default,not_acquisition_default,False,"Text core is not an independent audience; use manual intent verdict, no MAX/sum universe",KW-ff90d86aba23;KW-bdb5dfe5d906
cuenta bbva sin mantenimiento,1,X01,not_acquisition_default,not_acquisition_default,False,"Text core is not an independent audience; use manual intent verdict, no MAX/sum universe",KW-67e4f1b9abc8
cuenta bcp,1,X01,not_acquisition_default,not_acquisition_default,False,"Text core is not an independent audience; use manual intent verdict, no MAX/sum universe",KW-f56f9fc865e0
cuenta bcp con dinero,2,X01,not_acquisition_default,not_acquisition_default,False,"Text core is not an independent audience; use manual intent verdict, no MAX/sum universe",KW-bd7d7caa6dd7;KW-5dbbb6b654ea
cuenta bcp con mucho dinero,1,X01,not_acquisition_default,not_acquisition_default,False,"Text core is not an independent audience; use manual intent verdict, no MAX/sum universe",KW-f1ec670acd92
cuenta billetera digital,1,C02,conditional_not_default,conditional_not_default,False,"Text core is not an independent audience; use manual intent verdict, no MAX/sum universe",KW-e3d2f17d7710
cuenta cci bcp,1,X01,not_acquisition_default,not_acquisition_default,False,"Text core is not an independent audience; use manual intent verdict, no MAX/sum universe",KW-9e8abc71f8a8
cuenta cero bcp,1,X01,not_acquisition_default,not_acquisition_default,False,"Text core is not an independent audience; use manual intent verdict, no MAX/sum universe",KW-eba070a6b616
cuenta cero mantenimiento bcp,1,X01,not_acquisition_default,not_acquisition_default,False,"Text core is not an independent audience; use manual intent verdict, no MAX/sum universe",KW-bd6fa4aa5995
cuenta corriente,1,X04,excluded_or_manual_review,excluded_or_manual_review,False,"Text core is not an independent audience; use manual intent verdict, no MAX/sum universe",KW-a1da7c06f9d9
cuenta corriente 100 digital banco estado,1,X01,not_acquisition_default,not_acquisition_default,False,"Text core is not an independent audience; use manual intent verdict, no MAX/sum universe",KW-200345e56fd1
cuenta corriente bbva digital,1,X01,not_acquisition_default,not_acquisition_default,False,"Text core is not an independent audience; use manual intent verdict, no MAX/sum universe",KW-53a1eac1662c
cuenta corriente bcp,1,X01,not_acquisition_default,not_acquisition_default,False,"Text core is not an independent audience; use manual intent verdict, no MAX/sum universe",KW-5985456d43c9
cuenta corriente bcp empresas,2,X01,not_acquisition_default,not_acquisition_default,False,"Text core is not an independent audience; use manual intent verdict, no MAX/sum universe",KW-85a9a261f155;KW-e5b958414c69
cuenta corriente bcp persona jurídica,1,X01,not_acquisition_default,not_acquisition_default,False,"Text core is not an independent audience; use manual intent verdict, no MAX/sum universe",KW-5eb86de160a6
cuenta corriente cuenta de ahorros,2,X04,excluded_or_manual_review,excluded_or_manual_review,False,"Text core is not an independent audience; use manual intent verdict, no MAX/sum universe",KW-5c164101ee72;KW-7277a297c5a4
cuenta corriente digital,1,C02,conditional_not_default,conditional_not_default,False,"Text core is not an independent audience; use manual intent verdict, no MAX/sum universe",KW-241f524f1c82
cuenta corriente digital bcp,1,X01,not_acquisition_default,not_acquisition_default,False,"Text core is not an independent audience; use manual intent verdict, no MAX/sum universe",KW-0a3ef6d1576d
cuenta corriente digital gratis,1,C02,conditional_not_default,conditional_not_default,False,"Text core is not an independent audience; use manual intent verdict, no MAX/sum universe",KW-9775ece93c86
cuenta corriente digital scotiabank,1,X01,not_acquisition_default,not_acquisition_default,False,"Text core is not an independent audience; use manual intent verdict, no MAX/sum universe",KW-d6c5af6dea71
cuenta corriente dolares,1,X02,product_launch_required,product_launch_required,False,"Text core is not an independent audience; use manual intent verdict, no MAX/sum universe",KW-7a99e4452aa3
cuenta corriente dolares scotiabank,1,X01,not_acquisition_default,not_acquisition_default,False,"Text core is not an independent audience; use manual intent verdict, no MAX/sum universe",KW-6d4d233649de
cuenta corriente en dolares falabella,1,X01,not_acquisition_default,not_acquisition_default,False,"Text core is not an independent audience; use manual intent verdict, no MAX/sum universe",KW-1a56c42e6baf
cuenta corriente en dólares santander,1,X01,not_acquisition_default,not_acquisition_default,False,"Text core is not an independent audience; use manual intent verdict, no MAX/sum universe",KW-c019d89f217e
cuenta corriente es igual a cuenta de ahorros,1,X04,excluded_or_manual_review,excluded_or_manual_review,False,"Text core is not an independent audience; use manual intent verdict, no MAX/sum universe",KW-472e9a13b05a
cuenta corriente interbank digital,3,X01,not_acquisition_default,not_acquisition_default,False,"Text core is not an independent audience; use manual intent verdict, no MAX/sum universe",KW-f1b160d76a79;KW-4ed9438b2a2c;KW-f8c644d78be0
cuenta corriente o ahorro diferencia,2,C03,assisted_only,assisted_only,False,"Text core is not an independent audience; use manual intent verdict, no MAX/sum universe",KW-148ed4a33352;KW-4539d8bbb624
cuenta corriente vs cuenta de ahorros,3,C03,assisted_only,assisted_only,False,"Text core is not an independent audience; use manual intent verdict, no MAX/sum universe",KW-03fb8664e0ce;KW-fb6b9636ec53;KW-6ef2f81bb323
cuenta corriente vs cuenta de ahorros bbva,1,C05,competitor_consideration_requires_serp,competitor_consideration_requires_serp,False,"Text core is not an independent audience; use manual intent verdict, no MAX/sum universe",KW-cb127e032fb2
cuenta corriente vs cuenta de ahorros bcp,1,C05,competitor_consideration_requires_serp,competitor_consideration_requires_serp,False,"Text core is not an independent audience; use manual intent verdict, no MAX/sum universe",KW-8e1fdbe3265c
cuenta corriente y cuenta de ahorro bcp,1,C05,competitor_consideration_requires_serp,competitor_consideration_requires_serp,False,"Text core is not an independent audience; use manual intent verdict, no MAX/sum universe",KW-9d10e8bdef72
cuenta corriente y cuenta de ahorro es lo mismo,1,C03,assisted_only,assisted_only,False,"Text core is not an independent audience; use manual intent verdict, no MAX/sum universe",KW-c37c473ea2fc
cuenta corriente y cuenta de ahorros es lo mismo,1,C03,assisted_only,assisted_only,False,"Text core is not an independent audience; use manual intent verdict, no MAX/sum universe",KW-042abbd0f790
cuenta cts,1,X03,excluded,excluded,False,"Text core is not an independent audience; use manual intent verdict, no MAX/sum universe",KW-968542d348d9
cuenta cts bbva,1,X01,not_acquisition_default,not_acquisition_default,False,"Text core is not an independent audience; use manual intent verdict, no MAX/sum universe",KW-dcc1dbbd7401
cuenta cts bcp,1,X01,not_acquisition_default,not_acquisition_default,False,"Text core is not an independent audience; use manual intent verdict, no MAX/sum universe",KW-2cc9c8049407
cuenta de ahorro a la vista,1,A01,market_proxy_sensitivity,market_proxy_sensitivity,False,"Text core is not an independent audience; use manual intent verdict, no MAX/sum universe",KW-60347d24c8c0
cuenta de ahorro a largo plazo,1,X04,excluded_or_manual_review,excluded_or_manual_review,False,"Text core is not an independent audience; use manual intent verdict, no MAX/sum universe",KW-401226e41fca
cuenta de ahorro a plazo fijo,5,X04,excluded_or_manual_review,excluded_or_manual_review,False,"Text core is not an independent audience; use manual intent verdict, no MAX/sum universe",KW-beb2f33dc763;KW-ead1d5ff5aac;KW-b039e78cfc72;KW-adddba465ea6;KW-fb096e46524f
cuenta de ahorro a plazo fijo bbva,1,X01,not_acquisition_default,not_acquisition_default,False,"Text core is not an independent audience; use manual intent verdict, no MAX/sum universe",KW-1a97b0240cd0
cuenta de ahorro afp,1,X03,excluded,excluded,False,"Text core is not an independent audience; use manual intent verdict, no MAX/sum universe",KW-aace45a4401f
cuenta de ahorro apple,1,X04,excluded_or_manual_review,excluded_or_manual_review,False,"Text core is not an independent audience; use manual intent verdict, no MAX/sum universe",KW-a104a47ce022
cuenta de ahorro banco bolivariano,1,X01,not_acquisition_default,not_acquisition_default,False,"Text core is not an independent audience; use manual intent verdict, no MAX/sum universe",KW-a3b7e0949d07
cuenta de ahorro banco continental,1,X01,not_acquisition_default,not_acquisition_default,False,"Text core is not an independent audience; use manual intent verdict, no MAX/sum universe",KW-95b15e8d5407
cuenta de ahorro banco de venezuela,1,X03,excluded,excluded,False,"Text core is not an independent audience; use manual intent verdict, no MAX/sum universe",KW-bf2891184dc3
cuenta de ahorro banco falabella,2,C05,competitor_consideration_requires_serp,competitor_consideration_requires_serp,False,"Text core is not an independent audience; use manual intent verdict, no MAX/sum universe",KW-efe6a66a6d57;KW-e78efe9ab278
cuenta de ahorro banco falabella perú,1,C05,competitor_consideration_requires_serp,competitor_consideration_requires_serp,False,"Text core is not an independent audience; use manual intent verdict, no MAX/sum universe",KW-acf91dfa92e1
cuenta de ahorro banco popular,1,X01,not_acquisition_default,not_acquisition_default,False,"Text core is not an independent audience; use manual intent verdict, no MAX/sum universe",KW-7bef2028362a
cuenta de ahorro banco w,2,X01,not_acquisition_default,not_acquisition_default,False,"Text core is not an independent audience; use manual intent verdict, no MAX/sum universe",KW-c83dc0d5664b;KW-8a3a94402106
cuenta de ahorro bank of america,1,X01,not_acquisition_default,not_acquisition_default,False,"Text core is not an independent audience; use manual intent verdict, no MAX/sum universe",KW-a80db72a3db0
cuenta de ahorro bbva beneficios,1,C05,competitor_consideration_requires_serp,competitor_consideration_requires_serp,False,"Text core is not an independent audience; use manual intent verdict, no MAX/sum universe",KW-f5d7ac05bb65
cuenta de ahorro bbva requisitos,2,C05,competitor_consideration_requires_serp,competitor_consideration_requires_serp,False,"Text core is not an independent audience; use manual intent verdict, no MAX/sum universe",KW-a36f5157d1cd;KW-906cecfdc072
cuenta de ahorro bcp beneficios,1,C05,competitor_consideration_requires_serp,competitor_consideration_requires_serp,False,"Text core is not an independent audience; use manual intent verdict, no MAX/sum universe",KW-cae5278a29c5
cuenta de ahorro bcp cobra mantenimiento,1,C05,competitor_consideration_requires_serp,competitor_consideration_requires_serp,False,"Text core is not an independent audience; use manual intent verdict, no MAX/sum universe",KW-abff7ee928a7
cuenta de ahorro bcp en 3 minutos,1,C05,competitor_consideration_requires_serp,competitor_consideration_requires_serp,False,"Text core is not an independent audience; use manual intent verdict, no MAX/sum universe",KW-00b75ad4df80
cuenta de ahorro bcp gratis,1,C05,competitor_consideration_requires_serp,competitor_consideration_requires_serp,False,"Text core is not an independent audience; use manual intent verdict, no MAX/sum universe",KW-d583af11266d
cuenta de ahorro bcp para menores de edad,1,X01,not_acquisition_default,not_acquisition_default,False,"Text core is not an independent audience; use manual intent verdict, no MAX/sum universe",KW-e38b5beb3feb
cuenta de ahorro bcp peru,1,C05,competitor_consideration_requires_serp,competitor_consideration_requires_serp,False,"Text core is not an independent audience; use manual intent verdict, no MAX/sum universe",KW-77caad164a08
cuenta de ahorro bcp sin mantenimiento,2,C05,competitor_consideration_requires_serp,competitor_consideration_requires_serp,False,"Text core is not an independent audience; use manual intent verdict, no MAX/sum universe",KW-fb6eb8283f9d;KW-5f92e067a16c
cuenta de ahorro caja arequipa,2,C05,competitor_consideration_requires_serp,competitor_consideration_requires_serp,False,"Text core is not an independent audience; use manual intent verdict, no MAX/sum universe",KW-c633cdc658c6;KW-739903102954
cuenta de ahorro cero,1,A03,market_proxy_sensitivity,market_proxy_sensitivity,False,"Text core is not an independent audience; use manual intent verdict, no MAX/sum universe",KW-c052192b20d3
cuenta de ahorro cero colpatria,1,X01,not_acquisition_default,not_acquisition_default,False,"Text core is not an independent audience; use manual intent verdict, no MAX/sum universe",KW-5e2c30d26f54
cuenta de ahorro cero mantenimiento,1,A03,market_proxy_sensitivity,market_proxy_sensitivity,False,"Text core is not an independent audience; use manual intent verdict, no MAX/sum universe",KW-eac51aceed27
cuenta de ahorro clave digital banco de venezuela,1,X03,excluded,excluded,False,"Text core is not an independent audience; use manual intent verdict, no MAX/sum universe",KW-691f42246e61
cuenta de ahorro con intereses,1,A02,market_proxy_sensitivity,market_proxy_sensitivity,False,"Text core is not an independent audience; use manual intent verdict, no MAX/sum universe",KW-e20d49757e8a
cuenta de ahorro con intereses mensuales,1,X04,excluded_or_manual_review,excluded_or_manual_review,False,"Text core is not an independent audience; use manual intent verdict, no MAX/sum universe",KW-0ae4896aaff9
cuenta de ahorro con mayor tasa de interes,1,A02,market_proxy_sensitivity,market_proxy_sensitivity,False,"Text core is not an independent audience; use manual intent verdict, no MAX/sum universe",KW-0dfd5a8269a7
cuenta de ahorro con mejor interés,1,X04,excluded_or_manual_review,excluded_or_manual_review,False,"Text core is not an independent audience; use manual intent verdict, no MAX/sum universe",KW-846f99a40ba5
cuenta de ahorro con mejor tasa,2,A02,market_proxy_sensitivity,market_proxy_sensitivity,False,"Text core is not an independent audience; use manual intent verdict, no MAX/sum universe",KW-9a21cfbd28b3;KW-6a15b5ecea91
cuenta de ahorro con rentabilidad,1,X04,excluded_or_manual_review,excluded_or_manual_review,False,"Text core is not an independent audience; use manual intent verdict, no MAX/sum universe",KW-99334da58dc9
cuenta de ahorro concepto,1,E01,assisted_only,assisted_only,False,"Text core is not an independent audience; use manual intent verdict, no MAX/sum universe",KW-358e0b427992
cuenta de ahorro crediscotia,2,X01,not_acquisition_default,not_acquisition_default,False,"Text core is not an independent audience; use manual intent verdict, no MAX/sum universe",KW-413b9c88536c;KW-ff1eec0185e1
cuenta de ahorro cuantos digitos tiene,1,X04,excluded_or_manual_review,excluded_or_manual_review,False,"Text core is not an independent audience; use manual intent verdict, no MAX/sum universe",KW-0de852356365
cuenta de ahorro de alto rendimiento banco pichincha,1,C05,competitor_consideration_requires_serp,competitor_consideration_requires_serp,False,"Text core is not an independent audience; use manual intent verdict, no MAX/sum universe",KW-2e4807c6548d
cuenta de ahorro de alto rendimiento bcp,2,C05,competitor_consideration_requires_serp,competitor_consideration_requires_serp,False,"Text core is not an independent audience; use manual intent verdict, no MAX/sum universe",KW-775a11810dcd;KW-5acb2dc3d8b4
cuenta de ahorro de alto rendimiento caja huancayo,1,C05,competitor_consideration_requires_serp,competitor_consideration_requires_serp,False,"Text core is not an independent audience; use manual intent verdict, no MAX/sum universe",KW-749b0c03264e
cuenta de ahorro de alto rendimiento interbank,1,C05,competitor_consideration_requires_serp,competitor_consideration_requires_serp,False,"Text core is not an independent audience; use manual intent verdict, no MAX/sum universe",KW-9e46e3581abe
cuenta de ahorro de alto rendimiento peru,1,C01,conditional_not_default,conditional_not_default,False,"Text core is not an independent audience; use manual intent verdict, no MAX/sum universe",KW-35319875bed1
cuenta de ahorro definición,1,X04,excluded_or_manual_review,excluded_or_manual_review,False,"Text core is not an independent audience; use manual intent verdict, no MAX/sum universe",KW-6602e8435122
cuenta de ahorro del banco de la nacion,1,X01,not_acquisition_default,not_acquisition_default,False,"Text core is not an independent audience; use manual intent verdict, no MAX/sum universe",KW-81267bfb4699
cuenta de ahorro del bbva,1,C05,competitor_consideration_requires_serp,competitor_consideration_requires_serp,False,"Text core is not an independent audience; use manual intent verdict, no MAX/sum universe",KW-68b3d4073bc7
cuenta de ahorro del bcp,2,C05,competitor_consideration_requires_serp,competitor_consideration_requires_serp,False,"Text core is not an independent audience; use manual intent verdict, no MAX/sum universe",KW-df8b7696bff3;KW-bb3355804d47
cuenta de ahorro digital acap,1,C02,conditional_not_default,conditional_not_default,False,"Text core is not an independent audience; use manual intent verdict, no MAX/sum universe",KW-00865abedb49
cuenta de ahorro digital ademi,1,C02,conditional_not_default,conditional_not_default,False,"Text core is not an independent audience; use manual intent verdict, no MAX/sum universe",KW-e86998856ea7
cuenta de ahorro digital apap,1,X01,not_acquisition_default,not_acquisition_default,False,"Text core is not an independent audience; use manual intent verdict, no MAX/sum universe",KW-7404b87df769
cuenta de ahorro digital asociacion cibao,1,X01,not_acquisition_default,not_acquisition_default,False,"Text core is not an independent audience; use manual intent verdict, no MAX/sum universe",KW-5330ad411eb4
cuenta de ahorro digital bac el salvador,1,X01,not_acquisition_default,not_acquisition_default,False,"Text core is not an independent audience; use manual intent verdict, no MAX/sum universe",KW-e9c66662812b
cuenta de ahorro digital banbif,3,C05,competitor_consideration_requires_serp,competitor_consideration_requires_serp,False,"Text core is not an independent audience; use manual intent verdict, no MAX/sum universe",KW-27ab88b40b44;KW-dda56c466832;KW-2698a7734012
cuenta de ahorro digital banco agrícola,1,C02,conditional_not_default,conditional_not_default,False,"Text core is not an independent audience; use manual intent verdict, no MAX/sum universe",KW-0f97bf326409
cuenta de ahorro digital banco estado,2,X01,not_acquisition_default,not_acquisition_default,False,"Text core is not an independent audience; use manual intent verdict, no MAX/sum universe",KW-43db01d15f3c;KW-3039057829bb
cuenta de ahorro digital banco fie,1,C02,conditional_not_default,conditional_not_default,False,"Text core is not an independent audience; use manual intent verdict, no MAX/sum universe",KW-d24b3524f83d
cuenta de ahorro digital bancolombia,2,X01,not_acquisition_default,not_acquisition_default,False,"Text core is not an independent audience; use manual intent verdict, no MAX/sum universe",KW-105dba5176f7;KW-358eb47e1a8b
cuenta de ahorro digital bancom,1,C02,conditional_not_default,conditional_not_default,False,"Text core is not an independent audience; use manual intent verdict, no MAX/sum universe",KW-825b910f9cc0
cuenta de ahorro digital banpro nicaragua,1,X03,excluded,excluded,False,"Text core is not an independent audience; use manual intent verdict, no MAX/sum universe",KW-511cedf87bdb
cuenta de ahorro digital banreservas,2,X01,not_acquisition_default,not_acquisition_default,False,"Text core is not an independent audience; use manual intent verdict, no MAX/sum universe",KW-71003e27889b;KW-86a43eb219a3
cuenta de ahorro digital bbva,4,C05,competitor_consideration_requires_serp,competitor_consideration_requires_serp,False,"Text core is not an independent audience; use manual intent verdict, no MAX/sum universe",KW-5232d8e29e67;KW-947124648524;KW-216d5de0938b;KW-1338e1e68582
cuenta de ahorro digital bi,1,C02,conditional_not_default,conditional_not_default,False,"Text core is not an independent audience; use manual intent verdict, no MAX/sum universe",KW-67468ce747c8
cuenta de ahorro digital caja arequipa,4,C05,competitor_consideration_requires_serp,competitor_consideration_requires_serp,False,"Text core is not an independent audience; use manual intent verdict, no MAX/sum universe",KW-c8aa96333cf4;KW-57ba630a0e38;KW-2a8102d79933;KW-9629603260b5
cuenta de ahorro digital caja social,1,C05,competitor_consideration_requires_serp,competitor_consideration_requires_serp,False,"Text core is not an independent audience; use manual intent verdict, no MAX/sum universe",KW-5ff9e59d6dc0
cuenta de ahorro digital colpatria,2,X01,not_acquisition_default,not_acquisition_default,False,"Text core is not an independent audience; use manual intent verdict, no MAX/sum universe",KW-599a30d4dcf9;KW-3eb5c5f1f665
cuenta de ahorro digital del banco agrario,1,X01,not_acquisition_default,not_acquisition_default,False,"Text core is not an independent audience; use manual intent verdict, no MAX/sum universe",KW-67b88b1076d7
cuenta de ahorro digital dolares banbif,2,C05,competitor_consideration_requires_serp,competitor_consideration_requires_serp,False,"Text core is not an independent audience; use manual intent verdict, no MAX/sum universe",KW-00cb7c854b41;KW-f51354ea23f5
cuenta de ahorro digital efectiva tu financiera,1,C05,competitor_consideration_requires_serp,competitor_consideration_requires_serp,False,"Text core is not an independent audience; use manual intent verdict, no MAX/sum universe",KW-4e761d971990
cuenta de ahorro digital en colombia,3,X03,excluded,excluded,False,"Text core is not an independent audience; use manual intent verdict, no MAX/sum universe",KW-4fe9e8a0e4bc;KW-79eaee28997b;KW-079c1d615224
cuenta de ahorro digital en uf,1,X03,excluded,excluded,False,"Text core is not an independent audience; use manual intent verdict, no MAX/sum universe",KW-d445d7da78ea
cuenta de ahorro digital ficohsa,1,C02,conditional_not_default,conditional_not_default,False,"Text core is not an independent audience; use manual intent verdict, no MAX/sum universe",KW-728d520ce907
cuenta de ahorro digital financiera efectiva,1,C05,competitor_consideration_requires_serp,competitor_consideration_requires_serp,False,"Text core is not an independent audience; use manual intent verdict, no MAX/sum universe",KW-c1b097389a2f
cuenta de ahorro digital hsbc,1,X01,not_acquisition_default,not_acquisition_default,False,"Text core is not an independent audience; use manual intent verdict, no MAX/sum universe",KW-06a8bcdc43cc
cuenta de ahorro digital la nacional,1,C02,conditional_not_default,conditional_not_default,False,"Text core is not an independent audience; use manual intent verdict, no MAX/sum universe",KW-3e660b61bc8c
cuenta de ahorro digital panama,1,X03,excluded,excluded,False,"Text core is not an independent audience; use manual intent verdict, no MAX/sum universe",KW-cf2613bafbad
cuenta de ahorro digital plus,1,C02,conditional_not_default,conditional_not_default,False,"Text core is not an independent audience; use manual intent verdict, no MAX/sum universe",KW-1632fd55316c
cuenta de ahorro digital plus apap,2,X01,not_acquisition_default,not_acquisition_default,False,"Text core is not an independent audience; use manual intent verdict, no MAX/sum universe",KW-f1d79309f947;KW-6288791ba726
cuenta de ahorro digital popular,1,C02,conditional_not_default,conditional_not_default,False,"Text core is not an independent audience; use manual intent verdict, no MAX/sum universe",KW-32961204dd76
cuenta de ahorro digital promerica,2,C02,conditional_not_default,conditional_not_default,False,"Text core is not an independent audience; use manual intent verdict, no MAX/sum universe",KW-34c4f60db459;KW-3b72d519a0e3
cuenta de ahorro digital republica dominicana,1,X03,excluded,excluded,False,"Text core is not an independent audience; use manual intent verdict, no MAX/sum universe",KW-13d59b5cf470
cuenta de ahorro digital saga falabella,1,C05,competitor_consideration_requires_serp,competitor_consideration_requires_serp,False,"Text core is not an independent audience; use manual intent verdict, no MAX/sum universe",KW-6561c781d9f0
cuenta de ahorro dolares intereses,1,X02,product_launch_required,product_launch_required,False,"Text core is not an independent audience; use manual intent verdict, no MAX/sum universe",KW-c2f12a36b7fc
cuenta de ahorro elite digital,1,C02,conditional_not_default,conditional_not_default,False,"Text core is not an independent audience; use manual intent verdict, no MAX/sum universe",KW-19e97ff164a9
cuenta de ahorro en dolares,9,X02,product_launch_required,product_launch_required,False,"Text core is not an independent audience; use manual intent verdict, no MAX/sum universe",KW-c4c0399d3ff6;KW-4024c1749aec;KW-b4fe1fb8d070;KW-167bed47a893;KW-aedc70ecbf7f;KW-33447f33a754;KW-187d2f79981e;KW-ba9cf0ee7eb3;KW-bc495ec0af39
cuenta de ahorro en dolares argentina,1,X03,excluded,excluded,False,"Text core is not an independent audience; use manual intent verdict, no MAX/sum universe",KW-c8e289c2a16f
cuenta de ahorro en dolares banco de la nacion,3,X01,not_acquisition_default,not_acquisition_default,False,"Text core is not an independent audience; use manual intent verdict, no MAX/sum universe",KW-a0ffa3a59360;KW-60cdaf1335ea;KW-cabd093649a2
cuenta de ahorro en dolares banco falabella,1,C05,competitor_consideration_requires_serp,competitor_consideration_requires_serp,False,"Text core is not an independent audience; use manual intent verdict, no MAX/sum universe",KW-58ac90464f1e
cuenta de ahorro en dolares banco industrial,1,X02,product_launch_required,product_launch_required,False,"Text core is not an independent audience; use manual intent verdict, no MAX/sum universe",KW-57a16e40bca8
cuenta de ahorro en dolares banco provincia,1,X01,not_acquisition_default,not_acquisition_default,False,"Text core is not an independent audience; use manual intent verdict, no MAX/sum universe",KW-53f0b64b6568
cuenta de ahorro en dolares banco santander,1,X01,not_acquisition_default,not_acquisition_default,False,"Text core is not an independent audience; use manual intent verdict, no MAX/sum universe",KW-97fa9839daae
cuenta de ahorro en dolares bancomer,1,C05,competitor_consideration_requires_serp,competitor_consideration_requires_serp,False,"Text core is not an independent audience; use manual intent verdict, no MAX/sum universe",KW-20c0100fb589
cuenta de ahorro en dolares bbva continental,1,C05,competitor_consideration_requires_serp,competitor_consideration_requires_serp,False,"Text core is not an independent audience; use manual intent verdict, no MAX/sum universe",KW-422b7f76d190
cuenta de ahorro en dolares gratis,1,X02,product_launch_required,product_launch_required,False,"Text core is not an independent audience; use manual intent verdict, no MAX/sum universe",KW-8ec4a3278ab4
cuenta de ahorro en dolares hsbc,1,X01,not_acquisition_default,not_acquisition_default,False,"Text core is not an independent audience; use manual intent verdict, no MAX/sum universe",KW-0e2a4e2022bb
cuenta de ahorro en dolares itau,1,X01,not_acquisition_default,not_acquisition_default,False,"Text core is not an independent audience; use manual intent verdict, no MAX/sum universe",KW-c28cd0f9e743
cuenta de ahorro en dolares promerica,1,X02,product_launch_required,product_launch_required,False,"Text core is not an independent audience; use manual intent verdict, no MAX/sum universe",KW-946cefa04862
cuenta de ahorro en dolares santa cruz,1,X02,product_launch_required,product_launch_required,False,"Text core is not an independent audience; use manual intent verdict, no MAX/sum universe",KW-02672ce8fd6d
cuenta de ahorro en dolares santander,2,X01,not_acquisition_default,not_acquisition_default,False,"Text core is not an independent audience; use manual intent verdict, no MAX/sum universe",KW-b6bcd64ea8a7;KW-00f7235875b8
cuenta de ahorro en dolares tasa de interes,1,X02,product_launch_required,product_launch_required,False,"Text core is not an independent audience; use manual intent verdict, no MAX/sum universe",KW-3d3951bc1c4d
cuenta de ahorro en dolares venezuela,1,X03,excluded,excluded,False,"Text core is not an independent audience; use manual intent verdict, no MAX/sum universe",KW-11abae65175b
cuenta de ahorro en dólares bancolombia,2,X01,not_acquisition_default,not_acquisition_default,False,"Text core is not an independent audience; use manual intent verdict, no MAX/sum universe",KW-3070e046c173;KW-a20b19d8aee9
cuenta de ahorro en dólares banreservas,1,X01,not_acquisition_default,not_acquisition_default,False,"Text core is not an independent audience; use manual intent verdict, no MAX/sum universe",KW-90d0a7481ee8
cuenta de ahorro en dólares colombia,4,X03,excluded,excluded,False,"Text core is not an independent audience; use manual intent verdict, no MAX/sum universe",KW-37e8691d6ee8;KW-60ebc71790f0;KW-9647ed788233;KW-a582477453e6
cuenta de ahorro en dólares méxico,2,X03,excluded,excluded,False,"Text core is not an independent audience; use manual intent verdict, no MAX/sum universe",KW-ca6da7d8af8e;KW-009120362c08
cuenta de ahorro en dólares scotiabank perú,1,C05,competitor_consideration_requires_serp,competitor_consideration_requires_serp,False,"Text core is not an independent audience; use manual intent verdict, no MAX/sum universe",KW-e3a99f5b5442
cuenta de ahorro en euros bbva,2,X01,not_acquisition_default,not_acquisition_default,False,"Text core is not an independent audience; use manual intent verdict, no MAX/sum universe",KW-5e9a5136c2e7;KW-7f71bb9fb342
cuenta de ahorro en ingles,1,X01,not_acquisition_default,not_acquisition_default,False,"Text core is not an independent audience; use manual intent verdict, no MAX/sum universe",KW-d0a275aad91d
cuenta de ahorro en linea,1,A07,market_proxy_sensitivity,market_proxy_sensitivity,False,"Text core is not an independent audience; use manual intent verdict, no MAX/sum universe",KW-bc0e72907c15
cuenta de ahorro es debito o credito,1,X03,excluded,excluded,False,"Text core is not an independent audience; use manual intent verdict, no MAX/sum universe",KW-b5b44f1783af
cuenta de ahorro es igual que cuenta digital,2,C02,conditional_not_default,conditional_not_default,False,"Text core is not an independent audience; use manual intent verdict, no MAX/sum universe",KW-c66837b756e0;KW-5367aa34cf7c
cuenta de ahorro falabella peru,1,C05,competitor_consideration_requires_serp,competitor_consideration_requires_serp,False,"Text core is not an independent audience; use manual intent verdict, no MAX/sum universe",KW-43305d9d6f7d
cuenta de ahorro familiar,1,X04,excluded_or_manual_review,excluded_or_manual_review,False,"Text core is not an independent audience; use manual intent verdict, no MAX/sum universe",KW-9491207db477
cuenta de ahorro finandina,1,X01,not_acquisition_default,not_acquisition_default,False,"Text core is not an independent audience; use manual intent verdict, no MAX/sum universe",KW-e8723cc33d43
cuenta de ahorro flexible,1,X04,excluded_or_manual_review,excluded_or_manual_review,False,"Text core is not an independent audience; use manual intent verdict, no MAX/sum universe",KW-376fa0b14971
cuenta de ahorro flexible banco pichincha,2,C05,competitor_consideration_requires_serp,competitor_consideration_requires_serp,False,"Text core is not an independent audience; use manual intent verdict, no MAX/sum universe",KW-05e1afe14132;KW-3daced611f82
cuenta de ahorro flexible caja arequipa,1,C05,competitor_consideration_requires_serp,competitor_consideration_requires_serp,False,"Text core is not an independent audience; use manual intent verdict, no MAX/sum universe",KW-fe69086e9c6e
cuenta de ahorro futuro banco pichincha,1,C05,competitor_consideration_requires_serp,competitor_consideration_requires_serp,False,"Text core is not an independent audience; use manual intent verdict, no MAX/sum universe",KW-2890f5eb3839
cuenta de ahorro gnb,2,X01,not_acquisition_default,not_acquisition_default,False,"Text core is not an independent audience; use manual intent verdict, no MAX/sum universe",KW-3ca5c01e5fff;KW-f887b25c4a59
cuenta de ahorro guayaquil,1,X03,excluded,excluded,False,"Text core is not an independent audience; use manual intent verdict, no MAX/sum universe",KW-2371d2e6c0f0
cuenta de ahorro ilimitada bcp,1,C05,competitor_consideration_requires_serp,competitor_consideration_requires_serp,False,"Text core is not an independent audience; use manual intent verdict, no MAX/sum universe",KW-72c65a7831e0
cuenta de ahorro imagin,1,X04,excluded_or_manual_review,excluded_or_manual_review,False,"Text core is not an independent audience; use manual intent verdict, no MAX/sum universe",KW-72125e5afd3a
cuenta de ahorro inbursa,1,X04,excluded_or_manual_review,excluded_or_manual_review,False,"Text core is not an independent audience; use manual intent verdict, no MAX/sum universe",KW-dceaa3c9eaa4
cuenta de ahorro inembargable,2,X04,excluded_or_manual_review,excluded_or_manual_review,False,"Text core is not an independent audience; use manual intent verdict, no MAX/sum universe",KW-0cafb3190118;KW-cded17c22c23
cuenta de ahorro ing,1,X01,not_acquisition_default,not_acquisition_default,False,"Text core is not an independent audience; use manual intent verdict, no MAX/sum universe",KW-d61ebfecc03a
cuenta de ahorro intangible,1,X04,excluded_or_manual_review,excluded_or_manual_review,False,"Text core is not an independent audience; use manual intent verdict, no MAX/sum universe",KW-5d2db5079146
cuenta de ahorro interbank cobra mantenimiento,1,C05,competitor_consideration_requires_serp,competitor_consideration_requires_serp,False,"Text core is not an independent audience; use manual intent verdict, no MAX/sum universe",KW-76e90ae74b69
cuenta de ahorro interbank peru,2,C05,competitor_consideration_requires_serp,competitor_consideration_requires_serp,False,"Text core is not an independent audience; use manual intent verdict, no MAX/sum universe",KW-4503f337f1d9;KW-9efc898e02eb
cuenta de ahorro interbank requisitos,2,C05,competitor_consideration_requires_serp,competitor_consideration_requires_serp,False,"Text core is not an independent audience; use manual intent verdict, no MAX/sum universe",KW-b11bb398e32e;KW-9291a1ae5f5f
cuenta de ahorro interbank tasa,1,C05,competitor_consideration_requires_serp,competitor_consideration_requires_serp,False,"Text core is not an independent audience; use manual intent verdict, no MAX/sum universe",KW-cc82962e557a
cuenta de ahorro interes compuesto,1,X04,excluded_or_manual_review,excluded_or_manual_review,False,"Text core is not an independent audience; use manual intent verdict, no MAX/sum universe",KW-79f678afc45a
cuenta de ahorro internacional,1,X03,excluded,excluded,False,"Text core is not an independent audience; use manual intent verdict, no MAX/sum universe",KW-148693b780a5
cuenta de ahorro joven banco de bogota,1,X03,excluded,excluded,False,"Text core is not an independent audience; use manual intent verdict, no MAX/sum universe",KW-f4084491565a
cuenta de ahorro mancomunada,1,X03,excluded,excluded,False,"Text core is not an independent audience; use manual intent verdict, no MAX/sum universe",KW-66feb7cdfcbf
cuenta de ahorro mancomunada bbva,1,X03,excluded,excluded,False,"Text core is not an independent audience; use manual intent verdict, no MAX/sum universe",KW-bc4732ae31d2
cuenta de ahorro mancomunada conjunta,1,X03,excluded,excluded,False,"Text core is not an independent audience; use manual intent verdict, no MAX/sum universe",KW-0e6b41eec109
cuenta de ahorro mancomunada indistinta,1,X03,excluded,excluded,False,"Text core is not an independent audience; use manual intent verdict, no MAX/sum universe",KW-74cd3ebe3faa
cuenta de ahorro mas rentable,1,X04,excluded_or_manual_review,excluded_or_manual_review,False,"Text core is not an independent audience; use manual intent verdict, no MAX/sum universe",KW-7cdcbffd1870
cuenta de ahorro mercado pago,1,X04,excluded_or_manual_review,excluded_or_manual_review,False,"Text core is not an independent audience; use manual intent verdict, no MAX/sum universe",KW-5ec7758b7b7b
cuenta de ahorro mi meta banco general,1,X01,not_acquisition_default,not_acquisition_default,False,"Text core is not an independent audience; use manual intent verdict, no MAX/sum universe",KW-1c80b48148b2
cuenta de ahorro n26,1,X04,excluded_or_manual_review,excluded_or_manual_review,False,"Text core is not an independent audience; use manual intent verdict, no MAX/sum universe",KW-a53b144d46d9
cuenta de ahorro naranja,1,X04,excluded_or_manual_review,excluded_or_manual_review,False,"Text core is not an independent audience; use manual intent verdict, no MAX/sum universe",KW-027d0d87ff65
cuenta de ahorro nequi,1,X01,not_acquisition_default,not_acquisition_default,False,"Text core is not an independent audience; use manual intent verdict, no MAX/sum universe",KW-88ed9ec1ce91
cuenta de ahorro o cuenta de ahorros,1,X04,excluded_or_manual_review,excluded_or_manual_review,False,"Text core is not an independent audience; use manual intent verdict, no MAX/sum universe",KW-3319a4ea0ff0
cuenta de ahorro occidente,1,E06,assisted_or_service_only,assisted_or_service_only,False,"Text core is not an independent audience; use manual intent verdict, no MAX/sum universe",KW-85d99896ed41
cuenta de ahorro oh,1,X01,not_acquisition_default,not_acquisition_default,False,"Text core is not an independent audience; use manual intent verdict, no MAX/sum universe",KW-d94d0023de19
cuenta de ahorro online,1,A07,market_proxy_sensitivity,market_proxy_sensitivity,False,"Text core is not an independent audience; use manual intent verdict, no MAX/sum universe",KW-37fa602323ea
cuenta de ahorro online bbva,2,C05,competitor_consideration_requires_serp,competitor_consideration_requires_serp,False,"Text core is not an independent audience; use manual intent verdict, no MAX/sum universe",KW-2dc082337a75;KW-55a800c94ca1
cuenta de ahorro para jovenes,2,X03,excluded,excluded,False,"Text core is not an independent audience; use manual intent verdict, no MAX/sum universe",KW-3bff5e988a3f;KW-3975324eae67
cuenta de ahorro para niños perú,1,X03,excluded,excluded,False,"Text core is not an independent audience; use manual intent verdict, no MAX/sum universe",KW-0b94b9df83c1
cuenta de ahorro persona juridica bcp,2,X01,not_acquisition_default,not_acquisition_default,False,"Text core is not an independent audience; use manual intent verdict, no MAX/sum universe",KW-31b36b310537;KW-3336564a8563
cuenta de ahorro persona juridica interbank,2,X01,not_acquisition_default,not_acquisition_default,False,"Text core is not an independent audience; use manual intent verdict, no MAX/sum universe",KW-9ca0cbbe5e04;KW-b7bbaf6730e1
cuenta de ahorro pichincha tasa,1,C05,competitor_consideration_requires_serp,competitor_consideration_requires_serp,False,"Text core is not an independent audience; use manual intent verdict, no MAX/sum universe",KW-3259ff727617
cuenta de ahorro premio bcp,1,C05,competitor_consideration_requires_serp,competitor_consideration_requires_serp,False,"Text core is not an independent audience; use manual intent verdict, no MAX/sum universe",KW-41b6e4159c7f
cuenta de ahorro programado banco pichincha,1,C05,competitor_consideration_requires_serp,competitor_consideration_requires_serp,False,"Text core is not an independent audience; use manual intent verdict, no MAX/sum universe",KW-3f0d72335b66
cuenta de ahorro rappi,1,X01,not_acquisition_default,not_acquisition_default,False,"Text core is not an independent audience; use manual intent verdict, no MAX/sum universe",KW-bf2b41432afb
cuenta de ahorro remunerada bbva,1,C05,competitor_consideration_requires_serp,competitor_consideration_requires_serp,False,"Text core is not an independent audience; use manual intent verdict, no MAX/sum universe",KW-684a42d302b3
cuenta de ahorro rendimiento,1,A02,market_proxy_sensitivity,market_proxy_sensitivity,False,"Text core is not an independent audience; use manual intent verdict, no MAX/sum universe",KW-0bc4918bea23
cuenta de ahorro ripley max,1,C05,competitor_consideration_requires_serp,competitor_consideration_requires_serp,False,"Text core is not an independent audience; use manual intent verdict, no MAX/sum universe",KW-a267e732d214
cuenta de ahorro rolando,1,X04,excluded_or_manual_review,excluded_or_manual_review,False,"Text core is not an independent audience; use manual intent verdict, no MAX/sum universe",KW-bc3cc8d700bf
cuenta de ahorro sabadell,1,X01,not_acquisition_default,not_acquisition_default,False,"Text core is not an independent audience; use manual intent verdict, no MAX/sum universe",KW-66d77fb77e29
cuenta de ahorro saga falabella,2,C05,competitor_consideration_requires_serp,competitor_consideration_requires_serp,False,"Text core is not an independent audience; use manual intent verdict, no MAX/sum universe",KW-1d8717264222;KW-d9009adf00d1
cuenta de ahorro santander,1,X01,not_acquisition_default,not_acquisition_default,False,"Text core is not an independent audience; use manual intent verdict, no MAX/sum universe",KW-e3804e56a6e3
cuenta de ahorro scotiabank beneficios,1,C05,competitor_consideration_requires_serp,competitor_consideration_requires_serp,False,"Text core is not an independent audience; use manual intent verdict, no MAX/sum universe",KW-7ead716aa5b2
cuenta de ahorro scotiabank perú,1,C05,competitor_consideration_requires_serp,competitor_consideration_requires_serp,False,"Text core is not an independent audience; use manual intent verdict, no MAX/sum universe",KW-02928023c731
cuenta de ahorro scotiabank requisitos,1,C05,competitor_consideration_requires_serp,competitor_consideration_requires_serp,False,"Text core is not an independent audience; use manual intent verdict, no MAX/sum universe",KW-0f90a71bbf26
cuenta de ahorro significado,1,E01,assisted_only,assisted_only,False,"Text core is not an independent audience; use manual intent verdict, no MAX/sum universe",KW-3c70cbc94c27
cuenta de ahorro simple bcp,1,C05,competitor_consideration_requires_serp,competitor_consideration_requires_serp,False,"Text core is not an independent audience; use manual intent verdict, no MAX/sum universe",KW-833767f0df37
cuenta de ahorro simple interbank,2,C05,competitor_consideration_requires_serp,competitor_consideration_requires_serp,False,"Text core is not an independent audience; use manual intent verdict, no MAX/sum universe",KW-079451f3358e;KW-b71b5c87ea3b
cuenta de ahorro simulador,2,E03,assisted_only,assisted_only,False,"Text core is not an independent audience; use manual intent verdict, no MAX/sum universe",KW-8ba0df519f6e;KW-893082ccaa57
cuenta de ahorro sin libreta,1,X04,excluded_or_manual_review,excluded_or_manual_review,False,"Text core is not an independent audience; use manual intent verdict, no MAX/sum universe",KW-a357e7f0fef7
cuenta de ahorro sin mantenimiento,1,A03,market_proxy_sensitivity,market_proxy_sensitivity,False,"Text core is not an independent audience; use manual intent verdict, no MAX/sum universe",KW-0db6905fa453
cuenta de ahorro sin nomina,1,X04,excluded_or_manual_review,excluded_or_manual_review,False,"Text core is not an independent audience; use manual intent verdict, no MAX/sum universe",KW-cf628b244d30
cuenta de ahorro soles,1,A01,market_proxy_sensitivity,market_proxy_sensitivity,False,"Text core is not an independent audience; use manual intent verdict, no MAX/sum universe",KW-87ac1a392c05
cuenta de ahorro tarjeta,1,X03,excluded,excluded,False,"Text core is not an independent audience; use manual intent verdict, no MAX/sum universe",KW-6647d88440a6
cuenta de ahorro tarjeta debito,2,X03,excluded,excluded,False,"Text core is not an independent audience; use manual intent verdict, no MAX/sum universe",KW-65c9b628e468;KW-159702be930c
cuenta de ahorro td bank,1,X04,excluded_or_manual_review,excluded_or_manual_review,False,"Text core is not an independent audience; use manual intent verdict, no MAX/sum universe",KW-117e37f8f43a
cuenta de ahorro tenpo,1,X04,excluded_or_manual_review,excluded_or_manual_review,False,"Text core is not an independent audience; use manual intent verdict, no MAX/sum universe",KW-faf14ed24ac9
cuenta de ahorro tradicional,1,X04,excluded_or_manual_review,excluded_or_manual_review,False,"Text core is not an independent audience; use manual intent verdict, no MAX/sum universe",KW-7c272e320e5f
cuenta de ahorro tradicional bancolombia,1,X01,not_acquisition_default,not_acquisition_default,False,"Text core is not an independent audience; use manual intent verdict, no MAX/sum universe",KW-52152c29a92d
cuenta de ahorro tradicional davivienda,1,X01,not_acquisition_default,not_acquisition_default,False,"Text core is not an independent audience; use manual intent verdict, no MAX/sum universe",KW-eaf8df4c7b96
cuenta de ahorro trea,2,E02,assisted_only,assisted_only,False,"Text core is not an independent audience; use manual intent verdict, no MAX/sum universe",KW-dff517025b02;KW-fc431cf58824
cuenta de ahorro uala,1,X01,not_acquisition_default,not_acquisition_default,False,"Text core is not an independent audience; use manual intent verdict, no MAX/sum universe",KW-1840ae960ce3
cuenta de ahorro uf banco estado,1,X01,not_acquisition_default,not_acquisition_default,False,"Text core is not an independent audience; use manual intent verdict, no MAX/sum universe",KW-d80bb1b15db0
cuenta de ahorro universitaria,1,X04,excluded_or_manual_review,excluded_or_manual_review,False,"Text core is not an independent audience; use manual intent verdict, no MAX/sum universe",KW-0161d58ad027
cuenta de ahorro virtual,1,X04,excluded_or_manual_review,excluded_or_manual_review,False,"Text core is not an independent audience; use manual intent verdict, no MAX/sum universe",KW-00e234df26aa
cuenta de ahorro vivienda,1,X04,excluded_or_manual_review,excluded_or_manual_review,False,"Text core is not an independent audience; use manual intent verdict, no MAX/sum universe",KW-2c0319275d39
cuenta de ahorro vs cuenta digital bcp,1,C05,competitor_consideration_requires_serp,competitor_consideration_requires_serp,False,"Text core is not an independent audience; use manual intent verdict, no MAX/sum universe",KW-ba92a36c7e16
cuenta de ahorro wikipedia,1,X04,excluded_or_manual_review,excluded_or_manual_review,False,"Text core is not an independent audience; use manual intent verdict, no MAX/sum universe",KW-d16abd894b5f
cuenta de ahorro wow,1,X01,not_acquisition_default,not_acquisition_default,False,"Text core is not an independent audience; use manual intent verdict, no MAX/sum universe",KW-b4b9e20e812e
cuenta de ahorro wow compartamos financiera,1,X01,not_acquisition_default,not_acquisition_default,False,"Text core is not an independent audience; use manual intent verdict, no MAX/sum universe",KW-9b656dfc8fb0
cuenta de ahorros,4,A01;X04,mixed_requires_split,excluded_or_manual_review;market_proxy_sensitivity,False,"Text core is not an independent audience; use manual intent verdict, no MAX/sum universe",KW-2985528b2d7d;KW-6f1e9261d7de;KW-e6c64a76bf88;KW-b114a265e121
cuenta de ahorros 0,1,X04,excluded_or_manual_review,excluded_or_manual_review,False,"Text core is not an independent audience; use manual intent verdict, no MAX/sum universe",KW-2ef544d423ae
cuenta de ahorros 0 bancolombia,1,X01,not_acquisition_default,not_acquisition_default,False,"Text core is not an independent audience; use manual intent verdict, no MAX/sum universe",KW-7ae4cfc62e34
cuenta de ahorros 0 cuota de manejo,1,A03,market_proxy_sensitivity,market_proxy_sensitivity,False,"Text core is not an independent audience; use manual intent verdict, no MAX/sum universe",KW-a0d6c8046437
cuenta de ahorros 0 davivienda,1,X01,not_acquisition_default,not_acquisition_default,False,"Text core is not an independent audience; use manual intent verdict, no MAX/sum universe",KW-e5c426e937b8
cuenta de ahorros 0 pesos,1,X03,excluded,excluded,False,"Text core is not an independent audience; use manual intent verdict, no MAX/sum universe",KW-e24828926c0d
cuenta de ahorros 2024,1,X04,excluded_or_manual_review,excluded_or_manual_review,False,"Text core is not an independent audience; use manual intent verdict, no MAX/sum universe",KW-a5a4e52d39cd
cuenta de ahorros 2024 peru,1,X04,excluded_or_manual_review,excluded_or_manual_review,False,"Text core is not an independent audience; use manual intent verdict, no MAX/sum universe",KW-7344b5ffa4b0
cuenta de ahorros 2025,1,X04,excluded_or_manual_review,excluded_or_manual_review,False,"Text core is not an independent audience; use manual intent verdict, no MAX/sum universe",KW-79a248f06161
cuenta de ahorros 360 capital one,1,X01,not_acquisition_default,not_acquisition_default,False,"Text core is not an independent audience; use manual intent verdict, no MAX/sum universe",KW-c00ea41500e9
cuenta de ahorros 360 performance,1,X04,excluded_or_manual_review,excluded_or_manual_review,False,"Text core is not an independent audience; use manual intent verdict, no MAX/sum universe",KW-f064309a4277
cuenta de ahorros 4,1,X04,excluded_or_manual_review,excluded_or_manual_review,False,"Text core is not an independent audience; use manual intent verdict, no MAX/sum universe",KW-ba439fddd5df
cuenta de ahorros 6,1,X04,excluded_or_manual_review,excluded_or_manual_review,False,"Text core is not an independent audience; use manual intent verdict, no MAX/sum universe",KW-07eb58a9c93c
cuenta de ahorros a menores de edad,2,X03,excluded,excluded,False,"Text core is not an independent audience; use manual intent verdict, no MAX/sum universe",KW-8608e41d9623;KW-882d63386286
cuenta de ahorros a plazo fijo banco pichincha,1,X01,not_acquisition_default,not_acquisition_default,False,"Text core is not an independent audience; use manual intent verdict, no MAX/sum universe",KW-ffb0ffcc9e08
cuenta de ahorros a plazo fijo scotiabank,1,X01,not_acquisition_default,not_acquisition_default,False,"Text core is not an independent audience; use manual intent verdict, no MAX/sum universe",KW-a3beb1758add
cuenta de ahorros agora peru,1,C05,competitor_consideration_requires_serp,competitor_consideration_requires_serp,False,"Text core is not an independent audience; use manual intent verdict, no MAX/sum universe",KW-4c7d3450fd30
cuenta de ahorros alfin,1,X01,not_acquisition_default,not_acquisition_default,False,"Text core is not an independent audience; use manual intent verdict, no MAX/sum universe",KW-82b2b6395fc2
cuenta de ahorros almighty,1,X01,not_acquisition_default,not_acquisition_default,False,"Text core is not an independent audience; use manual intent verdict, no MAX/sum universe",KW-f29847b8ec11
cuenta de ahorros alto interes peru,1,X04,excluded_or_manual_review,excluded_or_manual_review,False,"Text core is not an independent audience; use manual intent verdict, no MAX/sum universe",KW-c98fafb7bf12
cuenta de ahorros aniversario,1,X04,excluded_or_manual_review,excluded_or_manual_review,False,"Text core is not an independent audience; use manual intent verdict, no MAX/sum universe",KW-e2bd5463ccd7
cuenta de ahorros anual,1,X04,excluded_or_manual_review,excluded_or_manual_review,False,"Text core is not an independent audience; use manual intent verdict, no MAX/sum universe",KW-71e5ef3bf2e0
cuenta de ahorros aventura banco de bogota,1,X03,excluded,excluded,False,"Text core is not an independent audience; use manual intent verdict, no MAX/sum universe",KW-7343cdf940b7
cuenta de ahorros bac costa rica intereses,1,X01,not_acquisition_default,not_acquisition_default,False,"Text core is not an independent audience; use manual intent verdict, no MAX/sum universe",KW-bda92e0743b6
cuenta de ahorros banbif 4.75,1,C05,competitor_consideration_requires_serp,competitor_consideration_requires_serp,False,"Text core is not an independent audience; use manual intent verdict, no MAX/sum universe",KW-3f541873f40e
cuenta de ahorros banca digital nequi,1,X01,not_acquisition_default,not_acquisition_default,False,"Text core is not an independent audience; use manual intent verdict, no MAX/sum universe",KW-3f71a1c3da5f
cuenta de ahorros banco agrario,1,X01,not_acquisition_default,not_acquisition_default,False,"Text core is not an independent audience; use manual intent verdict, no MAX/sum universe",KW-eb87d0e86ae3
cuenta de ahorros banco azteca,1,X01,not_acquisition_default,not_acquisition_default,False,"Text core is not an independent audience; use manual intent verdict, no MAX/sum universe",KW-05eca35210ca
cuenta de ahorros banco azteca perú,1,X01,not_acquisition_default,not_acquisition_default,False,"Text core is not an independent audience; use manual intent verdict, no MAX/sum universe",KW-d674b6fba4bc
cuenta de ahorros banco caja social online,1,C05,competitor_consideration_requires_serp,competitor_consideration_requires_serp,False,"Text core is not an independent audience; use manual intent verdict, no MAX/sum universe",KW-f70b12a25305
cuenta de ahorros banco colpatria,1,X01,not_acquisition_default,not_acquisition_default,False,"Text core is not an independent audience; use manual intent verdict, no MAX/sum universe",KW-0aec0abf78be
cuenta de ahorros banco de bogota virtual,1,X03,excluded,excluded,False,"Text core is not an independent audience; use manual intent verdict, no MAX/sum universe",KW-9a468e146048
cuenta de ahorros banco de la nacion,4,X01,not_acquisition_default,not_acquisition_default,False,"Text core is not an independent audience; use manual intent verdict, no MAX/sum universe",KW-ec789c608ebd;KW-be8784821637;KW-14a6ad6bdbb4;KW-da0a9ca721ba
cuenta de ahorros banco de la nacion peru,2,X01,not_acquisition_default,not_acquisition_default,False,"Text core is not an independent audience; use manual intent verdict, no MAX/sum universe",KW-0f8355247168;KW-c54086ac4eb1
cuenta de ahorros banco de la nación,1,X01,not_acquisition_default,not_acquisition_default,False,"Text core is not an independent audience; use manual intent verdict, no MAX/sum universe",KW-55dd1d0bdbe6
cuenta de ahorros banco de la nación virtual,1,X01,not_acquisition_default,not_acquisition_default,False,"Text core is not an independent audience; use manual intent verdict, no MAX/sum universe",KW-26af716753e9
cuenta de ahorros banco del pichincha,1,C05,competitor_consideration_requires_serp,competitor_consideration_requires_serp,False,"Text core is not an independent audience; use manual intent verdict, no MAX/sum universe",KW-0dfaaeec69f6
cuenta de ahorros banco general,1,X01,not_acquisition_default,not_acquisition_default,False,"Text core is not an independent audience; use manual intent verdict, no MAX/sum universe",KW-5065ef82eff2
cuenta de ahorros banco gnb,2,X01,not_acquisition_default,not_acquisition_default,False,"Text core is not an independent audience; use manual intent verdict, no MAX/sum universe",KW-6b09c89c36f0;KW-700297629242
cuenta de ahorros banco guayaquil online,1,X03,excluded,excluded,False,"Text core is not an independent audience; use manual intent verdict, no MAX/sum universe",KW-0c0451540c26
cuenta de ahorros banco hipotecario,1,X04,excluded_or_manual_review,excluded_or_manual_review,False,"Text core is not an independent audience; use manual intent verdict, no MAX/sum universe",KW-73db20f39e59
cuenta de ahorros banco occidente,1,E06,assisted_or_service_only,assisted_or_service_only,False,"Text core is not an independent audience; use manual intent verdict, no MAX/sum universe",KW-990077681a5f
cuenta de ahorros banco pichincha colombia,1,X01,not_acquisition_default,not_acquisition_default,False,"Text core is not an independent audience; use manual intent verdict, no MAX/sum universe",KW-6ad2aae7ca51
cuenta de ahorros banco pichincha consulta,1,C05,competitor_consideration_requires_serp,competitor_consideration_requires_serp,False,"Text core is not an independent audience; use manual intent verdict, no MAX/sum universe",KW-77388051d8d4
cuenta de ahorros banco pichincha ecuador,1,X01,not_acquisition_default,not_acquisition_default,False,"Text core is not an independent audience; use manual intent verdict, no MAX/sum universe",KW-73b419da8781
cuenta de ahorros banco pichincha en 10 minutos,1,C05,competitor_consideration_requires_serp,competitor_consideration_requires_serp,False,"Text core is not an independent audience; use manual intent verdict, no MAX/sum universe",KW-968114860291
cuenta de ahorros banco pichincha en linea,2,C05,competitor_consideration_requires_serp,competitor_consideration_requires_serp,False,"Text core is not an independent audience; use manual intent verdict, no MAX/sum universe",KW-758240567235;KW-667f1e77fe88
cuenta de ahorros banco produbanco,1,X04,excluded_or_manual_review,excluded_or_manual_review,False,"Text core is not an independent audience; use manual intent verdict, no MAX/sum universe",KW-75f8e4a3772e
cuenta de ahorros banco solidario,1,X04,excluded_or_manual_review,excluded_or_manual_review,False,"Text core is not an independent audience; use manual intent verdict, no MAX/sum universe",KW-143f0b800e19
cuenta de ahorros bancolombia iniciar sesion,1,X01,not_acquisition_default,not_acquisition_default,False,"Text core is not an independent audience; use manual intent verdict, no MAX/sum universe",KW-254e1ca51e46
cuenta de ahorros bancolombia sin cuota de manejo,2,X01,not_acquisition_default,not_acquisition_default,False,"Text core is not an independent audience; use manual intent verdict, no MAX/sum universe",KW-8c54569446a3;KW-bceb760461f5
cuenta de ahorros bank of america para extranjeros,1,X01,not_acquisition_default,not_acquisition_default,False,"Text core is not an independent audience; use manual intent verdict, no MAX/sum universe",KW-7f58f78bc416
cuenta de ahorros bbva,5,C05,competitor_consideration_requires_serp,competitor_consideration_requires_serp,False,"Text core is not an independent audience; use manual intent verdict, no MAX/sum universe",KW-b8555ef45fa2;KW-44a7837ea43a;KW-88e61ad5cb12;KW-eb19d659aee2;KW-1f021effc558
cuenta de ahorros bbva cobra mantenimiento,2,C05,competitor_consideration_requires_serp,competitor_consideration_requires_serp,False,"Text core is not an independent audience; use manual intent verdict, no MAX/sum universe",KW-443e9e64b9e9;KW-f5d872c86541
cuenta de ahorros bbva peru,1,C05,competitor_consideration_requires_serp,competitor_consideration_requires_serp,False,"Text core is not an independent audience; use manual intent verdict, no MAX/sum universe",KW-a9b32d010c8c
cuenta de ahorros bbva sin mantenimiento,2,C05,competitor_consideration_requires_serp,competitor_consideration_requires_serp,False,"Text core is not an independent audience; use manual intent verdict, no MAX/sum universe",KW-bfa1c3e96f91;KW-6358ca93f02b
cuenta de ahorros bcp,2,C05,competitor_consideration_requires_serp,competitor_consideration_requires_serp,False,"Text core is not an independent audience; use manual intent verdict, no MAX/sum universe",KW-4206bf5a6d2f;KW-12cc41f61284
cuenta de ahorros bcp 0 mantenimiento,1,C05,competitor_consideration_requires_serp,competitor_consideration_requires_serp,False,"Text core is not an independent audience; use manual intent verdict, no MAX/sum universe",KW-4fe44fbdfb97
cuenta de ahorros bcp cci,1,C05,competitor_consideration_requires_serp,competitor_consideration_requires_serp,False,"Text core is not an independent audience; use manual intent verdict, no MAX/sum universe",KW-a944e150369c
cuenta de ahorros bcp cuantos digitos,1,C05,competitor_consideration_requires_serp,competitor_consideration_requires_serp,False,"Text core is not an independent audience; use manual intent verdict, no MAX/sum universe",KW-02b842a9b86e
cuenta de ahorros bcp digital,10,C05,competitor_consideration_requires_serp,competitor_consideration_requires_serp,False,"Text core is not an independent audience; use manual intent verdict, no MAX/sum universe",KW-643c778cfade;KW-08e30a93ffa1;KW-0b14155c8d40;KW-2343030eaf95;KW-c3ddc72105ce;KW-03fdc4d272e3;KW-a743726a4c17;KW-804a0a87d51f;KW-0554703a5ac8;KW-f0ab919c8ace
cuenta de ahorros bcp interes,1,C05,competitor_consideration_requires_serp,competitor_consideration_requires_serp,False,"Text core is not an independent audience; use manual intent verdict, no MAX/sum universe",KW-2f0145f04742
cuenta de ahorros bcp persona natural,1,C05,competitor_consideration_requires_serp,competitor_consideration_requires_serp,False,"Text core is not an independent audience; use manual intent verdict, no MAX/sum universe",KW-0ee09b1e6dda
cuenta de ahorros bcp por internet,1,C05,competitor_consideration_requires_serp,competitor_consideration_requires_serp,False,"Text core is not an independent audience; use manual intent verdict, no MAX/sum universe",KW-978c4571584b
cuenta de ahorros bcp requisitos persona juridica,1,X01,not_acquisition_default,not_acquisition_default,False,"Text core is not an independent audience; use manual intent verdict, no MAX/sum universe",KW-472b40e0f9ef
cuenta de ahorros bcp requisitos persona natural,1,C05,competitor_consideration_requires_serp,competitor_consideration_requires_serp,False,"Text core is not an independent audience; use manual intent verdict, no MAX/sum universe",KW-9d3da3ee2d40
cuenta de ahorros bcp ruc 20,1,X01,not_acquisition_default,not_acquisition_default,False,"Text core is not an independent audience; use manual intent verdict, no MAX/sum universe",KW-096dbefd7803
cuenta de ahorros bcp sin costo de mantenimiento,1,C05,competitor_consideration_requires_serp,competitor_consideration_requires_serp,False,"Text core is not an independent audience; use manual intent verdict, no MAX/sum universe",KW-af559bedaa31
cuenta de ahorros bcp tasa de interes,1,C05,competitor_consideration_requires_serp,competitor_consideration_requires_serp,False,"Text core is not an independent audience; use manual intent verdict, no MAX/sum universe",KW-dc2cc230360a
cuenta de ahorros bcp te cobra mantenimiento,1,C05,competitor_consideration_requires_serp,competitor_consideration_requires_serp,False,"Text core is not an independent audience; use manual intent verdict, no MAX/sum universe",KW-72d4426fa56b
cuenta de ahorros bcp tea,1,C05,competitor_consideration_requires_serp,competitor_consideration_requires_serp,False,"Text core is not an independent audience; use manual intent verdict, no MAX/sum universe",KW-571f1e162db1
cuenta de ahorros caja,2,C05;X04,mixed_requires_split,competitor_consideration_requires_serp;excluded_or_manual_review,False,"Text core is not an independent audience; use manual intent verdict, no MAX/sum universe",KW-f38a6c9aa43c;KW-b0e5534cac23
cuenta de ahorros caja piura,2,C05,competitor_consideration_requires_serp,competitor_consideration_requires_serp,False,"Text core is not an independent audience; use manual intent verdict, no MAX/sum universe",KW-deaadad0a971;KW-74e97119aacb
cuenta de ahorros caja social,1,C05,competitor_consideration_requires_serp,competitor_consideration_requires_serp,False,"Text core is not an independent audience; use manual intent verdict, no MAX/sum universe",KW-ad1159b43048
cuenta de ahorros caja tacna,2,C05,competitor_consideration_requires_serp,competitor_consideration_requires_serp,False,"Text core is not an independent audience; use manual intent verdict, no MAX/sum universe",KW-4f227cadaf12;KW-07fdf683fc11
cuenta de ahorros capital one,1,X01,not_acquisition_default,not_acquisition_default,False,"Text core is not an independent audience; use manual intent verdict, no MAX/sum universe",KW-0543931519fd
cuenta de ahorros caracteristicas y beneficios,1,E01,assisted_only,assisted_only,False,"Text core is not an independent audience; use manual intent verdict, no MAX/sum universe",KW-31bcef9e7720
cuenta de ahorros cero mantenimiento bcp,1,C05,competitor_consideration_requires_serp,competitor_consideration_requires_serp,False,"Text core is not an independent audience; use manual intent verdict, no MAX/sum universe",KW-b0ef0eea1bf7
cuenta de ahorros chase,1,X01,not_acquisition_default,not_acquisition_default,False,"Text core is not an independent audience; use manual intent verdict, no MAX/sum universe",KW-1a015c5ecd5b
cuenta de ahorros citibank,2,X01,not_acquisition_default,not_acquisition_default,False,"Text core is not an independent audience; use manual intent verdict, no MAX/sum universe",KW-8f6b8fad663d;KW-f298ef7346ee
cuenta de ahorros colpatria sin cuota de manejo,1,X01,not_acquisition_default,not_acquisition_default,False,"Text core is not an independent audience; use manual intent verdict, no MAX/sum universe",KW-3260f84e6a86
cuenta de ahorros compartamos,2,X01;X03,mixed_requires_split,excluded;not_acquisition_default,False,"Text core is not an independent audience; use manual intent verdict, no MAX/sum universe",KW-2bee674cd934;KW-ad05971f65e9
cuenta de ahorros compartamos banco,1,X01,not_acquisition_default,not_acquisition_default,False,"Text core is not an independent audience; use manual intent verdict, no MAX/sum universe",KW-98fe6c4cd879
cuenta de ahorros con buenos intereses,1,X01,not_acquisition_default,not_acquisition_default,False,"Text core is not an independent audience; use manual intent verdict, no MAX/sum universe",KW-e09db2a1af9a
cuenta de ahorros con intereses altos,1,A02,market_proxy_sensitivity,market_proxy_sensitivity,False,"Text core is not an independent audience; use manual intent verdict, no MAX/sum universe",KW-28a04e35daa4
cuenta de ahorros con mas intereses,1,A02,market_proxy_sensitivity,market_proxy_sensitivity,False,"Text core is not an independent audience; use manual intent verdict, no MAX/sum universe",KW-8eb11244b8cb
cuenta de ahorros con mayor rentabilidad,1,A02,market_proxy_sensitivity,market_proxy_sensitivity,False,"Text core is not an independent audience; use manual intent verdict, no MAX/sum universe",KW-f4fbf57e5d62
cuenta de ahorros con mayor tasa de interes peru,1,A02,market_proxy_sensitivity,market_proxy_sensitivity,False,"Text core is not an independent audience; use manual intent verdict, no MAX/sum universe",KW-6755348d4c22
cuenta de ahorros con pago de intereses,1,X04,excluded_or_manual_review,excluded_or_manual_review,False,"Text core is not an independent audience; use manual intent verdict, no MAX/sum universe",KW-d523aad758e6
cuenta de ahorros con pasaporte,1,X03,excluded,excluded,False,"Text core is not an independent audience; use manual intent verdict, no MAX/sum universe",KW-35a3a4fb529b
cuenta de ahorros con rentabilidad,1,A02,market_proxy_sensitivity,market_proxy_sensitivity,False,"Text core is not an independent audience; use manual intent verdict, no MAX/sum universe",KW-7c6801946759
cuenta de ahorros confiar,1,X04,excluded_or_manual_review,excluded_or_manual_review,False,"Text core is not an independent audience; use manual intent verdict, no MAX/sum universe",KW-9bd9f152dbbd
cuenta de ahorros continental,2,X01,not_acquisition_default,not_acquisition_default,False,"Text core is not an independent audience; use manual intent verdict, no MAX/sum universe",KW-701a8d3926ae;KW-26734011c60e
cuenta de ahorros cuenta corriente diferencia,2,C03,assisted_only,assisted_only,False,"Text core is not an independent audience; use manual intent verdict, no MAX/sum universe",KW-cbcbdb51f7da;KW-238332681d68
cuenta de ahorros damas davivienda,1,X01,not_acquisition_default,not_acquisition_default,False,"Text core is not an independent audience; use manual intent verdict, no MAX/sum universe",KW-eab924402f9f
cuenta de ahorros damas que significa,1,E01,assisted_only,assisted_only,False,"Text core is not an independent audience; use manual intent verdict, no MAX/sum universe",KW-ed4f7a01fa89
cuenta de ahorros davivienda 4x1000,1,X01,not_acquisition_default,not_acquisition_default,False,"Text core is not an independent audience; use manual intent verdict, no MAX/sum universe",KW-c851ddf55aa0
cuenta de ahorros del sector público en mn y me,1,X04,excluded_or_manual_review,excluded_or_manual_review,False,"Text core is not an independent audience; use manual intent verdict, no MAX/sum universe",KW-6e77e6dedfdd
cuenta de ahorros digital,7,C02,conditional_not_default,conditional_not_default,False,"Text core is not an independent audience; use manual intent verdict, no MAX/sum universe",KW-a9cfc4225b3f;KW-6f2e434f5218;KW-e8e67cf2b39c;KW-033d17a7aa3b;KW-0793c3adea1d;KW-efea8fe73798;KW-d77b5052390e
cuenta de ahorros digital banco agrario de colombia,1,X01,not_acquisition_default,not_acquisition_default,False,"Text core is not an independent audience; use manual intent verdict, no MAX/sum universe",KW-5310e3de2eb0
cuenta de ahorros digital banco caja social,1,C05,competitor_consideration_requires_serp,competitor_consideration_requires_serp,False,"Text core is not an independent audience; use manual intent verdict, no MAX/sum universe",KW-f7f4b04d09d4
cuenta de ahorros digital banco pichincha,1,C05,competitor_consideration_requires_serp,competitor_consideration_requires_serp,False,"Text core is not an independent audience; use manual intent verdict, no MAX/sum universe",KW-2781821de995
cuenta de ahorros digital bcr,1,C02,conditional_not_default,conditional_not_default,False,"Text core is not an independent audience; use manual intent verdict, no MAX/sum universe",KW-ebcd01998ebd
cuenta de ahorros digital bdi,3,C02,conditional_not_default,conditional_not_default,False,"Text core is not an independent audience; use manual intent verdict, no MAX/sum universe",KW-788393c4080c;KW-6b9a11736223;KW-ab732940dd93
cuenta de ahorros digital davivienda,1,X01,not_acquisition_default,not_acquisition_default,False,"Text core is not an independent audience; use manual intent verdict, no MAX/sum universe",KW-2cf43a5700fe
cuenta de ahorros digital efectiva,2,C05,competitor_consideration_requires_serp,competitor_consideration_requires_serp,False,"Text core is not an independent audience; use manual intent verdict, no MAX/sum universe",KW-09d703aac3be;KW-ea863815d9ac
cuenta de ahorros digital en dolares,1,X02,product_launch_required,product_launch_required,False,"Text core is not an independent audience; use manual intent verdict, no MAX/sum universe",KW-d269c0e9611a
cuenta de ahorros digital gratis,1,C02,conditional_not_default,conditional_not_default,False,"Text core is not an independent audience; use manual intent verdict, no MAX/sum universe",KW-9f39ae4976cb
cuenta de ahorros digital interbank,3,C05,competitor_consideration_requires_serp,competitor_consideration_requires_serp,False,"Text core is not an independent audience; use manual intent verdict, no MAX/sum universe",KW-f98a7e1197cf;KW-e5689223096f;KW-7735963804ab
cuenta de ahorros digital lafise,1,C02,conditional_not_default,conditional_not_default,False,"Text core is not an independent audience; use manual intent verdict, no MAX/sum universe",KW-958dec9f226b
cuenta de ahorros digital movicuenta,1,C02,conditional_not_default,conditional_not_default,False,"Text core is not an independent audience; use manual intent verdict, no MAX/sum universe",KW-1b90804ffd3f
cuenta de ahorros digital para niños,1,X03,excluded,excluded,False,"Text core is not an independent audience; use manual intent verdict, no MAX/sum universe",KW-7bb69c95bb5c
cuenta de ahorros digital peru,1,C02,conditional_not_default,conditional_not_default,False,"Text core is not an independent audience; use manual intent verdict, no MAX/sum universe",KW-33fcbe542dfd
cuenta de ahorros digital produbanco,1,C02,conditional_not_default,conditional_not_default,False,"Text core is not an independent audience; use manual intent verdict, no MAX/sum universe",KW-e7efb00f77c7
cuenta de ahorros digital scotiabank,3,C05,competitor_consideration_requires_serp,competitor_consideration_requires_serp,False,"Text core is not an independent audience; use manual intent verdict, no MAX/sum universe",KW-37e5d05f7205;KW-8446cdec6070;KW-603b3e0c7f7b
cuenta de ahorros digital sin cuota de manejo,1,C02,conditional_not_default,conditional_not_default,False,"Text core is not an independent audience; use manual intent verdict, no MAX/sum universe",KW-23988d4dba89
cuenta de ahorros diners club,1,X01,not_acquisition_default,not_acquisition_default,False,"Text core is not an independent audience; use manual intent verdict, no MAX/sum universe",KW-997a3611c1e4
cuenta de ahorros dolares bbva,4,C05,competitor_consideration_requires_serp,competitor_consideration_requires_serp,False,"Text core is not an independent audience; use manual intent verdict, no MAX/sum universe",KW-430910582334;KW-b5fdb4522683;KW-f561f7587c2a;KW-b8d64fedca58
cuenta de ahorros dolares bcp,7,C05,competitor_consideration_requires_serp,competitor_consideration_requires_serp,False,"Text core is not an independent audience; use manual intent verdict, no MAX/sum universe",KW-532e9be26327;KW-bf5f39d907bc;KW-1a47c206e8fe;KW-2f82b4ccb2cc;KW-8f59b4faec08;KW-6ca6c9a652b8;KW-4f65f143ce91
cuenta de ahorros dolares financiera oh,2,X01,not_acquisition_default,not_acquisition_default,False,"Text core is not an independent audience; use manual intent verdict, no MAX/sum universe",KW-6c54c31ebf61;KW-23264ce8ff2b
cuenta de ahorros dolares interes,1,X02,product_launch_required,product_launch_required,False,"Text core is not an independent audience; use manual intent verdict, no MAX/sum universe",KW-cc5878f4e193
cuenta de ahorros dolares pichincha,1,C05,competitor_consideration_requires_serp,competitor_consideration_requires_serp,False,"Text core is not an independent audience; use manual intent verdict, no MAX/sum universe",KW-5f129dcd581c
cuenta de ahorros dolares tasa,1,X02,product_launch_required,product_launch_required,False,"Text core is not an independent audience; use manual intent verdict, no MAX/sum universe",KW-836e600246ef
cuenta de ahorros empresa bcp,4,X01,not_acquisition_default,not_acquisition_default,False,"Text core is not an independent audience; use manual intent verdict, no MAX/sum universe",KW-2e6f5dba9940;KW-a04a053b0b35;KW-579083bb83a8;KW-69d5e73b4d63
cuenta de ahorros empresarial,1,X03,excluded,excluded,False,"Text core is not an independent audience; use manual intent verdict, no MAX/sum universe",KW-dbf43716cb17
cuenta de ahorros empresarial banco pichincha,1,X01,not_acquisition_default,not_acquisition_default,False,"Text core is not an independent audience; use manual intent verdict, no MAX/sum universe",KW-424be06e57ef
cuenta de ahorros empresarial online,1,X03,excluded,excluded,False,"Text core is not an independent audience; use manual intent verdict, no MAX/sum universe",KW-b62d603a48d0
cuenta de ahorros en agencias uob,1,X01,not_acquisition_default,not_acquisition_default,False,"Text core is not an independent audience; use manual intent verdict, no MAX/sum universe",KW-66a0c829aac3
cuenta de ahorros en dolares banco popular,1,X01,not_acquisition_default,not_acquisition_default,False,"Text core is not an independent audience; use manual intent verdict, no MAX/sum universe",KW-9f2bf08c1c93
cuenta de ahorros en dolares bhd,1,X02,product_launch_required,product_launch_required,False,"Text core is not an independent audience; use manual intent verdict, no MAX/sum universe",KW-b47227491e36
cuenta de ahorros en dolares scotiabank,3,C05,competitor_consideration_requires_serp,competitor_consideration_requires_serp,False,"Text core is not an independent audience; use manual intent verdict, no MAX/sum universe",KW-1220fae5ac49;KW-54689d541ade;KW-69d594f5a79d
cuenta de ahorros en dólares davivienda,1,X01,not_acquisition_default,not_acquisition_default,False,"Text core is not an independent audience; use manual intent verdict, no MAX/sum universe",KW-55653acc53f3
cuenta de ahorros en estados unidos desde colombia,1,X03,excluded,excluded,False,"Text core is not an independent audience; use manual intent verdict, no MAX/sum universe",KW-1e7c807274e8
cuenta de ahorros en estados unidos sin ser residente,1,X03,excluded,excluded,False,"Text core is not an independent audience; use manual intent verdict, no MAX/sum universe",KW-30357464d257
cuenta de ahorros en euros,2,X03,excluded,excluded,False,"Text core is not an independent audience; use manual intent verdict, no MAX/sum universe",KW-9832856ae54b;KW-78a95c1a7acd
cuenta de ahorros en euros bbva perú,1,X01,not_acquisition_default,not_acquisition_default,False,"Text core is not an independent audience; use manual intent verdict, no MAX/sum universe",KW-281ad44d64e7
cuenta de ahorros en euros bcp,1,X01,not_acquisition_default,not_acquisition_default,False,"Text core is not an independent audience; use manual intent verdict, no MAX/sum universe",KW-059b41f27a1e
cuenta de ahorros en euros interbank,3,X01,not_acquisition_default,not_acquisition_default,False,"Text core is not an independent audience; use manual intent verdict, no MAX/sum universe",KW-b4ffae051cd8;KW-2b41014d6bc3;KW-aeadfe682b09
cuenta de ahorros en usa,1,X03,excluded,excluded,False,"Text core is not an independent audience; use manual intent verdict, no MAX/sum universe",KW-9fbf055495e7
cuenta de ahorros es igual a tarjeta de debito,1,X03,excluded,excluded,False,"Text core is not an independent audience; use manual intent verdict, no MAX/sum universe",KW-fd13b22f9548
cuenta de ahorros extranjeros,1,X03,excluded,excluded,False,"Text core is not an independent audience; use manual intent verdict, no MAX/sum universe",KW-3ced7dea7f62
cuenta de ahorros falabella,2,C05,competitor_consideration_requires_serp,competitor_consideration_requires_serp,False,"Text core is not an independent audience; use manual intent verdict, no MAX/sum universe",KW-753e39b0376d;KW-0660e0ec7615
cuenta de ahorros falabella beneficios,1,C05,competitor_consideration_requires_serp,competitor_consideration_requires_serp,False,"Text core is not an independent audience; use manual intent verdict, no MAX/sum universe",KW-248da9f5661e
cuenta de ahorros falabella colombia,1,X01,not_acquisition_default,not_acquisition_default,False,"Text core is not an independent audience; use manual intent verdict, no MAX/sum universe",KW-e4afbdfbcdab
cuenta de ahorros falabella online,1,C05,competitor_consideration_requires_serp,competitor_consideration_requires_serp,False,"Text core is not an independent audience; use manual intent verdict, no MAX/sum universe",KW-6f7da517a215
cuenta de ahorros fijo diario,1,X04,excluded_or_manual_review,excluded_or_manual_review,False,"Text core is not an independent audience; use manual intent verdict, no MAX/sum universe",KW-a1297ee7d51f
cuenta de ahorros fijo diario davivienda,1,X01,not_acquisition_default,not_acquisition_default,False,"Text core is not an independent audience; use manual intent verdict, no MAX/sum universe",KW-029f55eb2391
cuenta de ahorros flexidigital,1,C02,conditional_not_default,conditional_not_default,False,"Text core is not an independent audience; use manual intent verdict, no MAX/sum universe",KW-0405ddc393e4
cuenta de ahorros g zero,1,X04,excluded_or_manual_review,excluded_or_manual_review,False,"Text core is not an independent audience; use manual intent verdict, no MAX/sum universe",KW-ac6c36c17159
cuenta de ahorros ganan intereses,3,A02;X04,mixed_requires_split,excluded_or_manual_review;market_proxy_sensitivity,False,"Text core is not an independent audience; use manual intent verdict, no MAX/sum universe",KW-b15f4c3f0f96;KW-1ab74fbeebd4;KW-dc2de0c0722b
cuenta de ahorros giros y finanzas,2,X04,excluded_or_manual_review,excluded_or_manual_review,False,"Text core is not an independent audience; use manual intent verdict, no MAX/sum universe",KW-d5b082f8e18a;KW-c3a95ecbff75
cuenta de ahorros gnb sudameris,1,X01,not_acquisition_default,not_acquisition_default,False,"Text core is not an independent audience; use manual intent verdict, no MAX/sum universe",KW-94a1c4130ac2
cuenta de ahorros gnial,1,X04,excluded_or_manual_review,excluded_or_manual_review,False,"Text core is not an independent audience; use manual intent verdict, no MAX/sum universe",KW-6f9a2373b651
cuenta de ahorros gratis bancolombia,1,X01,not_acquisition_default,not_acquisition_default,False,"Text core is not an independent audience; use manual intent verdict, no MAX/sum universe",KW-43964b7f9d33
cuenta de ahorros gratis colombia,1,X03,excluded,excluded,False,"Text core is not an independent audience; use manual intent verdict, no MAX/sum universe",KW-c196f46c32a1
cuenta de ahorros grupo aval,1,X04,excluded_or_manual_review,excluded_or_manual_review,False,"Text core is not an independent audience; use manual intent verdict, no MAX/sum universe",KW-621dd5d4606c
cuenta de ahorros high yield,1,X04,excluded_or_manual_review,excluded_or_manual_review,False,"Text core is not an independent audience; use manual intent verdict, no MAX/sum universe",KW-aac1616d18e1
cuenta de ahorros honduras,1,X03,excluded,excluded,False,"Text core is not an independent audience; use manual intent verdict, no MAX/sum universe",KW-91e288082ed3
cuenta de ahorros inactiva bancolombia,1,X01,not_acquisition_default,not_acquisition_default,False,"Text core is not an independent audience; use manual intent verdict, no MAX/sum universe",KW-d3968e2cedbb
cuenta de ahorros independiente bbva,1,C05,competitor_consideration_requires_serp,competitor_consideration_requires_serp,False,"Text core is not an independent audience; use manual intent verdict, no MAX/sum universe",KW-d92733114f1a
cuenta de ahorros interbank 0 mantenimiento,1,C05,competitor_consideration_requires_serp,competitor_consideration_requires_serp,False,"Text core is not an independent audience; use manual intent verdict, no MAX/sum universe",KW-d80aba73d6ff
cuenta de ahorros interbank beneficios,1,C05,competitor_consideration_requires_serp,competitor_consideration_requires_serp,False,"Text core is not an independent audience; use manual intent verdict, no MAX/sum universe",KW-89fa5dd14bb4
cuenta de ahorros interbank para extranjeros,1,X01,not_acquisition_default,not_acquisition_default,False,"Text core is not an independent audience; use manual intent verdict, no MAX/sum universe",KW-6a42e007c131
cuenta de ahorros internacional davivienda,1,X01,not_acquisition_default,not_acquisition_default,False,"Text core is not an independent audience; use manual intent verdict, no MAX/sum universe",KW-2ad5065592bc
cuenta de ahorros islas caimán,1,X04,excluded_or_manual_review,excluded_or_manual_review,False,"Text core is not an independent audience; use manual intent verdict, no MAX/sum universe",KW-245965b8db7d
cuenta de ahorros itau,1,X01,not_acquisition_default,not_acquisition_default,False,"Text core is not an independent audience; use manual intent verdict, no MAX/sum universe",KW-92c1ee884fd4
cuenta de ahorros jardin azuayo,1,X04,excluded_or_manual_review,excluded_or_manual_review,False,"Text core is not an independent audience; use manual intent verdict, no MAX/sum universe",KW-41faba870636
cuenta de ahorros jep en línea,1,X04,excluded_or_manual_review,excluded_or_manual_review,False,"Text core is not an independent audience; use manual intent verdict, no MAX/sum universe",KW-e701512a3db5
cuenta de ahorros jfk,1,X01,not_acquisition_default,not_acquisition_default,False,"Text core is not an independent audience; use manual intent verdict, no MAX/sum universe",KW-c498b600530a
cuenta de ahorros john f kennedy,1,X04,excluded_or_manual_review,excluded_or_manual_review,False,"Text core is not an independent audience; use manual intent verdict, no MAX/sum universe",KW-6f1e8863e3aa
cuenta de ahorros joven,1,X03,excluded,excluded,False,"Text core is not an independent audience; use manual intent verdict, no MAX/sum universe",KW-c6c2833e5b07
cuenta de ahorros juridica,1,X04,excluded_or_manual_review,excluded_or_manual_review,False,"Text core is not an independent audience; use manual intent verdict, no MAX/sum universe",KW-667531abb9dd
cuenta de ahorros juridica bcp,1,C05,competitor_consideration_requires_serp,competitor_consideration_requires_serp,False,"Text core is not an independent audience; use manual intent verdict, no MAX/sum universe",KW-802250afc888
cuenta de ahorros kids bcp,1,C05,competitor_consideration_requires_serp,competitor_consideration_requires_serp,False,"Text core is not an independent audience; use manual intent verdict, no MAX/sum universe",KW-04ed73515d38
cuenta de ahorros kubo banco de occidente,1,E06,assisted_or_service_only,assisted_or_service_only,False,"Text core is not an independent audience; use manual intent verdict, no MAX/sum universe",KW-26a6b45bd636
cuenta de ahorros letra,1,X04,excluded_or_manual_review,excluded_or_manual_review,False,"Text core is not an independent audience; use manual intent verdict, no MAX/sum universe",KW-27a9c82b3b32
cuenta de ahorros libreahorro,1,X04,excluded_or_manual_review,excluded_or_manual_review,False,"Text core is not an independent audience; use manual intent verdict, no MAX/sum universe",KW-f77f4ece02b7
cuenta de ahorros libreton,1,X01,not_acquisition_default,not_acquisition_default,False,"Text core is not an independent audience; use manual intent verdict, no MAX/sum universe",KW-1afc707e39ae
cuenta de ahorros libreton bbva,1,C05,competitor_consideration_requires_serp,competitor_consideration_requires_serp,False,"Text core is not an independent audience; use manual intent verdict, no MAX/sum universe",KW-aab90fd00c1a
cuenta de ahorros libreton bbva es de nomina,1,C05,competitor_consideration_requires_serp,competitor_consideration_requires_serp,False,"Text core is not an independent audience; use manual intent verdict, no MAX/sum universe",KW-b84b080a11f2
cuenta de ahorros libreton colombia,1,X01,not_acquisition_default,not_acquisition_default,False,"Text core is not an independent audience; use manual intent verdict, no MAX/sum universe",KW-91f8537c0f7e
cuenta de ahorros mancomunada bcp,1,X03,excluded,excluded,False,"Text core is not an independent audience; use manual intent verdict, no MAX/sum universe",KW-0e2ba33e568e
cuenta de ahorros mancomunada interbank,1,X03,excluded,excluded,False,"Text core is not an independent audience; use manual intent verdict, no MAX/sum universe",KW-c125dd370771
cuenta de ahorros mastercard,1,X04,excluded_or_manual_review,excluded_or_manual_review,False,"Text core is not an independent audience; use manual intent verdict, no MAX/sum universe",KW-5a28aaa1d94e
cuenta de ahorros mercado monetario,1,X04,excluded_or_manual_review,excluded_or_manual_review,False,"Text core is not an independent audience; use manual intent verdict, no MAX/sum universe",KW-5e23b78dcb6f
cuenta de ahorros mi meta,1,X04,excluded_or_manual_review,excluded_or_manual_review,False,"Text core is not an independent audience; use manual intent verdict, no MAX/sum universe",KW-2de0c6f2593f
cuenta de ahorros mi proyecto bbva,1,C05,competitor_consideration_requires_serp,competitor_consideration_requires_serp,False,"Text core is not an independent audience; use manual intent verdict, no MAX/sum universe",KW-1e7b1cc3f552
cuenta de ahorros mn,1,A01,market_proxy_sensitivity,market_proxy_sensitivity,False,"Text core is not an independent audience; use manual intent verdict, no MAX/sum universe",KW-7b785675af6e
cuenta de ahorros mna bcp,1,C05,competitor_consideration_requires_serp,competitor_consideration_requires_serp,False,"Text core is not an independent audience; use manual intent verdict, no MAX/sum universe",KW-6baa7adf941f
cuenta de ahorros movil davivienda,1,X01,not_acquisition_default,not_acquisition_default,False,"Text core is not an independent audience; use manual intent verdict, no MAX/sum universe",KW-647841f4df18
cuenta de ahorros multired,1,X04,excluded_or_manual_review,excluded_or_manual_review,False,"Text core is not an independent audience; use manual intent verdict, no MAX/sum universe",KW-93b282b604a7
cuenta de ahorros mutualista pichincha,1,C05,competitor_consideration_requires_serp,competitor_consideration_requires_serp,False,"Text core is not an independent audience; use manual intent verdict, no MAX/sum universe",KW-6150914de99b
cuenta de ahorros mype bcp,1,C05,competitor_consideration_requires_serp,competitor_consideration_requires_serp,False,"Text core is not an independent audience; use manual intent verdict, no MAX/sum universe",KW-4d9c74e3e750
cuenta de ahorros navidad banco general,1,X01,not_acquisition_default,not_acquisition_default,False,"Text core is not an independent audience; use manual intent verdict, no MAX/sum universe",KW-ed8fb8f90982
cuenta de ahorros nomina banco de bogota,1,X03,excluded,excluded,False,"Text core is not an independent audience; use manual intent verdict, no MAX/sum universe",KW-c718e3a43996
cuenta de ahorros nu,2,X01;X04,mixed_requires_split,excluded_or_manual_review;not_acquisition_default,False,"Text core is not an independent audience; use manual intent verdict, no MAX/sum universe",KW-b0435f4ec5b9;KW-39c87fbcc18e
cuenta de ahorros nu colombia,1,X03,excluded,excluded,False,"Text core is not an independent audience; use manual intent verdict, no MAX/sum universe",KW-e485222c3c3a
cuenta de ahorros nu colombia cancelar,1,X03,excluded,excluded,False,"Text core is not an independent audience; use manual intent verdict, no MAX/sum universe",KW-9cafd8d444e9
cuenta de ahorros nu opiniones,1,X04,excluded_or_manual_review,excluded_or_manual_review,False,"Text core is not an independent audience; use manual intent verdict, no MAX/sum universe",KW-d4be91926fe9
cuenta de ahorros nu rentabilidad,1,X04,excluded_or_manual_review,excluded_or_manual_review,False,"Text core is not an independent audience; use manual intent verdict, no MAX/sum universe",KW-1078e4cc3a58
cuenta de ahorros nu vs bancolombia,1,X01,not_acquisition_default,not_acquisition_default,False,"Text core is not an independent audience; use manual intent verdict, no MAX/sum universe",KW-4378323a1b3c
cuenta de ahorros nubank,2,X01,not_acquisition_default,not_acquisition_default,False,"Text core is not an independent audience; use manual intent verdict, no MAX/sum universe",KW-dc03a2951855;KW-e1cd81277c45
cuenta de ahorros nubank 4x1000,1,X01,not_acquisition_default,not_acquisition_default,False,"Text core is not an independent audience; use manual intent verdict, no MAX/sum universe",KW-4f13c5a32e6b
cuenta de ahorros o cuenta corriente,4,C03,assisted_only,assisted_only,False,"Text core is not an independent audience; use manual intent verdict, no MAX/sum universe",KW-79d927cbf73f;KW-116a657c5dbe;KW-619ae0a3f821;KW-e3f6e946b89e
cuenta de ahorros online banco bolivariano,1,X01,not_acquisition_default,not_acquisition_default,False,"Text core is not an independent audience; use manual intent verdict, no MAX/sum universe",KW-33ddff769044
cuenta de ahorros online banco pichincha,1,C05,competitor_consideration_requires_serp,competitor_consideration_requires_serp,False,"Text core is not an independent audience; use manual intent verdict, no MAX/sum universe",KW-05cef4175f2d
cuenta de ahorros online bcp,3,C05,competitor_consideration_requires_serp,competitor_consideration_requires_serp,False,"Text core is not an independent audience; use manual intent verdict, no MAX/sum universe",KW-ec1acc25dd57;KW-c0a4adb0bd0d;KW-aad27c1c7069
cuenta de ahorros online colombia,1,X03,excluded,excluded,False,"Text core is not an independent audience; use manual intent verdict, no MAX/sum universe",KW-8b9e04a166ef
cuenta de ahorros online davivienda,1,X01,not_acquisition_default,not_acquisition_default,False,"Text core is not an independent audience; use manual intent verdict, no MAX/sum universe",KW-97996f7746d8
cuenta de ahorros online interbank,2,C05,competitor_consideration_requires_serp,competitor_consideration_requires_serp,False,"Text core is not an independent audience; use manual intent verdict, no MAX/sum universe",KW-c18159e41f7c;KW-1261cb8bde95
cuenta de ahorros online max,1,X04,excluded_or_manual_review,excluded_or_manual_review,False,"Text core is not an independent audience; use manual intent verdict, no MAX/sum universe",KW-89227144a108
cuenta de ahorros online panama,1,X03,excluded,excluded,False,"Text core is not an independent audience; use manual intent verdict, no MAX/sum universe",KW-e62e7c642a75
cuenta de ahorros online scotiabank,2,C05,competitor_consideration_requires_serp,competitor_consideration_requires_serp,False,"Text core is not an independent audience; use manual intent verdict, no MAX/sum universe",KW-b02ffc3855c5;KW-61af7a312e71
cuenta de ahorros para jovenes banco pichincha,1,X01,not_acquisition_default,not_acquisition_default,False,"Text core is not an independent audience; use manual intent verdict, no MAX/sum universe",KW-29db347890df
cuenta de ahorros para jóvenes bancolombia,1,X01,not_acquisition_default,not_acquisition_default,False,"Text core is not an independent audience; use manual intent verdict, no MAX/sum universe",KW-9bb7b704f12d
cuenta de ahorros para jóvenes perú,1,X03,excluded,excluded,False,"Text core is not an independent audience; use manual intent verdict, no MAX/sum universe",KW-8fb43b50673c
cuenta de ahorros para la vivienda,1,X04,excluded_or_manual_review,excluded_or_manual_review,False,"Text core is not an independent audience; use manual intent verdict, no MAX/sum universe",KW-9832a3bc4940
cuenta de ahorros para niños bbva peru,1,X03,excluded,excluded,False,"Text core is not an independent audience; use manual intent verdict, no MAX/sum universe",KW-e9a109a71a45
cuenta de ahorros para venezolanos,1,X04,excluded_or_manual_review,excluded_or_manual_review,False,"Text core is not an independent audience; use manual intent verdict, no MAX/sum universe",KW-e84ec96097a1
cuenta de ahorros persona juridica,2,X03,excluded,excluded,False,"Text core is not an independent audience; use manual intent verdict, no MAX/sum universe",KW-872cf2f8b1c2;KW-ebafbcb5657f
cuenta de ahorros persona juridica bbva,1,X01,not_acquisition_default,not_acquisition_default,False,"Text core is not an independent audience; use manual intent verdict, no MAX/sum universe",KW-a842a151084a
cuenta de ahorros persona juridica online,1,X03,excluded,excluded,False,"Text core is not an independent audience; use manual intent verdict, no MAX/sum universe",KW-479571502047
cuenta de ahorros persona juridica scotiabank,1,X01,not_acquisition_default,not_acquisition_default,False,"Text core is not an independent audience; use manual intent verdict, no MAX/sum universe",KW-1d554f4afa8d
cuenta de ahorros pichincha online,1,C05,competitor_consideration_requires_serp,competitor_consideration_requires_serp,False,"Text core is not an independent audience; use manual intent verdict, no MAX/sum universe",KW-38070e9194a6
cuenta de ahorros pichincha soles,1,C05,competitor_consideration_requires_serp,competitor_consideration_requires_serp,False,"Text core is not an independent audience; use manual intent verdict, no MAX/sum universe",KW-e8f092243c5c
cuenta de ahorros pj interbank,1,C05,competitor_consideration_requires_serp,competitor_consideration_requires_serp,False,"Text core is not an independent audience; use manual intent verdict, no MAX/sum universe",KW-87079bcd533a
cuenta de ahorros preferente,1,X03,excluded,excluded,False,"Text core is not an independent audience; use manual intent verdict, no MAX/sum universe",KW-93f7ddd8f712
cuenta de ahorros preferente bcp,1,X01,not_acquisition_default,not_acquisition_default,False,"Text core is not an independent audience; use manual intent verdict, no MAX/sum universe",KW-baf3b57755d8
cuenta de ahorros preferente pichincha,3,X01,not_acquisition_default,not_acquisition_default,False,"Text core is not an independent audience; use manual intent verdict, no MAX/sum universe",KW-2b8288bb2c22;KW-b31aee002a94;KW-7af246312c7f
cuenta de ahorros pros y contras,1,X04,excluded_or_manual_review,excluded_or_manual_review,False,"Text core is not an independent audience; use manual intent verdict, no MAX/sum universe",KW-51f791d34b6f
cuenta de ahorros que banco conviene,1,X04,excluded_or_manual_review,excluded_or_manual_review,False,"Text core is not an independent audience; use manual intent verdict, no MAX/sum universe",KW-d8a0d879a472
cuenta de ahorros que banco paga mas,1,X04,excluded_or_manual_review,excluded_or_manual_review,False,"Text core is not an independent audience; use manual intent verdict, no MAX/sum universe",KW-2268bf1bb8be
cuenta de ahorros que de intereses,1,X04,excluded_or_manual_review,excluded_or_manual_review,False,"Text core is not an independent audience; use manual intent verdict, no MAX/sum universe",KW-56e82d6dffc0
cuenta de ahorros que gana intereses,1,X04,excluded_or_manual_review,excluded_or_manual_review,False,"Text core is not an independent audience; use manual intent verdict, no MAX/sum universe",KW-a8e7384933e9
cuenta de ahorros que genere rentabilidad,1,X04,excluded_or_manual_review,excluded_or_manual_review,False,"Text core is not an independent audience; use manual intent verdict, no MAX/sum universe",KW-b3fde48798d1
cuenta de ahorros que paga mas,2,X04,excluded_or_manual_review,excluded_or_manual_review,False,"Text core is not an independent audience; use manual intent verdict, no MAX/sum universe",KW-9fab8a93662d;KW-8fc956269bc9
cuenta de ahorros que paga mas intereses,1,A02,market_proxy_sensitivity,market_proxy_sensitivity,False,"Text core is not an independent audience; use manual intent verdict, no MAX/sum universe",KW-97c90bfcded0
cuenta de ahorros que tarjeta es,1,X03,excluded,excluded,False,"Text core is not an independent audience; use manual intent verdict, no MAX/sum universe",KW-46726d47283c
cuenta de ahorros rappi rentabilidad,1,X01,not_acquisition_default,not_acquisition_default,False,"Text core is not an independent audience; use manual intent verdict, no MAX/sum universe",KW-8a6ab28c7007
cuenta de ahorros remunerada revolut,1,X04,excluded_or_manual_review,excluded_or_manual_review,False,"Text core is not an independent audience; use manual intent verdict, no MAX/sum universe",KW-7970f16e3778
cuenta de ahorros rentable,1,X04,excluded_or_manual_review,excluded_or_manual_review,False,"Text core is not an independent audience; use manual intent verdict, no MAX/sum universe",KW-0092ebaed4f5
cuenta de ahorros rentable davivienda,1,X01,not_acquisition_default,not_acquisition_default,False,"Text core is not an independent audience; use manual intent verdict, no MAX/sum universe",KW-cd05aad501ee
cuenta de ahorros ripley,1,C05,competitor_consideration_requires_serp,competitor_consideration_requires_serp,False,"Text core is not an independent audience; use manual intent verdict, no MAX/sum universe",KW-6b2540b7a088
cuenta de ahorros rolando gnb,1,X01,not_acquisition_default,not_acquisition_default,False,"Text core is not an independent audience; use manual intent verdict, no MAX/sum universe",KW-6e4aba176964
cuenta de ahorros ruc 10,1,X03,excluded,excluded,False,"Text core is not an independent audience; use manual intent verdict, no MAX/sum universe",KW-723a3b0da456
cuenta de ahorros santander intereses,1,X01,not_acquisition_default,not_acquisition_default,False,"Text core is not an independent audience; use manual intent verdict, no MAX/sum universe",KW-5c9707ad03e1
cuenta de ahorros scotiabank personas,1,C05,competitor_consideration_requires_serp,competitor_consideration_requires_serp,False,"Text core is not an independent audience; use manual intent verdict, no MAX/sum universe",KW-bb499bc561e7
cuenta de ahorros scotiabank tasa de interes,1,C05,competitor_consideration_requires_serp,competitor_consideration_requires_serp,False,"Text core is not an independent audience; use manual intent verdict, no MAX/sum universe",KW-6737a219377a
cuenta de ahorros serfinanza,1,X04,excluded_or_manual_review,excluded_or_manual_review,False,"Text core is not an independent audience; use manual intent verdict, no MAX/sum universe",KW-dc2df7c3c930
cuenta de ahorros sin cobros,1,X04,excluded_or_manual_review,excluded_or_manual_review,False,"Text core is not an independent audience; use manual intent verdict, no MAX/sum universe",KW-c5b3a5663d88
cuenta de ahorros sin mantenimiento interbank,1,C05,competitor_consideration_requires_serp,competitor_consideration_requires_serp,False,"Text core is not an independent audience; use manual intent verdict, no MAX/sum universe",KW-c8f280bb3624
cuenta de ahorros super tasa,1,X04,excluded_or_manual_review,excluded_or_manual_review,False,"Text core is not an independent audience; use manual intent verdict, no MAX/sum universe",KW-ce3e8bab058c
cuenta de ahorros tarjeta debito bancolombia,1,X03,excluded,excluded,False,"Text core is not an independent audience; use manual intent verdict, no MAX/sum universe",KW-67bdc035625c
cuenta de ahorros tarjeta oh,1,X03,excluded,excluded,False,"Text core is not an independent audience; use manual intent verdict, no MAX/sum universe",KW-d96120b4dac2
cuenta de ahorros traducción en ingles,1,X01,not_acquisition_default,not_acquisition_default,False,"Text core is not an independent audience; use manual intent verdict, no MAX/sum universe",KW-12788fb8db75
cuenta de ahorros traductor,1,X04,excluded_or_manual_review,excluded_or_manual_review,False,"Text core is not an independent audience; use manual intent verdict, no MAX/sum universe",KW-e2519fb09b13
cuenta de ahorros transaccional,1,E06,assisted_or_service_only,assisted_or_service_only,False,"Text core is not an independent audience; use manual intent verdict, no MAX/sum universe",KW-93c859c83aab
cuenta de ahorros transaccional banco pichincha,1,C05,competitor_consideration_requires_serp,competitor_consideration_requires_serp,False,"Text core is not an independent audience; use manual intent verdict, no MAX/sum universe",KW-d15abe2ecfd2
cuenta de ahorros uala colombia,1,X01,not_acquisition_default,not_acquisition_default,False,"Text core is not an independent audience; use manual intent verdict, no MAX/sum universe",KW-276dff753d4d
cuenta de ahorros unicaja,1,X04,excluded_or_manual_review,excluded_or_manual_review,False,"Text core is not an independent audience; use manual intent verdict, no MAX/sum universe",KW-16986b2dedc8
cuenta de ahorros uob,1,X01,not_acquisition_default,not_acquisition_default,False,"Text core is not an independent audience; use manual intent verdict, no MAX/sum universe",KW-360be1f9549f
cuenta de ahorros vinculada al ruc,1,X03,excluded,excluded,False,"Text core is not an independent audience; use manual intent verdict, no MAX/sum universe",KW-3e8930691db6
cuenta de ahorros virtual bancolombia,1,X01,not_acquisition_default,not_acquisition_default,False,"Text core is not an independent audience; use manual intent verdict, no MAX/sum universe",KW-2f79c822dd91
cuenta de ahorros virtual bbva,1,C05,competitor_consideration_requires_serp,competitor_consideration_requires_serp,False,"Text core is not an independent audience; use manual intent verdict, no MAX/sum universe",KW-00ac13eab8d8
cuenta de ahorros virtual davivienda,1,X01,not_acquisition_default,not_acquisition_default,False,"Text core is not an independent audience; use manual intent verdict, no MAX/sum universe",KW-adaec31d2b56
cuenta de ahorros visa,2,X04,excluded_or_manual_review,excluded_or_manual_review,False,"Text core is not an independent audience; use manual intent verdict, no MAX/sum universe",KW-d7b65f32ae94;KW-717f6389c345
cuenta de ahorros vs cuenta digital,1,C02,conditional_not_default,conditional_not_default,False,"Text core is not an independent audience; use manual intent verdict, no MAX/sum universe",KW-b6a823ece2f2
cuenta de ahorros western,1,X04,excluded_or_manual_review,excluded_or_manual_review,False,"Text core is not an independent audience; use manual intent verdict, no MAX/sum universe",KW-dd17865d5263
cuenta de ahorros western union,2,X04,excluded_or_manual_review,excluded_or_manual_review,False,"Text core is not an independent audience; use manual intent verdict, no MAX/sum universe",KW-602b9aadaadb;KW-df51102e4e92
cuenta de ahorros western union colombia,1,X03,excluded,excluded,False,"Text core is not an independent audience; use manual intent verdict, no MAX/sum universe",KW-db0cb91b6019
cuenta de ahorros wow compartamos,1,X01,not_acquisition_default,not_acquisition_default,False,"Text core is not an independent audience; use manual intent verdict, no MAX/sum universe",KW-7664c8a1f69c
cuenta de ahorros y corriente bancolombia,1,X01,not_acquisition_default,not_acquisition_default,False,"Text core is not an independent audience; use manual intent verdict, no MAX/sum universe",KW-24b4bb0a3830
cuenta de ahorros y cuenta corriente,5,C03,assisted_only,assisted_only,False,"Text core is not an independent audience; use manual intent verdict, no MAX/sum universe",KW-f441c5a36287;KW-0d6423c485af;KW-4834e5ff5622;KW-7b132afe7e94;KW-a00633a9a119
cuenta de ahorros y cuenta digital es lo mismo,2,C02,conditional_not_default,conditional_not_default,False,"Text core is not an independent audience; use manual intent verdict, no MAX/sum universe",KW-f8e4a483b9a2;KW-258b72ee0907
cuenta de ahorros y debito,1,X04,excluded_or_manual_review,excluded_or_manual_review,False,"Text core is not an independent audience; use manual intent verdict, no MAX/sum universe",KW-5ed9171d82c9
cuenta de ahorros yape,2,X01,not_acquisition_default,not_acquisition_default,False,"Text core is not an independent audience; use manual intent verdict, no MAX/sum universe",KW-56953187b9b0;KW-713982ac88d2
cuenta de ahorros yape bcp,2,C05,competitor_consideration_requires_serp,competitor_consideration_requires_serp,False,"Text core is not an independent audience; use manual intent verdict, no MAX/sum universe",KW-07893f58bb21;KW-7d73f89564fe
cuenta de ahorros zero davivienda,1,X01,not_acquisition_default,not_acquisition_default,False,"Text core is not an independent audience; use manual intent verdict, no MAX/sum universe",KW-0cabbe8ba543
cuenta de ahorros zinli,1,X04,excluded_or_manual_review,excluded_or_manual_review,False,"Text core is not an independent audience; use manual intent verdict, no MAX/sum universe",KW-330b415b709d
cuenta de alto rendimiento,1,C01,conditional_not_default,conditional_not_default,False,"Text core is not an independent audience; use manual intent verdict, no MAX/sum universe",KW-c27d52352b24
cuenta de alto rendimiento en dolares,2,X02,product_launch_required,product_launch_required,False,"Text core is not an independent audience; use manual intent verdict, no MAX/sum universe",KW-6b8beaa046ae;KW-ce52d96e18eb
cuenta de alto rendimiento falabella,1,X01,not_acquisition_default,not_acquisition_default,False,"Text core is not an independent audience; use manual intent verdict, no MAX/sum universe",KW-389decbd2359
cuenta de banco en dolares,3,X02,product_launch_required,product_launch_required,False,"Text core is not an independent audience; use manual intent verdict, no MAX/sum universe",KW-de4df40792b2;KW-bcf6d0dd4be7;KW-a1a296c317d8
cuenta de detracciones banco de la nacion,2,X01,not_acquisition_default,not_acquisition_default,False,"Text core is not an independent audience; use manual intent verdict, no MAX/sum universe",KW-27bce06acc0a;KW-e8f8c35acb31
cuenta de haberes,1,X04,excluded_or_manual_review,excluded_or_manual_review,False,"Text core is not an independent audience; use manual intent verdict, no MAX/sum universe",KW-74b485387f4b
cuenta de haberes que es,1,X04,excluded_or_manual_review,excluded_or_manual_review,False,"Text core is not an independent audience; use manual intent verdict, no MAX/sum universe",KW-4dca96f7cb25
cuenta de inversion digital,1,C02,conditional_not_default,conditional_not_default,False,"Text core is not an independent audience; use manual intent verdict, no MAX/sum universe",KW-bed379c5e2ef
cuenta de inversion en dolares bancomer,1,X01,not_acquisition_default,not_acquisition_default,False,"Text core is not an independent audience; use manual intent verdict, no MAX/sum universe",KW-8798da55216f
cuenta de navidad caja de ahorros,1,C05,competitor_consideration_requires_serp,competitor_consideration_requires_serp,False,"Text core is not an independent audience; use manual intent verdict, no MAX/sum universe",KW-7183b9058155
cuenta de nomina vs cuenta de ahorros,1,X04,excluded_or_manual_review,excluded_or_manual_review,False,"Text core is not an independent audience; use manual intent verdict, no MAX/sum universe",KW-edb273289a86
cuenta de recaudo es ahorros o corriente,1,C03,assisted_only,assisted_only,False,"Text core is not an independent audience; use manual intent verdict, no MAX/sum universe",KW-bf8dc7379358
cuenta digital,1,C02,conditional_not_default,conditional_not_default,False,"Text core is not an independent audience; use manual intent verdict, no MAX/sum universe",KW-4b5808c1040b
cuenta digital 2335,1,C02,conditional_not_default,conditional_not_default,False,"Text core is not an independent audience; use manual intent verdict, no MAX/sum universe",KW-b540e150ad7e
cuenta digital arequipa,1,C02,conditional_not_default,conditional_not_default,False,"Text core is not an independent audience; use manual intent verdict, no MAX/sum universe",KW-862b08355095
cuenta digital argentina,1,X03,excluded,excluded,False,"Text core is not an independent audience; use manual intent verdict, no MAX/sum universe",KW-c9c827042499
cuenta digital avanzada,1,C02,conditional_not_default,conditional_not_default,False,"Text core is not an independent audience; use manual intent verdict, no MAX/sum universe",KW-2080b4f2e33d
cuenta digital avanzada bbva,1,X01,not_acquisition_default,not_acquisition_default,False,"Text core is not an independent audience; use manual intent verdict, no MAX/sum universe",KW-8cf5722d5c41
cuenta digital azteca,1,X01,not_acquisition_default,not_acquisition_default,False,"Text core is not an independent audience; use manual intent verdict, no MAX/sum universe",KW-80cfb92c8c5b
cuenta digital banbif,3,X01,not_acquisition_default,not_acquisition_default,False,"Text core is not an independent audience; use manual intent verdict, no MAX/sum universe",KW-b195e52dc741;KW-e838e6b7ef8e;KW-f6bc55eeb8f0
cuenta digital banbif beneficios,1,X01,not_acquisition_default,not_acquisition_default,False,"Text core is not an independent audience; use manual intent verdict, no MAX/sum universe",KW-33988de71d4d
cuenta digital banco de la nacion,1,X01,not_acquisition_default,not_acquisition_default,False,"Text core is not an independent audience; use manual intent verdict, no MAX/sum universe",KW-0aeb8aa3891e
cuenta digital banco de venezuela,1,X03,excluded,excluded,False,"Text core is not an independent audience; use manual intent verdict, no MAX/sum universe",KW-65cd1237fff0
cuenta digital banco estado,1,X01,not_acquisition_default,not_acquisition_default,False,"Text core is not an independent audience; use manual intent verdict, no MAX/sum universe",KW-8e0c62dd098d
cuenta digital banco falabella,2,X01,not_acquisition_default,not_acquisition_default,False,"Text core is not an independent audience; use manual intent verdict, no MAX/sum universe",KW-a0e2e14f9eb9;KW-6c3a58e5630b
cuenta digital banco familiar,1,X01,not_acquisition_default,not_acquisition_default,False,"Text core is not an independent audience; use manual intent verdict, no MAX/sum universe",KW-63bd676d3be4
cuenta digital banco guayaquil,1,X03,excluded,excluded,False,"Text core is not an independent audience; use manual intent verdict, no MAX/sum universe",KW-f9788d2d1820
cuenta digital bancolombia,1,X01,not_acquisition_default,not_acquisition_default,False,"Text core is not an independent audience; use manual intent verdict, no MAX/sum universe",KW-91dbdc53ca47
cuenta digital bancomer,1,X01,not_acquisition_default,not_acquisition_default,False,"Text core is not an independent audience; use manual intent verdict, no MAX/sum universe",KW-f9fe190ce784
cuenta digital bancomer jóvenes construyendo el futuro,1,X01,not_acquisition_default,not_acquisition_default,False,"Text core is not an independent audience; use manual intent verdict, no MAX/sum universe",KW-dbb73d533f4b
cuenta digital banorte,2,X01,not_acquisition_default,not_acquisition_default,False,"Text core is not an independent audience; use manual intent verdict, no MAX/sum universe",KW-f681eed2786a;KW-063945530cdf
cuenta digital banregio hey,1,C02,conditional_not_default,conditional_not_default,False,"Text core is not an independent audience; use manual intent verdict, no MAX/sum universe",KW-ce27d0713595
cuenta digital bbva,6,X01,not_acquisition_default,not_acquisition_default,False,"Text core is not an independent audience; use manual intent verdict, no MAX/sum universe",KW-3b10b024859c;KW-3d3db4cf1921;KW-3c801cba668d;KW-e6e54214c789;KW-4af5a031e1e9;KW-5c9b65edd9f5
cuenta digital bbva beneficios,2,X01,not_acquisition_default,not_acquisition_default,False,"Text core is not an independent audience; use manual intent verdict, no MAX/sum universe",KW-fbbe03ff697f;KW-36f0cb4639a6
cuenta digital bbva cobra mantenimiento,1,X01,not_acquisition_default,not_acquisition_default,False,"Text core is not an independent audience; use manual intent verdict, no MAX/sum universe",KW-a22b39df0cac
cuenta digital bbva colombia,1,X01,not_acquisition_default,not_acquisition_default,False,"Text core is not an independent audience; use manual intent verdict, no MAX/sum universe",KW-4be40f2111d3
cuenta digital bbva como funciona,2,X01,not_acquisition_default,not_acquisition_default,False,"Text core is not an independent audience; use manual intent verdict, no MAX/sum universe",KW-5dbf16bd50af;KW-5bf9ea778364
cuenta digital bbva continental,1,X01,not_acquisition_default,not_acquisition_default,False,"Text core is not an independent audience; use manual intent verdict, no MAX/sum universe",KW-203e6667f842
cuenta digital bbva cuanto puedo depositar,1,X01,not_acquisition_default,not_acquisition_default,False,"Text core is not an independent audience; use manual intent verdict, no MAX/sum universe",KW-be11223b85d5
cuenta digital bbva desventajas,1,X01,not_acquisition_default,not_acquisition_default,False,"Text core is not an independent audience; use manual intent verdict, no MAX/sum universe",KW-eda6bf551386
cuenta digital bbva dólares,4,X01,not_acquisition_default,not_acquisition_default,False,"Text core is not an independent audience; use manual intent verdict, no MAX/sum universe",KW-e448ef2080fd;KW-f2c09d9c0b18;KW-ae299921559e;KW-7b8eb3b5662c
cuenta digital bbva empresa,2,X01,not_acquisition_default,not_acquisition_default,False,"Text core is not an independent audience; use manual intent verdict, no MAX/sum universe",KW-a4e044e21e8c;KW-05675d6ca4b8
cuenta digital bbva es ahorro o corriente,1,C05,competitor_consideration_requires_serp,competitor_consideration_requires_serp,False,"Text core is not an independent audience; use manual intent verdict, no MAX/sum universe",KW-14c219eb1ff7
cuenta digital bbva extranjero,2,X01,not_acquisition_default,not_acquisition_default,False,"Text core is not an independent audience; use manual intent verdict, no MAX/sum universe",KW-a7ea0f7e54ef;KW-d96cb60efb34
cuenta digital bbva ingresar,2,X01,not_acquisition_default,not_acquisition_default,False,"Text core is not an independent audience; use manual intent verdict, no MAX/sum universe",KW-01282c13244c;KW-ba7890d1b1c7
cuenta digital bbva jovenes construyendo el futuro,1,X01,not_acquisition_default,not_acquisition_default,False,"Text core is not an independent audience; use manual intent verdict, no MAX/sum universe",KW-7b71c0f106d7
cuenta digital bbva límite de depósito,1,X01,not_acquisition_default,not_acquisition_default,False,"Text core is not an independent audience; use manual intent verdict, no MAX/sum universe",KW-d3f487eba105
cuenta digital bbva mexico,1,X01,not_acquisition_default,not_acquisition_default,False,"Text core is not an independent audience; use manual intent verdict, no MAX/sum universe",KW-d3131a5cb95c
cuenta digital bbva monto maximo,1,X01,not_acquisition_default,not_acquisition_default,False,"Text core is not an independent audience; use manual intent verdict, no MAX/sum universe",KW-4b2612cb2471
cuenta digital bbva para que sirve,1,X01,not_acquisition_default,not_acquisition_default,False,"Text core is not an independent audience; use manual intent verdict, no MAX/sum universe",KW-7e47863d31d5
cuenta digital bbva peru,1,X01,not_acquisition_default,not_acquisition_default,False,"Text core is not an independent audience; use manual intent verdict, no MAX/sum universe",KW-cd9599e6f8b0
cuenta digital bbva perú,1,X01,not_acquisition_default,not_acquisition_default,False,"Text core is not an independent audience; use manual intent verdict, no MAX/sum universe",KW-16bcc7de9c3a
cuenta digital bbva requisitos,2,X01,not_acquisition_default,not_acquisition_default,False,"Text core is not an independent audience; use manual intent verdict, no MAX/sum universe",KW-a1b8cfa78792;KW-0cbf9a80ac46
cuenta digital bbva sin tarjeta,1,X03,excluded,excluded,False,"Text core is not an independent audience; use manual intent verdict, no MAX/sum universe",KW-5556019f4dd4
cuenta digital bbva tarjeta física,1,X03,excluded,excluded,False,"Text core is not an independent audience; use manual intent verdict, no MAX/sum universe",KW-3b112504dd87
cuenta digital bbva tiene tarjeta,2,X03,excluded,excluded,False,"Text core is not an independent audience; use manual intent verdict, no MAX/sum universe",KW-f310cf2d2c40;KW-35748b601fe4
cuenta digital bbva ventajas y desventajas,1,X01,not_acquisition_default,not_acquisition_default,False,"Text core is not an independent audience; use manual intent verdict, no MAX/sum universe",KW-76d7bf5aed99
cuenta digital bbva vs cuenta independencia,1,X01,not_acquisition_default,not_acquisition_default,False,"Text core is not an independent audience; use manual intent verdict, no MAX/sum universe",KW-c32a6392e32a
cuenta digital bci,1,X01,not_acquisition_default,not_acquisition_default,False,"Text core is not an independent audience; use manual intent verdict, no MAX/sum universe",KW-de741d039cf7
cuenta digital bci opiniones,1,X01,not_acquisition_default,not_acquisition_default,False,"Text core is not an independent audience; use manual intent verdict, no MAX/sum universe",KW-f05bc1a143d8
cuenta digital bcp,4,X01,not_acquisition_default,not_acquisition_default,False,"Text core is not an independent audience; use manual intent verdict, no MAX/sum universe",KW-921fdca70f2e;KW-96f3cbf6be42;KW-49dab00e2232;KW-7db86923cce2
cuenta digital bcp ahorro soles,1,C05,competitor_consideration_requires_serp,competitor_consideration_requires_serp,False,"Text core is not an independent audience; use manual intent verdict, no MAX/sum universe",KW-95013b2550f6
cuenta digital bcp beneficios,2,X01,not_acquisition_default,not_acquisition_default,False,"Text core is not an independent audience; use manual intent verdict, no MAX/sum universe",KW-17b186b95df3;KW-f3f0af0bd16b
cuenta digital bcp bolivia,1,X01,not_acquisition_default,not_acquisition_default,False,"Text core is not an independent audience; use manual intent verdict, no MAX/sum universe",KW-418f541cc554
cuenta digital bcp caracteristicas,1,X01,not_acquisition_default,not_acquisition_default,False,"Text core is not an independent audience; use manual intent verdict, no MAX/sum universe",KW-1564d39f0c5c
cuenta digital bcp cobra mantenimiento,1,X01,not_acquisition_default,not_acquisition_default,False,"Text core is not an independent audience; use manual intent verdict, no MAX/sum universe",KW-094688c2f9ad
cuenta digital bcp comisiones,1,X01,not_acquisition_default,not_acquisition_default,False,"Text core is not an independent audience; use manual intent verdict, no MAX/sum universe",KW-130648044653
cuenta digital bcp como funciona,3,X01,not_acquisition_default,not_acquisition_default,False,"Text core is not an independent audience; use manual intent verdict, no MAX/sum universe",KW-ffca29b60785;KW-fdea222981e7;KW-39b988b38793
cuenta digital bcp empresa,5,X01,not_acquisition_default,not_acquisition_default,False,"Text core is not an independent audience; use manual intent verdict, no MAX/sum universe",KW-815ecf174b14;KW-7f023f063337;KW-c2a9a8702b1e;KW-609b967c150e;KW-ce8fb6f92b64
cuenta digital bcp empresas,1,X01,not_acquisition_default,not_acquisition_default,False,"Text core is not an independent audience; use manual intent verdict, no MAX/sum universe",KW-e6cdf1f077c1
cuenta digital bcp es ahorro o corriente,1,C05,competitor_consideration_requires_serp,competitor_consideration_requires_serp,False,"Text core is not an independent audience; use manual intent verdict, no MAX/sum universe",KW-ffacc3b1ab56
cuenta digital bcp es de ahorro o corriente,1,C05,competitor_consideration_requires_serp,competitor_consideration_requires_serp,False,"Text core is not an independent audience; use manual intent verdict, no MAX/sum universe",KW-cb72034f0b94
cuenta digital bcp forosperu,1,X01,not_acquisition_default,not_acquisition_default,False,"Text core is not an independent audience; use manual intent verdict, no MAX/sum universe",KW-a211edaa3a30
cuenta digital bcp mancomunada,1,X03,excluded,excluded,False,"Text core is not an independent audience; use manual intent verdict, no MAX/sum universe",KW-23368251b6c5
cuenta digital bcp para extranjeros,1,X01,not_acquisition_default,not_acquisition_default,False,"Text core is not an independent audience; use manual intent verdict, no MAX/sum universe",KW-7bffefd8608e
cuenta digital bcp para que sirve,2,X01,not_acquisition_default,not_acquisition_default,False,"Text core is not an independent audience; use manual intent verdict, no MAX/sum universe",KW-a59d1b56ade0;KW-8c3113a81824
cuenta digital bcp recoger tarjeta,2,X03,excluded,excluded,False,"Text core is not an independent audience; use manual intent verdict, no MAX/sum universe",KW-2304894899f3;KW-427d7550f018
cuenta digital bcp sin tarjeta,3,X03,excluded,excluded,False,"Text core is not an independent audience; use manual intent verdict, no MAX/sum universe",KW-950171d42105;KW-788c79e3667b;KW-fe65f7258c03
cuenta digital bcp te dan tarjeta,1,X03,excluded,excluded,False,"Text core is not an independent audience; use manual intent verdict, no MAX/sum universe",KW-e53482c76f26
cuenta digital bcp tiene tarjeta,1,X03,excluded,excluded,False,"Text core is not an independent audience; use manual intent verdict, no MAX/sum universe",KW-a128717d39f9
cuenta digital bcp transferencia interbancaria,1,X01,not_acquisition_default,not_acquisition_default,False,"Text core is not an independent audience; use manual intent verdict, no MAX/sum universe",KW-3544ad82b447
cuenta digital bcp ventajas y desventajas,1,X01,not_acquisition_default,not_acquisition_default,False,"Text core is not an independent audience; use manual intent verdict, no MAX/sum universe",KW-7f77ec12acc8
cuenta digital caja arequipa,3,X01,not_acquisition_default,not_acquisition_default,False,"Text core is not an independent audience; use manual intent verdict, no MAX/sum universe",KW-3dac9cf045f9;KW-b8b40f53b25e;KW-5eceae4bdbd0
cuenta digital caja arequipa tasa de interés,1,X01,not_acquisition_default,not_acquisition_default,False,"Text core is not an independent audience; use manual intent verdict, no MAX/sum universe",KW-8684127c9c31
cuenta digital caja cusco,2,X01,not_acquisition_default,not_acquisition_default,False,"Text core is not an independent audience; use manual intent verdict, no MAX/sum universe",KW-bcb4de244ab6;KW-497f52bbb41d
cuenta digital caja de ahorros,1,C05,competitor_consideration_requires_serp,competitor_consideration_requires_serp,False,"Text core is not an independent audience; use manual intent verdict, no MAX/sum universe",KW-8eb7372a6a6b
cuenta digital caja huancayo,2,X01,not_acquisition_default,not_acquisition_default,False,"Text core is not an independent audience; use manual intent verdict, no MAX/sum universe",KW-f7b457ff56be;KW-8ac4829b9f0b
cuenta digital caja piura,1,X01,not_acquisition_default,not_acquisition_default,False,"Text core is not an independent audience; use manual intent verdict, no MAX/sum universe",KW-acce2d1ea8ac
cuenta digital caja sullana,1,X01,not_acquisition_default,not_acquisition_default,False,"Text core is not an independent audience; use manual intent verdict, no MAX/sum universe",KW-5d567a5c1423
cuenta digital cero mantenimiento,1,C02,conditional_not_default,conditional_not_default,False,"Text core is not an independent audience; use manual intent verdict, no MAX/sum universe",KW-a4885c84f65a
cuenta digital chile,1,X03,excluded,excluded,False,"Text core is not an independent audience; use manual intent verdict, no MAX/sum universe",KW-50dfee9ad2b1
cuenta digital con pasaporte,1,X03,excluded,excluded,False,"Text core is not an independent audience; use manual intent verdict, no MAX/sum universe",KW-f3bda3c408fe
cuenta digital continental,2,X01,not_acquisition_default,not_acquisition_default,False,"Text core is not an independent audience; use manual intent verdict, no MAX/sum universe",KW-4b40c360ad68;KW-990d221c0f49
cuenta digital coppel,1,X01,not_acquisition_default,not_acquisition_default,False,"Text core is not an independent audience; use manual intent verdict, no MAX/sum universe",KW-1f44c631cf8d
cuenta digital davivienda,1,X01,not_acquisition_default,not_acquisition_default,False,"Text core is not an independent audience; use manual intent verdict, no MAX/sum universe",KW-4ce235a3aa5d
cuenta digital de banco azteca,1,X01,not_acquisition_default,not_acquisition_default,False,"Text core is not an independent audience; use manual intent verdict, no MAX/sum universe",KW-05493fd50304
cuenta digital debito,1,C02,conditional_not_default,conditional_not_default,False,"Text core is not an independent audience; use manual intent verdict, no MAX/sum universe",KW-46388a57667e
cuenta digital del banco de la nacion,1,X01,not_acquisition_default,not_acquisition_default,False,"Text core is not an independent audience; use manual intent verdict, no MAX/sum universe",KW-ccac73380bf8
cuenta digital del banco de venezuela,1,X03,excluded,excluded,False,"Text core is not an independent audience; use manual intent verdict, no MAX/sum universe",KW-0dbf8446013a
cuenta digital del bcp,1,X01,not_acquisition_default,not_acquisition_default,False,"Text core is not an independent audience; use manual intent verdict, no MAX/sum universe",KW-2f816cbeec9f
cuenta digital dolares,3,X02,product_launch_required,product_launch_required,False,"Text core is not an independent audience; use manual intent verdict, no MAX/sum universe",KW-d1aca22bbe31;KW-398988988ab2;KW-f70bd0dfd587
cuenta digital dolares bcp,8,X01,not_acquisition_default,not_acquisition_default,False,"Text core is not an independent audience; use manual intent verdict, no MAX/sum universe",KW-967406ee3455;KW-be9d87a64cad;KW-640e2d97516e;KW-87853b2953e5;KW-40c706ca3efa;KW-0fd0654c1867;KW-9658f29516e3;KW-e728e0b27a8d
cuenta digital dólares scotiabank,1,X01,not_acquisition_default,not_acquisition_default,False,"Text core is not an independent audience; use manual intent verdict, no MAX/sum universe",KW-4f864fdef8bc
cuenta digital empresa,2,X03,excluded,excluded,False,"Text core is not an independent audience; use manual intent verdict, no MAX/sum universe",KW-b03f2fc7e066;KW-284d1a6890d7
cuenta digital en estados unidos,1,X03,excluded,excluded,False,"Text core is not an independent audience; use manual intent verdict, no MAX/sum universe",KW-0a24c9152f37
cuenta digital en linea,1,C02,conditional_not_default,conditional_not_default,False,"Text core is not an independent audience; use manual intent verdict, no MAX/sum universe",KW-a549b30d582e
cuenta digital en venezuela,2,X03,excluded,excluded,False,"Text core is not an independent audience; use manual intent verdict, no MAX/sum universe",KW-384c3d161307;KW-bb51537cdbe6
cuenta digital es de ahorros o corriente,2,C02,conditional_not_default,conditional_not_default,False,"Text core is not an independent audience; use manual intent verdict, no MAX/sum universe",KW-18894e8d0ac2;KW-c31305d30230
cuenta digital españa,1,X03,excluded,excluded,False,"Text core is not an independent audience; use manual intent verdict, no MAX/sum universe",KW-d2c520b78e6a
cuenta digital falabella,2,X01,not_acquisition_default,not_acquisition_default,False,"Text core is not an independent audience; use manual intent verdict, no MAX/sum universe",KW-20960179ecc0;KW-d1a0cc6bd940
cuenta digital gratis,1,C02,conditional_not_default,conditional_not_default,False,"Text core is not an independent audience; use manual intent verdict, no MAX/sum universe",KW-5371e5d5ce99
cuenta digital gratis bbva,1,X01,not_acquisition_default,not_acquisition_default,False,"Text core is not an independent audience; use manual intent verdict, no MAX/sum universe",KW-2cd7b10328f8
cuenta digital gratuita,1,C02,conditional_not_default,conditional_not_default,False,"Text core is not an independent audience; use manual intent verdict, no MAX/sum universe",KW-54637546c235
cuenta digital hsbc,2,X01,not_acquisition_default,not_acquisition_default,False,"Text core is not an independent audience; use manual intent verdict, no MAX/sum universe",KW-131bdd0d33cd;KW-c190e213f525
cuenta digital hsbc sin comisiones,1,X01,not_acquisition_default,not_acquisition_default,False,"Text core is not an independent audience; use manual intent verdict, no MAX/sum universe",KW-d20fd41e2b40
cuenta digital interbank,3,X01,not_acquisition_default,not_acquisition_default,False,"Text core is not an independent audience; use manual intent verdict, no MAX/sum universe",KW-4dae20afaff8;KW-6d6f77dfdf92;KW-c39c47b5c050
cuenta digital interbank peru,1,X01,not_acquisition_default,not_acquisition_default,False,"Text core is not an independent audience; use manual intent verdict, no MAX/sum universe",KW-705f8b50da65
cuenta digital interbank sin tarjeta,1,X03,excluded,excluded,False,"Text core is not an independent audience; use manual intent verdict, no MAX/sum universe",KW-5c085b1014e3
cuenta digital internacional,1,X03,excluded,excluded,False,"Text core is not an independent audience; use manual intent verdict, no MAX/sum universe",KW-e5c9ebf1a682
cuenta digital la sim del verano,1,C02,conditional_not_default,conditional_not_default,False,"Text core is not an independent audience; use manual intent verdict, no MAX/sum universe",KW-35039ba8f09f
cuenta digital libre,1,C02,conditional_not_default,conditional_not_default,False,"Text core is not an independent audience; use manual intent verdict, no MAX/sum universe",KW-69637a23f1bc
cuenta digital libreton basico,1,X01,not_acquisition_default,not_acquisition_default,False,"Text core is not an independent audience; use manual intent verdict, no MAX/sum universe",KW-e02afbf7c314
cuenta digital libreton basico bbva,2,X01,not_acquisition_default,not_acquisition_default,False,"Text core is not an independent audience; use manual intent verdict, no MAX/sum universe",KW-94945a380857;KW-48efcd2ed7b1
cuenta digital mercado pago,1,C02,conditional_not_default,conditional_not_default,False,"Text core is not an independent audience; use manual intent verdict, no MAX/sum universe",KW-555cc0b0556d
cuenta digital mercantil,1,X01,not_acquisition_default,not_acquisition_default,False,"Text core is not an independent audience; use manual intent verdict, no MAX/sum universe",KW-75dbf96eb2f2
cuenta digital mexico,1,X03,excluded,excluded,False,"Text core is not an independent audience; use manual intent verdict, no MAX/sum universe",KW-708ffbdedc6d
cuenta digital o cuenta de ahorros,1,C02,conditional_not_default,conditional_not_default,False,"Text core is not an independent audience; use manual intent verdict, no MAX/sum universe",KW-164b08448f1b
cuenta digital o sueldo,1,C02,conditional_not_default,conditional_not_default,False,"Text core is not an independent audience; use manual intent verdict, no MAX/sum universe",KW-9555a97d90fe
cuenta digital para extranjeros,1,X03,excluded,excluded,False,"Text core is not an independent audience; use manual intent verdict, no MAX/sum universe",KW-30d809436181
cuenta digital para pymes,1,C02,conditional_not_default,conditional_not_default,False,"Text core is not an independent audience; use manual intent verdict, no MAX/sum universe",KW-68c711803c70
cuenta digital paraguay,1,X03,excluded,excluded,False,"Text core is not an independent audience; use manual intent verdict, no MAX/sum universe",KW-692ec135a0dd
cuenta digital peru,1,C02,conditional_not_default,conditional_not_default,False,"Text core is not an independent audience; use manual intent verdict, no MAX/sum universe",KW-a722d1c0c92d
cuenta digital pichincha,1,X01,not_acquisition_default,not_acquisition_default,False,"Text core is not an independent audience; use manual intent verdict, no MAX/sum universe",KW-5b174571ff25
cuenta digital produbanco,1,C02,conditional_not_default,conditional_not_default,False,"Text core is not an independent audience; use manual intent verdict, no MAX/sum universe",KW-29015b1d0b3c
cuenta digital produbanco es ahorro o corriente,1,C02,conditional_not_default,conditional_not_default,False,"Text core is not an independent audience; use manual intent verdict, no MAX/sum universe",KW-6257ba7ce1b7
cuenta digital provincial,1,C02,conditional_not_default,conditional_not_default,False,"Text core is not an independent audience; use manual intent verdict, no MAX/sum universe",KW-bf990c16a5c7
cuenta digital pyme,1,C02,conditional_not_default,conditional_not_default,False,"Text core is not an independent audience; use manual intent verdict, no MAX/sum universe",KW-82d5980de098
cuenta digital pyme bci,1,X01,not_acquisition_default,not_acquisition_default,False,"Text core is not an independent audience; use manual intent verdict, no MAX/sum universe",KW-a91c2c9317f0
cuenta digital pyme bcp,1,X01,not_acquisition_default,not_acquisition_default,False,"Text core is not an independent audience; use manual intent verdict, no MAX/sum universe",KW-a0cf04b99e60
cuenta digital república dominicana,1,X03,excluded,excluded,False,"Text core is not an independent audience; use manual intent verdict, no MAX/sum universe",KW-705e8e6ad277
cuenta digital santander,1,X01,not_acquisition_default,not_acquisition_default,False,"Text core is not an independent audience; use manual intent verdict, no MAX/sum universe",KW-ad958d354930
cuenta digital santander sin comisiones,1,X01,not_acquisition_default,not_acquisition_default,False,"Text core is not an independent audience; use manual intent verdict, no MAX/sum universe",KW-f1a5710b64c1
cuenta digital sbp,1,X01,not_acquisition_default,not_acquisition_default,False,"Text core is not an independent audience; use manual intent verdict, no MAX/sum universe",KW-9439982973cd
cuenta digital sbp scotiabank,3,X01,not_acquisition_default,not_acquisition_default,False,"Text core is not an independent audience; use manual intent verdict, no MAX/sum universe",KW-d28ff6df75db;KW-d15b437a54ea;KW-9d92b52d0c55
cuenta digital sbp scotiabank cobra mantenimiento,1,X01,not_acquisition_default,not_acquisition_default,False,"Text core is not an independent audience; use manual intent verdict, no MAX/sum universe",KW-7f892ef0458a
cuenta digital sbp scotiabank que significa,1,X01,not_acquisition_default,not_acquisition_default,False,"Text core is not an independent audience; use manual intent verdict, no MAX/sum universe",KW-b9be0c3f7e04
cuenta digital scotiabank,2,X01,not_acquisition_default,not_acquisition_default,False,"Text core is not an independent audience; use manual intent verdict, no MAX/sum universe",KW-0de17e8b8733;KW-8676c3ccc15c
cuenta digital scotiabank beneficios,2,X01,not_acquisition_default,not_acquisition_default,False,"Text core is not an independent audience; use manual intent verdict, no MAX/sum universe",KW-aab11b912d8a;KW-d75e9eaa5955
cuenta digital scotiabank cobra mantenimiento,1,X01,not_acquisition_default,not_acquisition_default,False,"Text core is not an independent audience; use manual intent verdict, no MAX/sum universe",KW-e1e13297d4a1
cuenta digital scotiabank gratis,1,X01,not_acquisition_default,not_acquisition_default,False,"Text core is not an independent audience; use manual intent verdict, no MAX/sum universe",KW-fb2d24a0782c
cuenta digital scotiabank méxico,1,X01,not_acquisition_default,not_acquisition_default,False,"Text core is not an independent audience; use manual intent verdict, no MAX/sum universe",KW-381caf5f467f
cuenta digital scotiabank opiniones,1,X01,not_acquisition_default,not_acquisition_default,False,"Text core is not an independent audience; use manual intent verdict, no MAX/sum universe",KW-5eec3e82138c
cuenta digital scotiabank requisitos,1,X01,not_acquisition_default,not_acquisition_default,False,"Text core is not an independent audience; use manual intent verdict, no MAX/sum universe",KW-0b6e1fd23073
cuenta digital sin bankinter,1,C02,conditional_not_default,conditional_not_default,False,"Text core is not an independent audience; use manual intent verdict, no MAX/sum universe",KW-3078bf41f5ab
cuenta digital sin comisiones,2,C02,conditional_not_default,conditional_not_default,False,"Text core is not an independent audience; use manual intent verdict, no MAX/sum universe",KW-97cac5589b32;KW-51aa860c44f6
cuenta digital sin costo de mantenimiento,1,C02,conditional_not_default,conditional_not_default,False,"Text core is not an independent audience; use manual intent verdict, no MAX/sum universe",KW-904d168ba272
cuenta digital sin foto,1,C02,conditional_not_default,conditional_not_default,False,"Text core is not an independent audience; use manual intent verdict, no MAX/sum universe",KW-01af2072b6cb
cuenta digital sin limite de deposito,1,C02,conditional_not_default,conditional_not_default,False,"Text core is not an independent audience; use manual intent verdict, no MAX/sum universe",KW-59b21c6f3bbd
cuenta digital sin mantenimiento bbva,1,X01,not_acquisition_default,not_acquisition_default,False,"Text core is not an independent audience; use manual intent verdict, no MAX/sum universe",KW-81811c702f83
cuenta digital sin papeles,1,C02,conditional_not_default,conditional_not_default,False,"Text core is not an independent audience; use manual intent verdict, no MAX/sum universe",KW-1c16b2764065
cuenta digital sin reconocimiento facial,1,C02,conditional_not_default,conditional_not_default,False,"Text core is not an independent audience; use manual intent verdict, no MAX/sum universe",KW-0a80ed22ccb5
cuenta digital sin saldo minimo,1,C02,conditional_not_default,conditional_not_default,False,"Text core is not an independent audience; use manual intent verdict, no MAX/sum universe",KW-f059f80ba94d
cuenta digital sin tarjeta,1,X03,excluded,excluded,False,"Text core is not an independent audience; use manual intent verdict, no MAX/sum universe",KW-2cb2dcc87e21
cuenta digital sin tarjeta fisica,1,X03,excluded,excluded,False,"Text core is not an independent audience; use manual intent verdict, no MAX/sum universe",KW-c481ca439ba2
cuenta digital sin verano,1,C02,conditional_not_default,conditional_not_default,False,"Text core is not an independent audience; use manual intent verdict, no MAX/sum universe",KW-34fe7fd0e282
cuenta digital sin verificacion,1,C02,conditional_not_default,conditional_not_default,False,"Text core is not an independent audience; use manual intent verdict, no MAX/sum universe",KW-493c3d4cfcb8
cuenta digital soles bcp es ahorro o corriente,1,C05,competitor_consideration_requires_serp,competitor_consideration_requires_serp,False,"Text core is not an independent audience; use manual intent verdict, no MAX/sum universe",KW-3a9ab6e144cf
cuenta digital soles es ahorro o corriente,1,C02,conditional_not_default,conditional_not_default,False,"Text core is not an independent audience; use manual intent verdict, no MAX/sum universe",KW-666ffc76941a
cuenta digital soles es cuenta de ahorro,1,C02,conditional_not_default,conditional_not_default,False,"Text core is not an independent audience; use manual intent verdict, no MAX/sum universe",KW-f111b0ea32d7
cuenta digital soles es cuenta sueldo,1,C02,conditional_not_default,conditional_not_default,False,"Text core is not an independent audience; use manual intent verdict, no MAX/sum universe",KW-b5994fbcfe5c
cuenta digital soles y cuenta de ahorros,1,C02,conditional_not_default,conditional_not_default,False,"Text core is not an independent audience; use manual intent verdict, no MAX/sum universe",KW-d180a1e5a675
cuenta digital solo con cpf,1,C02,conditional_not_default,conditional_not_default,False,"Text core is not an independent audience; use manual intent verdict, no MAX/sum universe",KW-222902a9a707
cuenta digital vs cuenta sueldo,1,C02,conditional_not_default,conditional_not_default,False,"Text core is not an independent audience; use manual intent verdict, no MAX/sum universe",KW-eca7321b305e
cuenta digital y cuenta de ahorros bcp,1,C05,competitor_consideration_requires_serp,competitor_consideration_requires_serp,False,"Text core is not an independent audience; use manual intent verdict, no MAX/sum universe",KW-4cbd900a892b
cuenta dni billetera digital gratuita,1,C02,conditional_not_default,conditional_not_default,False,"Text core is not an independent audience; use manual intent verdict, no MAX/sum universe",KW-baab6914547b
cuenta dni digital,1,C02,conditional_not_default,conditional_not_default,False,"Text core is not an independent audience; use manual intent verdict, no MAX/sum universe",KW-0802419d64f7
cuenta dni transferencia bancaria,1,E07,assisted_or_service_only,assisted_or_service_only,False,"Text core is not an independent audience; use manual intent verdict, no MAX/sum universe",KW-158620e7c518
cuenta dni transferencia bancaria referencia,1,E07,assisted_or_service_only,assisted_or_service_only,False,"Text core is not an independent audience; use manual intent verdict, no MAX/sum universe",KW-55aa09504b82
cuenta dolares argentina,2,X03,excluded,excluded,False,"Text core is not an independent audience; use manual intent verdict, no MAX/sum universe",KW-555a182ad411;KW-a195cfad86cb
cuenta dolares banco de chile,1,X03,excluded,excluded,False,"Text core is not an independent audience; use manual intent verdict, no MAX/sum universe",KW-cc33af5d6d65
cuenta dolares banco provincia,1,X01,not_acquisition_default,not_acquisition_default,False,"Text core is not an independent audience; use manual intent verdict, no MAX/sum universe",KW-bb16b55c2d9b
cuenta dolares españa,1,X03,excluded,excluded,False,"Text core is not an independent audience; use manual intent verdict, no MAX/sum universe",KW-efd7b40a4ecb
cuenta dolares falabella,1,X01,not_acquisition_default,not_acquisition_default,False,"Text core is not an independent audience; use manual intent verdict, no MAX/sum universe",KW-62398d605b45
cuenta dolares gratis,1,X02,product_launch_required,product_launch_required,False,"Text core is not an independent audience; use manual intent verdict, no MAX/sum universe",KW-440fa34d1612
cuenta dolares interbank,4,X01,not_acquisition_default,not_acquisition_default,False,"Text core is not an independent audience; use manual intent verdict, no MAX/sum universe",KW-aa5041430d1a;KW-d3ab57fac901;KW-93fd93c2d4f3;KW-6c682a75a37a
cuenta dolares mercantil,1,X01,not_acquisition_default,not_acquisition_default,False,"Text core is not an independent audience; use manual intent verdict, no MAX/sum universe",KW-c375cfe6f370
cuenta dolares mexico,3,X03,excluded,excluded,False,"Text core is not an independent audience; use manual intent verdict, no MAX/sum universe",KW-44a550c19c6b;KW-d771c5f525a6;KW-ef275c808207
cuenta dolares santander,1,X01,not_acquisition_default,not_acquisition_default,False,"Text core is not an independent audience; use manual intent verdict, no MAX/sum universe",KW-1fa1988a40e5
cuenta dolares venezuela,3,X03,excluded,excluded,False,"Text core is not an independent audience; use manual intent verdict, no MAX/sum universe",KW-cc87723953c1;KW-6147e907326d;KW-4365012cbef7
cuenta dólares bcp sin mantenimiento,2,X01,not_acquisition_default,not_acquisition_default,False,"Text core is not an independent audience; use manual intent verdict, no MAX/sum universe",KW-d466b1fd43e5;KW-84e29b42440c
cuenta efectiva digital que banco es,1,X01,not_acquisition_default,not_acquisition_default,False,"Text core is not an independent audience; use manual intent verdict, no MAX/sum universe",KW-c7b94fc0ae8d
cuenta empresa bcp,2,X01,not_acquisition_default,not_acquisition_default,False,"Text core is not an independent audience; use manual intent verdict, no MAX/sum universe",KW-738f464cdef3;KW-7f9390e7d908
cuenta empresa bcp requisitos,1,X01,not_acquisition_default,not_acquisition_default,False,"Text core is not an independent audience; use manual intent verdict, no MAX/sum universe",KW-d0aa216d35fd
cuenta en dolares,1,X02,product_launch_required,product_launch_required,False,"Text core is not an independent audience; use manual intent verdict, no MAX/sum universe",KW-f592ba8452f0
cuenta en dolares 100 banco,1,X02,product_launch_required,product_launch_required,False,"Text core is not an independent audience; use manual intent verdict, no MAX/sum universe",KW-9eb215ddb4e9
cuenta en dolares 66,1,X02,product_launch_required,product_launch_required,False,"Text core is not an independent audience; use manual intent verdict, no MAX/sum universe",KW-d8dff1f44b7a
cuenta en dolares apap,1,X01,not_acquisition_default,not_acquisition_default,False,"Text core is not an independent audience; use manual intent verdict, no MAX/sum universe",KW-7e5cec824879
cuenta en dolares arq,1,X02,product_launch_required,product_launch_required,False,"Text core is not an independent audience; use manual intent verdict, no MAX/sum universe",KW-e7cfc7a2f1f9
cuenta en dolares astropay,1,X02,product_launch_required,product_launch_required,False,"Text core is not an independent audience; use manual intent verdict, no MAX/sum universe",KW-1695b9623b4a
cuenta en dolares atlantida,1,X01,not_acquisition_default,not_acquisition_default,False,"Text core is not an independent audience; use manual intent verdict, no MAX/sum universe",KW-8970a7deaa38
cuenta en dolares banamex,1,X01,not_acquisition_default,not_acquisition_default,False,"Text core is not an independent audience; use manual intent verdict, no MAX/sum universe",KW-87667746864a
cuenta en dolares banbif,2,X01,not_acquisition_default,not_acquisition_default,False,"Text core is not an independent audience; use manual intent verdict, no MAX/sum universe",KW-5f2c0d00e80b;KW-9c7c1906e7e8
cuenta en dolares banco de occidente,1,X02,product_launch_required,product_launch_required,False,"Text core is not an independent audience; use manual intent verdict, no MAX/sum universe",KW-c665156c0305
cuenta en dolares banco del tesoro,1,X02,product_launch_required,product_launch_required,False,"Text core is not an independent audience; use manual intent verdict, no MAX/sum universe",KW-9b802a39dbca
cuenta en dolares banco hipotecario,1,X02,product_launch_required,product_launch_required,False,"Text core is not an independent audience; use manual intent verdict, no MAX/sum universe",KW-86465fd81491
cuenta en dolares banco nacion costo,1,X01,not_acquisition_default,not_acquisition_default,False,"Text core is not an independent audience; use manual intent verdict, no MAX/sum universe",KW-bed6cb9dad4a
cuenta en dolares banco nacional de credito,1,X01,not_acquisition_default,not_acquisition_default,False,"Text core is not an independent audience; use manual intent verdict, no MAX/sum universe",KW-73a8dadc8f72
cuenta en dolares banco provincia tiene costo,1,X01,not_acquisition_default,not_acquisition_default,False,"Text core is not an independent audience; use manual intent verdict, no MAX/sum universe",KW-dabdfc85d844
cuenta en dolares banco qik,1,X02,product_launch_required,product_launch_required,False,"Text core is not an independent audience; use manual intent verdict, no MAX/sum universe",KW-b2004df71945
cuenta en dolares banco san juan,1,X02,product_launch_required,product_launch_required,False,"Text core is not an independent audience; use manual intent verdict, no MAX/sum universe",KW-e6ffe8dd19fc
cuenta en dolares banco union,1,X01,not_acquisition_default,not_acquisition_default,False,"Text core is not an independent audience; use manual intent verdict, no MAX/sum universe",KW-7ced7512518d
cuenta en dolares bancolombia,2,X01,not_acquisition_default,not_acquisition_default,False,"Text core is not an independent audience; use manual intent verdict, no MAX/sum universe",KW-fe167fa0d60c;KW-4f68f7284ea8
cuenta en dolares bbva,5,X01,not_acquisition_default,not_acquisition_default,False,"Text core is not an independent audience; use manual intent verdict, no MAX/sum universe",KW-9acc67935129;KW-129952c22b27;KW-e09f3e68279a;KW-45f2753223c8;KW-08055122f189
cuenta en dolares bbva argentina,1,X01,not_acquisition_default,not_acquisition_default,False,"Text core is not an independent audience; use manual intent verdict, no MAX/sum universe",KW-56a95f26933b
cuenta en dolares bbva sin mantenimiento,2,X01,not_acquisition_default,not_acquisition_default,False,"Text core is not an independent audience; use manual intent verdict, no MAX/sum universe",KW-2a2256e70c55;KW-179ff9e8ba50
cuenta en dolares bbva venezuela,1,X01,not_acquisition_default,not_acquisition_default,False,"Text core is not an independent audience; use manual intent verdict, no MAX/sum universe",KW-4dc7569a61e1
cuenta en dolares bcp,7,X01,not_acquisition_default,not_acquisition_default,False,"Text core is not an independent audience; use manual intent verdict, no MAX/sum universe",KW-8003dca20ee6;KW-949cb3af593c;KW-acc67379c1a4;KW-cd7b20151436;KW-bf2cb0a1896d;KW-176c491ee8b8;KW-1f62ffba987a
cuenta en dolares bcp peru,1,X01,not_acquisition_default,not_acquisition_default,False,"Text core is not an independent audience; use manual intent verdict, no MAX/sum universe",KW-f10181dd5f37
cuenta en dolares canadienses,1,X02,product_launch_required,product_launch_required,False,"Text core is not an independent audience; use manual intent verdict, no MAX/sum universe",KW-33f7000621cb
cuenta en dolares cdmx,1,X02,product_launch_required,product_launch_required,False,"Text core is not an independent audience; use manual intent verdict, no MAX/sum universe",KW-c8040067d049
cuenta en dolares colombia,3,X03,excluded,excluded,False,"Text core is not an independent audience; use manual intent verdict, no MAX/sum universe",KW-2f4df9fea71c;KW-b2fa174397be;KW-a810a8d30c1e
cuenta en dolares con rendimiento,2,X02,product_launch_required,product_launch_required,False,"Text core is not an independent audience; use manual intent verdict, no MAX/sum universe",KW-5dd5d4e5ce67;KW-79f722afed80
cuenta en dolares continental,1,X01,not_acquisition_default,not_acquisition_default,False,"Text core is not an independent audience; use manual intent verdict, no MAX/sum universe",KW-82c7e0924944
cuenta en dolares crear,1,X02,product_launch_required,product_launch_required,False,"Text core is not an independent audience; use manual intent verdict, no MAX/sum universe",KW-c7de4fd67075
cuenta en dolares davivienda panama,1,X01,not_acquisition_default,not_acquisition_default,False,"Text core is not an independent audience; use manual intent verdict, no MAX/sum universe",KW-86a4cc940c46
cuenta en dolares de mercado pago,2,X02,product_launch_required,product_launch_required,False,"Text core is not an independent audience; use manual intent verdict, no MAX/sum universe",KW-5dd6a5d77350;KW-9da6824cdc74
cuenta en dolares del banco de venezuela,1,X03,excluded,excluded,False,"Text core is not an independent audience; use manual intent verdict, no MAX/sum universe",KW-ec8cdd5f52c5
cuenta en dolares del banco mercantil,1,X01,not_acquisition_default,not_acquisition_default,False,"Text core is not an independent audience; use manual intent verdict, no MAX/sum universe",KW-ac2f0b2358f8
cuenta en dolares el dorado,1,X02,product_launch_required,product_launch_required,False,"Text core is not an independent audience; use manual intent verdict, no MAX/sum universe",KW-284d8ff5459e
cuenta en dolares empresa bcp,1,X01,not_acquisition_default,not_acquisition_default,False,"Text core is not an independent audience; use manual intent verdict, no MAX/sum universe",KW-98760a49cd32
cuenta en dolares en banco nacion,3,X01,not_acquisition_default,not_acquisition_default,False,"Text core is not an independent audience; use manual intent verdict, no MAX/sum universe",KW-abd3dc512d52;KW-9c8d80503d27;KW-2e0056ebbc01
cuenta en dolares en el exterior,1,X02,product_launch_required,product_launch_required,False,"Text core is not an independent audience; use manual intent verdict, no MAX/sum universe",KW-d21298b7abdb
cuenta en dolares en linea,1,X02,product_launch_required,product_launch_required,False,"Text core is not an independent audience; use manual intent verdict, no MAX/sum universe",KW-47bff4393b33
cuenta en dolares falabella chile,1,X01,not_acquisition_default,not_acquisition_default,False,"Text core is not an independent audience; use manual intent verdict, no MAX/sum universe",KW-8a40069dc575
cuenta en dolares ficohsa,1,X02,product_launch_required,product_launch_required,False,"Text core is not an independent audience; use manual intent verdict, no MAX/sum universe",KW-7598aa3b2515
cuenta en dolares financiera oh,1,X01,not_acquisition_default,not_acquisition_default,False,"Text core is not an independent audience; use manual intent verdict, no MAX/sum universe",KW-607c47af6b60
cuenta en dolares frances,1,X02,product_launch_required,product_launch_required,False,"Text core is not an independent audience; use manual intent verdict, no MAX/sum universe",KW-7c554058116e
cuenta en dolares galicia,1,X02,product_launch_required,product_launch_required,False,"Text core is not an independent audience; use manual intent verdict, no MAX/sum universe",KW-07a4fa67f68c
cuenta en dolares galicia mantenimiento,1,X02,product_launch_required,product_launch_required,False,"Text core is not an independent audience; use manual intent verdict, no MAX/sum universe",KW-d4b03310dfc5
cuenta en dolares global 66,1,X02,product_launch_required,product_launch_required,False,"Text core is not an independent audience; use manual intent verdict, no MAX/sum universe",KW-cd90a11e9b9f
cuenta en dolares gratis argentina,2,X03,excluded,excluded,False,"Text core is not an independent audience; use manual intent verdict, no MAX/sum universe",KW-273323701729;KW-e95e9254e85b
cuenta en dolares gratis banco nacion,1,X01,not_acquisition_default,not_acquisition_default,False,"Text core is not an independent audience; use manual intent verdict, no MAX/sum universe",KW-39b4128b1705
cuenta en dolares gratuita,1,X02,product_launch_required,product_launch_required,False,"Text core is not an independent audience; use manual intent verdict, no MAX/sum universe",KW-687e517e2ebb
cuenta en dolares gyt,1,X02,product_launch_required,product_launch_required,False,"Text core is not an independent audience; use manual intent verdict, no MAX/sum universe",KW-d15e9ad0c38d
cuenta en dolares honduras,1,X03,excluded,excluded,False,"Text core is not an independent audience; use manual intent verdict, no MAX/sum universe",KW-024c33b6de9a
cuenta en dolares icbc,1,X01,not_acquisition_default,not_acquisition_default,False,"Text core is not an independent audience; use manual intent verdict, no MAX/sum universe",KW-c7cf8393bc08
cuenta en dolares inbursa,1,X02,product_launch_required,product_launch_required,False,"Text core is not an independent audience; use manual intent verdict, no MAX/sum universe",KW-8b4c6dcd1dcd
cuenta en dolares interbank empresa,1,X01,not_acquisition_default,not_acquisition_default,False,"Text core is not an independent audience; use manual intent verdict, no MAX/sum universe",KW-00bb5cc678d3
cuenta en dolares internacional,1,X03,excluded,excluded,False,"Text core is not an independent audience; use manual intent verdict, no MAX/sum universe",KW-fe8b9a582ba5
cuenta en dolares itau,1,X01,not_acquisition_default,not_acquisition_default,False,"Text core is not an independent audience; use manual intent verdict, no MAX/sum universe",KW-05310a43f5f3
cuenta en dolares jubilados,1,X02,product_launch_required,product_launch_required,False,"Text core is not an independent audience; use manual intent verdict, no MAX/sum universe",KW-e29d30a76a3d
cuenta en dolares kontigo,1,X02,product_launch_required,product_launch_required,False,"Text core is not an independent audience; use manual intent verdict, no MAX/sum universe",KW-92e72668a8d0
cuenta en dolares la caixa,1,X02,product_launch_required,product_launch_required,False,"Text core is not an independent audience; use manual intent verdict, no MAX/sum universe",KW-0e24d952713b
cuenta en dolares la nacional,1,X02,product_launch_required,product_launch_required,False,"Text core is not an independent audience; use manual intent verdict, no MAX/sum universe",KW-7f594d95a4b5
cuenta en dolares lafise,1,X02,product_launch_required,product_launch_required,False,"Text core is not an independent audience; use manual intent verdict, no MAX/sum universe",KW-9207107403d3
cuenta en dolares littio,1,X02,product_launch_required,product_launch_required,False,"Text core is not an independent audience; use manual intent verdict, no MAX/sum universe",KW-cb296d40eab6
cuenta en dolares lopez de haro,1,X02,product_launch_required,product_launch_required,False,"Text core is not an independent audience; use manual intent verdict, no MAX/sum universe",KW-84a029799830
cuenta en dolares macro,1,X02,product_launch_required,product_launch_required,False,"Text core is not an independent audience; use manual intent verdict, no MAX/sum universe",KW-43adebf8eb4e
cuenta en dolares mercantil commercebank,1,X01,not_acquisition_default,not_acquisition_default,False,"Text core is not an independent audience; use manual intent verdict, no MAX/sum universe",KW-0f16ffac8056
cuenta en dolares mercantil venezuela,2,X01,not_acquisition_default,not_acquisition_default,False,"Text core is not an independent audience; use manual intent verdict, no MAX/sum universe",KW-705b99ac3ab7;KW-4b7e3feecf9c
cuenta en dolares nacion,1,X02,product_launch_required,product_launch_required,False,"Text core is not an independent audience; use manual intent verdict, no MAX/sum universe",KW-0ed706b001c6
cuenta en dolares nbch,1,X02,product_launch_required,product_launch_required,False,"Text core is not an independent audience; use manual intent verdict, no MAX/sum universe",KW-cb74cb8aa630
cuenta en dolares nequi,1,X01,not_acquisition_default,not_acquisition_default,False,"Text core is not an independent audience; use manual intent verdict, no MAX/sum universe",KW-eb3c6b8e245c
cuenta en dolares nexa,1,X02,product_launch_required,product_launch_required,False,"Text core is not an independent audience; use manual intent verdict, no MAX/sum universe",KW-1d8bd0311d21
cuenta en dolares online,1,X02,product_launch_required,product_launch_required,False,"Text core is not an independent audience; use manual intent verdict, no MAX/sum universe",KW-1d2b36e58790
cuenta en dolares panama,1,X03,excluded,excluded,False,"Text core is not an independent audience; use manual intent verdict, no MAX/sum universe",KW-188ed751178a
cuenta en dolares para empresas,2,X03,excluded,excluded,False,"Text core is not an independent audience; use manual intent verdict, no MAX/sum universe",KW-d33431a46bc7;KW-175d6926e4e3
cuenta en dolares para venezolanos,1,X02,product_launch_required,product_launch_required,False,"Text core is not an independent audience; use manual intent verdict, no MAX/sum universe",KW-1326d7386462
cuenta en dolares paraguay,1,X03,excluded,excluded,False,"Text core is not an independent audience; use manual intent verdict, no MAX/sum universe",KW-d19e512a9b34
cuenta en dolares paypal,1,X03,excluded,excluded,False,"Text core is not an independent audience; use manual intent verdict, no MAX/sum universe",KW-0972ac79e707
cuenta en dolares persona fisica,1,X02,product_launch_required,product_launch_required,False,"Text core is not an independent audience; use manual intent verdict, no MAX/sum universe",KW-b5cfbea0d4a6
cuenta en dolares peru,2,X02,product_launch_required,product_launch_required,False,"Text core is not an independent audience; use manual intent verdict, no MAX/sum universe",KW-aef9760c0851;KW-42f88cdfd491
cuenta en dolares prex,1,X02,product_launch_required,product_launch_required,False,"Text core is not an independent audience; use manual intent verdict, no MAX/sum universe",KW-8cd026153d76
cuenta en dolares que genera intereses,1,X02,product_launch_required,product_launch_required,False,"Text core is not an independent audience; use manual intent verdict, no MAX/sum universe",KW-06b80a0ead7d
cuenta en dolares remunerada,1,X02,product_launch_required,product_launch_required,False,"Text core is not an independent audience; use manual intent verdict, no MAX/sum universe",KW-f56969e839e0
cuenta en dolares remunerada santander,1,X01,not_acquisition_default,not_acquisition_default,False,"Text core is not an independent audience; use manual intent verdict, no MAX/sum universe",KW-cb37a7ff3af6
cuenta en dolares renta 4,1,X02,product_launch_required,product_launch_required,False,"Text core is not an independent audience; use manual intent verdict, no MAX/sum universe",KW-ea3a07666081
cuenta en dolares rentabilidad,1,X02,product_launch_required,product_launch_required,False,"Text core is not an independent audience; use manual intent verdict, no MAX/sum universe",KW-0bb10597756d
cuenta en dolares reservas,1,X02,product_launch_required,product_launch_required,False,"Text core is not an independent audience; use manual intent verdict, no MAX/sum universe",KW-087fb102822a
cuenta en dolares santander mexico,1,X01,not_acquisition_default,not_acquisition_default,False,"Text core is not an independent audience; use manual intent verdict, no MAX/sum universe",KW-7e10207c05a4
cuenta en dolares scotiabank,3,X01,not_acquisition_default,not_acquisition_default,False,"Text core is not an independent audience; use manual intent verdict, no MAX/sum universe",KW-f01162592ca3;KW-611ccfa806c3;KW-f9477812102e
cuenta en dolares scotiabank mexico,1,X01,not_acquisition_default,not_acquisition_default,False,"Text core is not an independent audience; use manual intent verdict, no MAX/sum universe",KW-58fc160871e2
cuenta en dolares sin costo,1,X02,product_launch_required,product_launch_required,False,"Text core is not an independent audience; use manual intent verdict, no MAX/sum universe",KW-e65282ea24f2
cuenta en dolares sin minimo,1,X02,product_launch_required,product_launch_required,False,"Text core is not an independent audience; use manual intent verdict, no MAX/sum universe",KW-95f2249b78ba
cuenta en dolares tesoro,1,X02,product_launch_required,product_launch_required,False,"Text core is not an independent audience; use manual intent verdict, no MAX/sum universe",KW-3606af2cb4a5
cuenta en dolares trade republic,1,X02,product_launch_required,product_launch_required,False,"Text core is not an independent audience; use manual intent verdict, no MAX/sum universe",KW-e2227d19dde4
cuenta en dolares ubii,1,X02,product_launch_required,product_launch_required,False,"Text core is not an independent audience; use manual intent verdict, no MAX/sum universe",KW-2350b62f91d8
cuenta en dolares ueno bank,1,X01,not_acquisition_default,not_acquisition_default,False,"Text core is not an independent audience; use manual intent verdict, no MAX/sum universe",KW-5d5f21489d7a
cuenta en dolares uruguay,1,X03,excluded,excluded,False,"Text core is not an independent audience; use manual intent verdict, no MAX/sum universe",KW-d927c6f1aa32
cuenta en dolares usa,2,X03,excluded,excluded,False,"Text core is not an independent audience; use manual intent verdict, no MAX/sum universe",KW-7b0f5cdc2f3d;KW-942d2e44abbf
cuenta en dolares venezolano de credito,1,X03,excluded,excluded,False,"Text core is not an independent audience; use manual intent verdict, no MAX/sum universe",KW-e249b6894c13
cuenta en dolares virtual,1,X02,product_launch_required,product_launch_required,False,"Text core is not an independent audience; use manual intent verdict, no MAX/sum universe",KW-ea494fba2e4f
cuenta en dolares western union,1,X02,product_launch_required,product_launch_required,False,"Text core is not an independent audience; use manual intent verdict, no MAX/sum universe",KW-385560d22704
cuenta en dolares wise,1,X03,excluded,excluded,False,"Text core is not an independent audience; use manual intent verdict, no MAX/sum universe",KW-a064b47dcdfe
cuenta en dolares xtb,1,X02,product_launch_required,product_launch_required,False,"Text core is not an independent audience; use manual intent verdict, no MAX/sum universe",KW-827b5c34a94e
cuenta en dolares zelle,1,X02,product_launch_required,product_launch_required,False,"Text core is not an independent audience; use manual intent verdict, no MAX/sum universe",KW-80977b48c221
cuenta en dólares banco nacional,1,X01,not_acquisition_default,not_acquisition_default,False,"Text core is not an independent audience; use manual intent verdict, no MAX/sum universe",KW-e3ff66be75c9
cuenta en dólares bbva cobra mantenimiento,1,X01,not_acquisition_default,not_acquisition_default,False,"Text core is not an independent audience; use manual intent verdict, no MAX/sum universe",KW-b683748c5105
cuenta en dólares bbva perú,1,X01,not_acquisition_default,not_acquisition_default,False,"Text core is not an independent audience; use manual intent verdict, no MAX/sum universe",KW-48cf560aefd2
cuenta en dólares bcp cobra mantenimiento,1,X01,not_acquisition_default,not_acquisition_default,False,"Text core is not an independent audience; use manual intent verdict, no MAX/sum universe",KW-81fc29cab801
cuenta en dólares chile,1,X03,excluded,excluded,False,"Text core is not an independent audience; use manual intent verdict, no MAX/sum universe",KW-781c88fceac1
cuenta en dólares hsbc,1,X01,not_acquisition_default,not_acquisition_default,False,"Text core is not an independent audience; use manual intent verdict, no MAX/sum universe",KW-3a5bf9135578
cuenta en dólares interbank cobra mantenimiento,1,X01,not_acquisition_default,not_acquisition_default,False,"Text core is not an independent audience; use manual intent verdict, no MAX/sum universe",KW-0abeb2aca2a4
cuenta en dólares scotiabank,1,X01,not_acquisition_default,not_acquisition_default,False,"Text core is not an independent audience; use manual intent verdict, no MAX/sum universe",KW-a64714ea0d0d
cuenta en dólares scotiabank perú,1,X01,not_acquisition_default,not_acquisition_default,False,"Text core is not an independent audience; use manual intent verdict, no MAX/sum universe",KW-f411d0c1bf43
cuenta en dólares sin comisiones,1,X02,product_launch_required,product_launch_required,False,"Text core is not an independent audience; use manual intent verdict, no MAX/sum universe",KW-a6824b551a23
cuenta en dólares sin mantenimiento,1,X02,product_launch_required,product_launch_required,False,"Text core is not an independent audience; use manual intent verdict, no MAX/sum universe",KW-65fbcaabcfab
cuenta en euros,1,X03,excluded,excluded,False,"Text core is not an independent audience; use manual intent verdict, no MAX/sum universe",KW-d700247828e4
cuenta en euros interbank,1,X01,not_acquisition_default,not_acquisition_default,False,"Text core is not an independent audience; use manual intent verdict, no MAX/sum universe",KW-bb1d73e48564
cuenta en soles y dolares bcp,1,X01,not_acquisition_default,not_acquisition_default,False,"Text core is not an independent audience; use manual intent verdict, no MAX/sum universe",KW-e0eecbcb7778
cuenta facil bbva,1,X01,not_acquisition_default,not_acquisition_default,False,"Text core is not an independent audience; use manual intent verdict, no MAX/sum universe",KW-2f95eb5d8df8
cuenta free dolares scotiabank,1,X01,not_acquisition_default,not_acquisition_default,False,"Text core is not an independent audience; use manual intent verdict, no MAX/sum universe",KW-9415f359e59d
cuenta free scotiabank,1,X01,not_acquisition_default,not_acquisition_default,False,"Text core is not an independent audience; use manual intent verdict, no MAX/sum universe",KW-8c64b4c8bfe7
cuenta free scotiabank beneficios,1,X01,not_acquisition_default,not_acquisition_default,False,"Text core is not an independent audience; use manual intent verdict, no MAX/sum universe",KW-f282ac3385d5
cuenta free scotiabank cobra mantenimiento,1,X01,not_acquisition_default,not_acquisition_default,False,"Text core is not an independent audience; use manual intent verdict, no MAX/sum universe",KW-a1b6667686d2
cuenta free scotiabank es cuenta de ahorros,1,C05,competitor_consideration_requires_serp,competitor_consideration_requires_serp,False,"Text core is not an independent audience; use manual intent verdict, no MAX/sum universe",KW-66abb454ab13
cuenta free scotiabank perú,1,X01,not_acquisition_default,not_acquisition_default,False,"Text core is not an independent audience; use manual intent verdict, no MAX/sum universe",KW-7ee0b91c2705
cuenta free scotiabank ya no existe,1,X01,not_acquisition_default,not_acquisition_default,False,"Text core is not an independent audience; use manual intent verdict, no MAX/sum universe",KW-382b75e8c234
cuenta full ahorro mibanco,1,C05,competitor_consideration_requires_serp,competitor_consideration_requires_serp,False,"Text core is not an independent audience; use manual intent verdict, no MAX/sum universe",KW-f28e4bb47f01
cuenta galones digital,1,C02,conditional_not_default,conditional_not_default,False,"Text core is not an independent audience; use manual intent verdict, no MAX/sum universe",KW-612b1c779a84
cuenta ganadora,1,X04,excluded_or_manual_review,excluded_or_manual_review,False,"Text core is not an independent audience; use manual intent verdict, no MAX/sum universe",KW-abb08717b9b1
cuenta ganadora bbva,1,X01,not_acquisition_default,not_acquisition_default,False,"Text core is not an independent audience; use manual intent verdict, no MAX/sum universe",KW-19adcc5f8906
cuenta hectareas digital,1,C02,conditional_not_default,conditional_not_default,False,"Text core is not an independent audience; use manual intent verdict, no MAX/sum universe",KW-2535eb780ffb
cuenta hilos digital,1,C02,conditional_not_default,conditional_not_default,False,"Text core is not an independent audience; use manual intent verdict, no MAX/sum universe",KW-d74d8c205f2c
cuenta horas digital,1,C02,conditional_not_default,conditional_not_default,False,"Text core is not an independent audience; use manual intent verdict, no MAX/sum universe",KW-b7162f7fe525
cuenta horas digital 12v,1,C02,conditional_not_default,conditional_not_default,False,"Text core is not an independent audience; use manual intent verdict, no MAX/sum universe",KW-67504e82edc4
cuenta ilimitada bcp,1,X01,not_acquisition_default,not_acquisition_default,False,"Text core is not an independent audience; use manual intent verdict, no MAX/sum universe",KW-81816689ce41
cuenta independencia bbva,1,X01,not_acquisition_default,not_acquisition_default,False,"Text core is not an independent audience; use manual intent verdict, no MAX/sum universe",KW-fc6e3e2ed381
cuenta independencia bbva beneficios,1,X01,not_acquisition_default,not_acquisition_default,False,"Text core is not an independent audience; use manual intent verdict, no MAX/sum universe",KW-82b905e4507f
cuenta independencia bbva cobra mantenimiento,1,X01,not_acquisition_default,not_acquisition_default,False,"Text core is not an independent audience; use manual intent verdict, no MAX/sum universe",KW-3fa337c1b180
cuenta independencia bbva comisiones,1,X01,not_acquisition_default,not_acquisition_default,False,"Text core is not an independent audience; use manual intent verdict, no MAX/sum universe",KW-9453b49170fc
cuenta independencia bbva dolares,1,X01,not_acquisition_default,not_acquisition_default,False,"Text core is not an independent audience; use manual intent verdict, no MAX/sum universe",KW-ad9fc3d125f4
cuenta independencia bbva es cuenta de ahorro,1,C05,competitor_consideration_requires_serp,competitor_consideration_requires_serp,False,"Text core is not an independent audience; use manual intent verdict, no MAX/sum universe",KW-a9e3134ba517
cuenta independencia bbva es cuenta de ahorro o corriente,1,C05,competitor_consideration_requires_serp,competitor_consideration_requires_serp,False,"Text core is not an independent audience; use manual intent verdict, no MAX/sum universe",KW-0b891a686469
cuenta independencia bbva monto mínimo,1,X01,not_acquisition_default,not_acquisition_default,False,"Text core is not an independent audience; use manual intent verdict, no MAX/sum universe",KW-8e3c91f706d4
cuenta independencia es igual a cuenta de ahorros,1,X04,excluded_or_manual_review,excluded_or_manual_review,False,"Text core is not an independent audience; use manual intent verdict, no MAX/sum universe",KW-111b52617ee1
cuenta intangible,1,X04,excluded_or_manual_review,excluded_or_manual_review,False,"Text core is not an independent audience; use manual intent verdict, no MAX/sum universe",KW-8d08b52b80f6
cuenta intangible bcp,1,X01,not_acquisition_default,not_acquisition_default,False,"Text core is not an independent audience; use manual intent verdict, no MAX/sum universe",KW-0d43c2485dd1
cuenta interbancaria,1,E06,assisted_or_service_only,assisted_or_service_only,False,"Text core is not an independent audience; use manual intent verdict, no MAX/sum universe",KW-9708a10ae9df
cuenta interbancaria bcp,1,X01,not_acquisition_default,not_acquisition_default,False,"Text core is not an independent audience; use manual intent verdict, no MAX/sum universe",KW-65123fac1c64
cuenta interbank,2,X01,not_acquisition_default,not_acquisition_default,False,"Text core is not an independent audience; use manual intent verdict, no MAX/sum universe",KW-121e3914d810;KW-9421365a0e64
cuenta joven,1,X03,excluded,excluded,False,"Text core is not an independent audience; use manual intent verdict, no MAX/sum universe",KW-f4fb879fa2d8
cuenta joven bcp,1,X01,not_acquisition_default,not_acquisition_default,False,"Text core is not an independent audience; use manual intent verdict, no MAX/sum universe",KW-9f52d81039e9
cuenta judicial en dolares,1,X02,product_launch_required,product_launch_required,False,"Text core is not an independent audience; use manual intent verdict, no MAX/sum universe",KW-0826a24c15b4
cuenta kilometros digital,1,C02,conditional_not_default,conditional_not_default,False,"Text core is not an independent audience; use manual intent verdict, no MAX/sum universe",KW-dfbd79077e93
cuenta mancomunada,1,X03,excluded,excluded,False,"Text core is not an independent audience; use manual intent verdict, no MAX/sum universe",KW-c280c539b2fc
cuenta mancomunada bcp,1,X03,excluded,excluded,False,"Text core is not an independent audience; use manual intent verdict, no MAX/sum universe",KW-5cf503449809
cuenta mancomunada bcp online,1,X03,excluded,excluded,False,"Text core is not an independent audience; use manual intent verdict, no MAX/sum universe",KW-f080292370ec
cuenta mancomunada interbank,1,X03,excluded,excluded,False,"Text core is not an independent audience; use manual intent verdict, no MAX/sum universe",KW-4e17d0c2275f
cuenta millonaria,1,X04,excluded_or_manual_review,excluded_or_manual_review,False,"Text core is not an independent audience; use manual intent verdict, no MAX/sum universe",KW-a5de33c79e62
cuenta millonaria bcp,2,X01,not_acquisition_default,not_acquisition_default,False,"Text core is not an independent audience; use manual intent verdict, no MAX/sum universe",KW-0301abe01ed5;KW-2924e4c4fae7
cuenta millonaria dolares interbank,1,X01,not_acquisition_default,not_acquisition_default,False,"Text core is not an independent audience; use manual intent verdict, no MAX/sum universe",KW-2bf8c0667248
cuenta millonaria interbank,1,X01,not_acquisition_default,not_acquisition_default,False,"Text core is not an independent audience; use manual intent verdict, no MAX/sum universe",KW-f6168b6093b5
cuenta naranja digital,1,C02,conditional_not_default,conditional_not_default,False,"Text core is not an independent audience; use manual intent verdict, no MAX/sum universe",KW-d12b98f94d8b
cuenta negocio digital bbva,1,X01,not_acquisition_default,not_acquisition_default,False,"Text core is not an independent audience; use manual intent verdict, no MAX/sum universe",KW-363a399620e0
cuenta negocios bcp digital,1,X01,not_acquisition_default,not_acquisition_default,False,"Text core is not an independent audience; use manual intent verdict, no MAX/sum universe",KW-923b71e8fe5f
cuenta negocios digital,1,C02,conditional_not_default,conditional_not_default,False,"Text core is not an independent audience; use manual intent verdict, no MAX/sum universe",KW-af8cddbbd5b5
cuenta para detracciones,4,X03,excluded,excluded,False,"Text core is not an independent audience; use manual intent verdict, no MAX/sum universe",KW-454bdb246ec3;KW-dd72c540ddef;KW-34be9e6e67d6;KW-85943b413106
cuenta paypal,1,X03,excluded,excluded,False,"Text core is not an independent audience; use manual intent verdict, no MAX/sum universe",KW-89699dba359b
cuenta personas digital,1,C02,conditional_not_default,conditional_not_default,False,"Text core is not an independent audience; use manual intent verdict, no MAX/sum universe",KW-2c1daaa12acb
cuenta plazo fijo bcp,1,X01,not_acquisition_default,not_acquisition_default,False,"Text core is not an independent audience; use manual intent verdict, no MAX/sum universe",KW-400780996913
cuenta por cobrar,1,X04,excluded_or_manual_review,excluded_or_manual_review,False,"Text core is not an independent audience; use manual intent verdict, no MAX/sum universe",KW-a9a51ce7d69f
cuenta power scotiabank,1,C05,competitor_consideration_requires_serp,competitor_consideration_requires_serp,False,"Text core is not an independent audience; use manual intent verdict, no MAX/sum universe",KW-f1511d98d05e
cuenta premio bcp,1,X01,not_acquisition_default,not_acquisition_default,False,"Text core is not an independent audience; use manual intent verdict, no MAX/sum universe",KW-757d52a64d80
cuenta regresiva digital,1,C02,conditional_not_default,conditional_not_default,False,"Text core is not an independent audience; use manual intent verdict, no MAX/sum universe",KW-d7833dd7f27e
cuenta remunerada en dolares cual paga mas,1,X02,product_launch_required,product_launch_required,False,"Text core is not an independent audience; use manual intent verdict, no MAX/sum universe",KW-db6acf5079ae
cuenta remunerada en dolares invertir online,1,X02,product_launch_required,product_launch_required,False,"Text core is not an independent audience; use manual intent verdict, no MAX/sum universe",KW-1caa5b26be73
cuenta remunerada en dolares naranja x,1,X02,product_launch_required,product_launch_required,False,"Text core is not an independent audience; use manual intent verdict, no MAX/sum universe",KW-b8b8c3879ea0
cuenta remunerada en dolares quien paga mas,1,X02,product_launch_required,product_launch_required,False,"Text core is not an independent audience; use manual intent verdict, no MAX/sum universe",KW-60bb0d0383f4
cuenta remunerada en dolares uala,1,X01,not_acquisition_default,not_acquisition_default,False,"Text core is not an independent audience; use manual intent verdict, no MAX/sum universe",KW-6fe0b039da8e
cuenta remunerada peru,1,X04,excluded_or_manual_review,excluded_or_manual_review,False,"Text core is not an independent audience; use manual intent verdict, no MAX/sum universe",KW-1865212634b3
cuenta revoluciones digital,1,C02,conditional_not_default,conditional_not_default,False,"Text core is not an independent audience; use manual intent verdict, no MAX/sum universe",KW-568797e4f1c4
cuenta ripley max cobra mantenimiento,1,X01,not_acquisition_default,not_acquisition_default,False,"Text core is not an independent audience; use manual intent verdict, no MAX/sum universe",KW-3af078ab69f9
cuenta rolando,1,X04,excluded_or_manual_review,excluded_or_manual_review,False,"Text core is not an independent audience; use manual intent verdict, no MAX/sum universe",KW-8d39cf4a27e4
cuenta rolando dolares,1,X02,product_launch_required,product_launch_required,False,"Text core is not an independent audience; use manual intent verdict, no MAX/sum universe",KW-f1448ecefad9
cuenta rpm digital,1,C02,conditional_not_default,conditional_not_default,False,"Text core is not an independent audience; use manual intent verdict, no MAX/sum universe",KW-14ad3aca0cb4
cuenta rut digital,1,X03,excluded,excluded,False,"Text core is not an independent audience; use manual intent verdict, no MAX/sum universe",KW-ad26e39e03b1
cuenta scotiabank,1,X01,not_acquisition_default,not_acquisition_default,False,"Text core is not an independent audience; use manual intent verdict, no MAX/sum universe",KW-2d6aab98d450
cuenta simple bcp,1,X01,not_acquisition_default,not_acquisition_default,False,"Text core is not an independent audience; use manual intent verdict, no MAX/sum universe",KW-6c7ed77d29e2
cuenta simple digital interbank,2,X01,not_acquisition_default,not_acquisition_default,False,"Text core is not an independent audience; use manual intent verdict, no MAX/sum universe",KW-fc8f1ca0ff66;KW-41efbf3bbbe6
cuenta simple dolares interbank,3,X01,not_acquisition_default,not_acquisition_default,False,"Text core is not an independent audience; use manual intent verdict, no MAX/sum universe",KW-3791add52245;KW-f8e042776684;KW-bc7733c80636
cuenta simple es cuenta de ahorros o corriente,2,C03,assisted_only,assisted_only,False,"Text core is not an independent audience; use manual intent verdict, no MAX/sum universe",KW-0f58a827c058;KW-fa34109b76b6
cuenta simple es igual a cuenta de ahorros,2,X04,excluded_or_manual_review,excluded_or_manual_review,False,"Text core is not an independent audience; use manual intent verdict, no MAX/sum universe",KW-70b0b6f252b0;KW-9892ac4f7163
cuenta simple interbank,1,X01,not_acquisition_default,not_acquisition_default,False,"Text core is not an independent audience; use manual intent verdict, no MAX/sum universe",KW-5a28b664a36d
cuenta simple interbank beneficios,1,X01,not_acquisition_default,not_acquisition_default,False,"Text core is not an independent audience; use manual intent verdict, no MAX/sum universe",KW-dac7e940a861
cuenta simple interbank cobra mantenimiento,1,X01,not_acquisition_default,not_acquisition_default,False,"Text core is not an independent audience; use manual intent verdict, no MAX/sum universe",KW-62aa62febf3c
cuenta simple interbank es de ahorro o corriente,1,C05,competitor_consideration_requires_serp,competitor_consideration_requires_serp,False,"Text core is not an independent audience; use manual intent verdict, no MAX/sum universe",KW-688c5f4c5f8f
cuenta simple ripley,1,X01,not_acquisition_default,not_acquisition_default,False,"Text core is not an independent audience; use manual intent verdict, no MAX/sum universe",KW-5769e292c538
cuenta sueldo,1,X04,excluded_or_manual_review,excluded_or_manual_review,False,"Text core is not an independent audience; use manual intent verdict, no MAX/sum universe",KW-fbae2778c7fa
cuenta sueldo bbva,1,X01,not_acquisition_default,not_acquisition_default,False,"Text core is not an independent audience; use manual intent verdict, no MAX/sum universe",KW-fec6f624f57d
cuenta sueldo bbva digital,1,X01,not_acquisition_default,not_acquisition_default,False,"Text core is not an independent audience; use manual intent verdict, no MAX/sum universe",KW-0e1063634c81
cuenta sueldo bcp,2,X01,not_acquisition_default,not_acquisition_default,False,"Text core is not an independent audience; use manual intent verdict, no MAX/sum universe",KW-4115b5a1ccaa;KW-ff2718849915
cuenta sueldo bcp descuentos,4,X01,not_acquisition_default,not_acquisition_default,False,"Text core is not an independent audience; use manual intent verdict, no MAX/sum universe",KW-2660d9b700bf;KW-9423f4cdc127;KW-91c7d3aec3e1;KW-eb02103c980b
cuenta sueldo bcp promociones,2,X01,not_acquisition_default,not_acquisition_default,False,"Text core is not an independent audience; use manual intent verdict, no MAX/sum universe",KW-af2a18cfea62;KW-b31e5dfee1f0
cuenta sueldo caja de ahorro en dolares,1,C05,competitor_consideration_requires_serp,competitor_consideration_requires_serp,False,"Text core is not an independent audience; use manual intent verdict, no MAX/sum universe",KW-f5c7061868b1
cuenta sueldo dolares,1,X02,product_launch_required,product_launch_required,False,"Text core is not an independent audience; use manual intent verdict, no MAX/sum universe",KW-c9518f1f7458
cuenta sueldo es ahorro o corriente,3,C03,assisted_only,assisted_only,False,"Text core is not an independent audience; use manual intent verdict, no MAX/sum universe",KW-670c2fdfe709;KW-bd50f6583485;KW-d82b44e711ae
cuenta sueldo es igual a cuenta de ahorros,2,X04,excluded_or_manual_review,excluded_or_manual_review,False,"Text core is not an independent audience; use manual intent verdict, no MAX/sum universe",KW-47efeab03ea7;KW-8bd2db7d6161
cuenta sueldo es igual a cuenta de ahorros bcp,1,C05,competitor_consideration_requires_serp,competitor_consideration_requires_serp,False,"Text core is not an independent audience; use manual intent verdict, no MAX/sum universe",KW-9825d0236249
cuenta sueldo interbank,1,X01,not_acquisition_default,not_acquisition_default,False,"Text core is not an independent audience; use manual intent verdict, no MAX/sum universe",KW-27f7f7bd4088
cuenta sueldo o cuenta de ahorros,1,X04,excluded_or_manual_review,excluded_or_manual_review,False,"Text core is not an independent audience; use manual intent verdict, no MAX/sum universe",KW-3c370967b3d6
cuenta sueldo scotiabank,1,X01,not_acquisition_default,not_acquisition_default,False,"Text core is not an independent audience; use manual intent verdict, no MAX/sum universe",KW-43e3931a6ece
cuenta sueldo scotiabank beneficios,1,X01,not_acquisition_default,not_acquisition_default,False,"Text core is not an independent audience; use manual intent verdict, no MAX/sum universe",KW-0c7d64d70c26
cuenta sueldo y cuenta de ahorros,1,X04,excluded_or_manual_review,excluded_or_manual_review,False,"Text core is not an independent audience; use manual intent verdict, no MAX/sum universe",KW-25c0fb952574
cuenta sueldo y cuenta de ahorros es lo mismo,1,X04,excluded_or_manual_review,excluded_or_manual_review,False,"Text core is not an independent audience; use manual intent verdict, no MAX/sum universe",KW-4b4bcc722fb9
cuenta super tasa interbank,1,C05,competitor_consideration_requires_serp,competitor_consideration_requires_serp,False,"Text core is not an independent audience; use manual intent verdict, no MAX/sum universe",KW-307c4d74e54b
cuenta tupa digital,1,C02,conditional_not_default,conditional_not_default,False,"Text core is not an independent audience; use manual intent verdict, no MAX/sum universe",KW-a200946368f9
cuenta universitaria en dolares bhd,1,X02,product_launch_required,product_launch_required,False,"Text core is not an independent audience; use manual intent verdict, no MAX/sum universe",KW-5734d48f5f4d
cuenta virtual bcp,1,X01,not_acquisition_default,not_acquisition_default,False,"Text core is not an independent audience; use manual intent verdict, no MAX/sum universe",KW-a33ec091ca0a
cuenta vista digital,1,C02,conditional_not_default,conditional_not_default,False,"Text core is not an independent audience; use manual intent verdict, no MAX/sum universe",KW-263bff2dc178
cuenta vista digital gratis,1,C02,conditional_not_default,conditional_not_default,False,"Text core is not an independent audience; use manual intent verdict, no MAX/sum universe",KW-e2024a9bc229
cuenta vueltas digital,1,C02,conditional_not_default,conditional_not_default,False,"Text core is not an independent audience; use manual intent verdict, no MAX/sum universe",KW-8f4820ae2e06
cuenta vueltas digital para bobinadora,1,C02,conditional_not_default,conditional_not_default,False,"Text core is not an independent audience; use manual intent verdict, no MAX/sum universe",KW-d0bcf8b163a7
cuenta wow compartamos en dolares,1,X01,not_acquisition_default,not_acquisition_default,False,"Text core is not an independent audience; use manual intent verdict, no MAX/sum universe",KW-a5e01751eaf7
cuenta wow digital,1,C02,conditional_not_default,conditional_not_default,False,"Text core is not an independent audience; use manual intent verdict, no MAX/sum universe",KW-0e7d161dce92
cuenta wow digital compartamos,1,C02,conditional_not_default,conditional_not_default,False,"Text core is not an independent audience; use manual intent verdict, no MAX/sum universe",KW-f49237b0be60
cuenta yape,2,X01,not_acquisition_default,not_acquisition_default,False,"Text core is not an independent audience; use manual intent verdict, no MAX/sum universe",KW-2e68125a36d3;KW-0397884b1da2
cuenta-digital bcp ingresar,3,X01,not_acquisition_default,not_acquisition_default,False,"Text core is not an independent audience; use manual intent verdict, no MAX/sum universe",KW-dd38107ce0dc;KW-ab8c514d658a;KW-fec0a14457f6
cuentas bancarias digitales,1,C02,conditional_not_default,conditional_not_default,False,"Text core is not an independent audience; use manual intent verdict, no MAX/sum universe",KW-4b617fbb7b3e
cuentas de ahorro beneficios,2,E01,assisted_only,assisted_only,False,"Text core is not an independent audience; use manual intent verdict, no MAX/sum universe",KW-08af5dbc8562;KW-b4ec7c240541
cuentas de ahorro con intereses perú,1,X04,excluded_or_manual_review,excluded_or_manual_review,False,"Text core is not an independent audience; use manual intent verdict, no MAX/sum universe",KW-371482168a5a
cuentas de ahorro de alto rendimiento,4,C01,conditional_not_default,conditional_not_default,False,"Text core is not an independent audience; use manual intent verdict, no MAX/sum universe",KW-2b3bbd078fb1;KW-fd2c613a959c;KW-865e077feb82;KW-060b6fa5b3d8
cuentas de ahorro de alto rendimiento perú 2026,1,C01,conditional_not_default,conditional_not_default,False,"Text core is not an independent audience; use manual intent verdict, no MAX/sum universe",KW-451de1576bf3
cuentas de ahorro ejemplos,1,X04,excluded_or_manual_review,excluded_or_manual_review,False,"Text core is not an independent audience; use manual intent verdict, no MAX/sum universe",KW-48fa17ecfe99
cuentas de ahorro en dolares peru,2,X02,product_launch_required,product_launch_required,False,"Text core is not an independent audience; use manual intent verdict, no MAX/sum universe",KW-88e862d17f65;KW-21d666696edb
cuentas de ahorro gratuitas,1,A03,market_proxy_sensitivity,market_proxy_sensitivity,False,"Text core is not an independent audience; use manual intent verdict, no MAX/sum universe",KW-64b12935fbb9
cuentas de ahorro hsbc,1,X01,not_acquisition_default,not_acquisition_default,False,"Text core is not an independent audience; use manual intent verdict, no MAX/sum universe",KW-b1420a3cdf29
cuentas de ahorro infantiles,1,X03,excluded,excluded,False,"Text core is not an independent audience; use manual intent verdict, no MAX/sum universe",KW-ab0dda21f924
cuentas de ahorro juveniles,1,X03,excluded,excluded,False,"Text core is not an independent audience; use manual intent verdict, no MAX/sum universe",KW-60abc2f8338a
cuentas de ahorro mexico,1,X03,excluded,excluded,False,"Text core is not an independent audience; use manual intent verdict, no MAX/sum universe",KW-e483e589599a
cuentas de ahorro para parejas,1,X04,excluded_or_manual_review,excluded_or_manual_review,False,"Text core is not an independent audience; use manual intent verdict, no MAX/sum universe",KW-b918900de0c7
cuentas de ahorro peru,2,A01,market_proxy_sensitivity,market_proxy_sensitivity,False,"Text core is not an independent audience; use manual intent verdict, no MAX/sum universe",KW-25754b106158;KW-e7f357b112e7
cuentas de ahorro que no cobran cuota de manejo,1,X04,excluded_or_manual_review,excluded_or_manual_review,False,"Text core is not an independent audience; use manual intent verdict, no MAX/sum universe",KW-cf0164fb9df8
cuentas de ahorro sin cuota de manejo,2,A03;X04,mixed_requires_split,excluded_or_manual_review;market_proxy_sensitivity,False,"Text core is not an independent audience; use manual intent verdict, no MAX/sum universe",KW-90840d7a0533;KW-f624b2380582
cuentas de ahorro tipos,1,E01,assisted_only,assisted_only,False,"Text core is not an independent audience; use manual intent verdict, no MAX/sum universe",KW-f53a43196671
cuentas de ahorro wells fargo,2,X01,not_acquisition_default,not_acquisition_default,False,"Text core is not an independent audience; use manual intent verdict, no MAX/sum universe",KW-6d504568373e;KW-7aa95eb4bcb3
cuentas de ahorros colpatria,1,X01,not_acquisition_default,not_acquisition_default,False,"Text core is not an independent audience; use manual intent verdict, no MAX/sum universe",KW-0639de425cf6
cuentas de ahorros con mejores rendimientos,1,A02,market_proxy_sensitivity,market_proxy_sensitivity,False,"Text core is not an independent audience; use manual intent verdict, no MAX/sum universe",KW-38a7f9ebe53e
cuentas de ahorros digitales,1,C02,conditional_not_default,conditional_not_default,False,"Text core is not an independent audience; use manual intent verdict, no MAX/sum universe",KW-328331bb933b
cuentas de ahorros gratis,1,A03,market_proxy_sensitivity,market_proxy_sensitivity,False,"Text core is not an independent audience; use manual intent verdict, no MAX/sum universe",KW-53bf42442b6d
cuentas de alto rendimiento peru,2,C01,conditional_not_default,conditional_not_default,False,"Text core is not an independent audience; use manual intent verdict, no MAX/sum universe",KW-595c2c350269;KW-6dd48781f2c5
cuentas de banco,3,X04,excluded_or_manual_review,excluded_or_manual_review,False,"Text core is not an independent audience; use manual intent verdict, no MAX/sum universe",KW-088fd8519fbb;KW-c29aef35f749;KW-a05714a3273d
cuentas de fondeo,1,X03,excluded,excluded,False,"Text core is not an independent audience; use manual intent verdict, no MAX/sum universe",KW-230407b8265e
cuentas digitales banamex,1,X01,not_acquisition_default,not_acquisition_default,False,"Text core is not an independent audience; use manual intent verdict, no MAX/sum universe",KW-17c99d79730a
cuentas digitales online,1,C02,conditional_not_default,conditional_not_default,False,"Text core is not an independent audience; use manual intent verdict, no MAX/sum universe",KW-cc899e0e12f0
cuentas digitales sin ir al banco,1,C02,conditional_not_default,conditional_not_default,False,"Text core is not an independent audience; use manual intent verdict, no MAX/sum universe",KW-1b9c659db6a1
cuentas por cobrar comerciales,2,X04,excluded_or_manual_review,excluded_or_manual_review,False,"Text core is not an independent audience; use manual intent verdict, no MAX/sum universe",KW-838b28d454e8;KW-7cbbf2edb335
cuentos digitales colombia,1,X03,excluded,excluded,False,"Text core is not an independent audience; use manual intent verdict, no MAX/sum universe",KW-3ac4e3fd496c
cuy del bcp,1,X01,not_acquisition_default,not_acquisition_default,False,"Text core is not an independent audience; use manual intent verdict, no MAX/sum universe",KW-0281b97e176b
cuy magico,1,X04,excluded_or_manual_review,excluded_or_manual_review,False,"Text core is not an independent audience; use manual intent verdict, no MAX/sum universe",KW-f2d8660f691a
cuy magico bcp,1,X01,not_acquisition_default,not_acquisition_default,False,"Text core is not an independent audience; use manual intent verdict, no MAX/sum universe",KW-e9685baeeac3
cuál es el código swift,1,X04,excluded_or_manual_review,excluded_or_manual_review,False,"Text core is not an independent audience; use manual intent verdict, no MAX/sum universe",KW-845fbea3ee1c
cuál es el mejor medicamento para la próstata agrandada,1,X04,excluded_or_manual_review,excluded_or_manual_review,False,"Text core is not an independent audience; use manual intent verdict, no MAX/sum universe",KW-7ad890fe4042
cuál es el número que no se cuenta,1,X04,excluded_or_manual_review,excluded_or_manual_review,False,"Text core is not an independent audience; use manual intent verdict, no MAX/sum universe",KW-f6b28eef96a6
cuál es el valor de x,1,X04,excluded_or_manual_review,excluded_or_manual_review,False,"Text core is not an independent audience; use manual intent verdict, no MAX/sum universe",KW-8b79b905808d
cuál es el vino dulce,1,X04,excluded_or_manual_review,excluded_or_manual_review,False,"Text core is not an independent audience; use manual intent verdict, no MAX/sum universe",KW-2f66db75ddc0
cuál es la capital de grecia,1,X04,excluded_or_manual_review,excluded_or_manual_review,False,"Text core is not an independent audience; use manual intent verdict, no MAX/sum universe",KW-3a3c4676eb1a
cuál es la cuenta de ahorros más rentable en colombia,1,X03,excluded,excluded,False,"Text core is not an independent audience; use manual intent verdict, no MAX/sum universe",KW-e866ee116c0f
cuál es la función de la membrana celular,1,X04,excluded_or_manual_review,excluded_or_manual_review,False,"Text core is not an independent audience; use manual intent verdict, no MAX/sum universe",KW-bb2f18e74711
cuál es la función de la próstata,1,X04,excluded_or_manual_review,excluded_or_manual_review,False,"Text core is not an independent audience; use manual intent verdict, no MAX/sum universe",KW-652e7dfc4e0c
cuál es la mejor cuenta de ahorros en perú,1,A04,market_proxy_sensitivity,market_proxy_sensitivity,False,"Text core is not an independent audience; use manual intent verdict, no MAX/sum universe",KW-53b38f4ef087
cuál es la raíz cuadrada de 5,1,X04,excluded_or_manual_review,excluded_or_manual_review,False,"Text core is not an independent audience; use manual intent verdict, no MAX/sum universe",KW-fd1fa4aabc90
cuál es la región más grande del perú,1,X04,excluded_or_manual_review,excluded_or_manual_review,False,"Text core is not an independent audience; use manual intent verdict, no MAX/sum universe",KW-8d957db5a1dc
cuál es la vitamina b,1,X04,excluded_or_manual_review,excluded_or_manual_review,False,"Text core is not an independent audience; use manual intent verdict, no MAX/sum universe",KW-19acca68460e
cuál es mi código,1,X04,excluded_or_manual_review,excluded_or_manual_review,False,"Text core is not an independent audience; use manual intent verdict, no MAX/sum universe",KW-b9bbe92c69b0
cuánto demora una transferencia bancaria diferida,1,E08,assisted_or_service_only,assisted_or_service_only,False,"Text core is not an independent audience; use manual intent verdict, no MAX/sum universe",KW-f90ae1a44bff
cuánto demora una transferencia bancaria internacional swift,1,X03,excluded,excluded,False,"Text core is not an independent audience; use manual intent verdict, no MAX/sum universe",KW-d29c5fc01412
cuánto está el dólar en ocoña,1,X04,excluded_or_manual_review,excluded_or_manual_review,False,"Text core is not an independent audience; use manual intent verdict, no MAX/sum universe",KW-539d60012dea
cuánto gana cristiano ronaldo al mes,1,X04,excluded_or_manual_review,excluded_or_manual_review,False,"Text core is not an independent audience; use manual intent verdict, no MAX/sum universe",KW-8647564c2715
cuánto tarda una transferencia bancaria de un país a otro,1,E08,assisted_or_service_only,assisted_or_service_only,False,"Text core is not an independent audience; use manual intent verdict, no MAX/sum universe",KW-44d4513d7d21
cálculo de gratificaciones ejemplos,1,X03,excluded,excluded,False,"Text core is not an independent audience; use manual intent verdict, no MAX/sum universe",KW-671d6d7b1c89
código de cuenta interbancario,1,E06,assisted_or_service_only,assisted_or_service_only,False,"Text core is not an independent audience; use manual intent verdict, no MAX/sum universe",KW-7605541092f2
código de fortnite,1,X04,excluded_or_manual_review,excluded_or_manual_review,False,"Text core is not an independent audience; use manual intent verdict, no MAX/sum universe",KW-e147a7aaa23c
código de transferencia bancaria,1,E07,assisted_or_service_only,assisted_or_service_only,False,"Text core is not an independent audience; use manual intent verdict, no MAX/sum universe",KW-d8474eb76b1b
código del banco intermediario bcp,1,X01,not_acquisition_default,not_acquisition_default,False,"Text core is not an independent audience; use manual intent verdict, no MAX/sum universe",KW-c95fdc8d6bdd
código swift bcp paypal,1,X03,excluded,excluded,False,"Text core is not an independent audience; use manual intent verdict, no MAX/sum universe",KW-ab960fb6e4e0
código swift bcp peru,1,X01,not_acquisition_default,not_acquisition_default,False,"Text core is not an independent audience; use manual intent verdict, no MAX/sum universe",KW-eab5192de3fd
cómo abrir cuenta digital bdv en línea,1,X01,not_acquisition_default,not_acquisition_default,False,"Text core is not an independent audience; use manual intent verdict, no MAX/sum universe",KW-742763bf757c
cómo abrir una cuenta de ahorros en bancolombia por internet,1,X01,not_acquisition_default,not_acquisition_default,False,"Text core is not an independent audience; use manual intent verdict, no MAX/sum universe",KW-cf265f032a03
cómo ahorrar dinero en 6 meses,1,E10,assisted_only,assisted_only,False,"Text core is not an independent audience; use manual intent verdict, no MAX/sum universe",KW-4293f907c85d
cómo ahorrar dinero en poco tiempo,1,E10,assisted_only,assisted_only,False,"Text core is not an independent audience; use manual intent verdict, no MAX/sum universe",KW-db1723969789
cómo ahorrar dinero en un mes,2,E10,assisted_only,assisted_only,False,"Text core is not an independent audience; use manual intent verdict, no MAX/sum universe",KW-843f570d2829;KW-7f020e82fd42
cómo ahorrar dinero fácil y rápido,1,E10,assisted_only,assisted_only,False,"Text core is not an independent audience; use manual intent verdict, no MAX/sum universe",KW-499fb15fd5d4
cómo ahorrar dinero siendo estudiante,1,E10,assisted_only,assisted_only,False,"Text core is not an independent audience; use manual intent verdict, no MAX/sum universe",KW-d011c1eae886
cómo ahorrar dinero siendo estudiante de secundaria,1,E10,assisted_only,assisted_only,False,"Text core is not an independent audience; use manual intent verdict, no MAX/sum universe",KW-793f921c12fa
cómo ahorrar mi dinero,1,E10,assisted_only,assisted_only,False,"Text core is not an independent audience; use manual intent verdict, no MAX/sum universe",KW-0ceb74753409
cómo ahorrar tu dinero,1,E10,assisted_only,assisted_only,False,"Text core is not an independent audience; use manual intent verdict, no MAX/sum universe",KW-2ce1fdc8baf4
cómo comunicarme con yape,1,X01,not_acquisition_default,not_acquisition_default,False,"Text core is not an independent audience; use manual intent verdict, no MAX/sum universe",KW-40430fd05d0e
cómo crear una cuenta de yape,1,X01,not_acquisition_default,not_acquisition_default,False,"Text core is not an independent audience; use manual intent verdict, no MAX/sum universe",KW-6c87555553b0
cómo descargar yape,1,X01,not_acquisition_default,not_acquisition_default,False,"Text core is not an independent audience; use manual intent verdict, no MAX/sum universe",KW-1d6bd728e49c
cómo hacer una transferencia bancaria desde una cuenta a otra,2,E07,assisted_or_service_only,assisted_or_service_only,False,"Text core is not an independent audience; use manual intent verdict, no MAX/sum universe",KW-ba8def6aa844;KW-f5baaa1b834e
cómo puedo saber,1,X04,excluded_or_manual_review,excluded_or_manual_review,False,"Text core is not an independent audience; use manual intent verdict, no MAX/sum universe",KW-500db8252cf8
cómo puedo ver mi afp,1,X03,excluded,excluded,False,"Text core is not an independent audience; use manual intent verdict, no MAX/sum universe",KW-e0ea150d0908
cómo recuperar cuenta de yape,1,X01,not_acquisition_default,not_acquisition_default,False,"Text core is not an independent audience; use manual intent verdict, no MAX/sum universe",KW-2324dd478642
cómo recuperar un yape,1,X01,not_acquisition_default,not_acquisition_default,False,"Text core is not an independent audience; use manual intent verdict, no MAX/sum universe",KW-f185dea57dc3
cómo saber qué,2,X04,excluded_or_manual_review,excluded_or_manual_review,False,"Text core is not an independent audience; use manual intent verdict, no MAX/sum universe",KW-0e558abf261b;KW-7683274abb50
cómo se dibuja un ratón,1,X04,excluded_or_manual_review,excluded_or_manual_review,False,"Text core is not an independent audience; use manual intent verdict, no MAX/sum universe",KW-346e06122670
cómo se dice buenos días en chino,1,X01,not_acquisition_default,not_acquisition_default,False,"Text core is not an independent audience; use manual intent verdict, no MAX/sum universe",KW-cb4c53399418
cómo se dice tareas en inglés,1,X01,not_acquisition_default,not_acquisition_default,False,"Text core is not an independent audience; use manual intent verdict, no MAX/sum universe",KW-22507ebd1bb2
cómo se escribe cambiarme,1,X04,excluded_or_manual_review,excluded_or_manual_review,False,"Text core is not an independent audience; use manual intent verdict, no MAX/sum universe",KW-3f1138b1ebad
cómo se escribe perseverante,1,X04,excluded_or_manual_review,excluded_or_manual_review,False,"Text core is not an independent audience; use manual intent verdict, no MAX/sum universe",KW-01a790719506
datos para transferencia bancaria,1,E07,assisted_or_service_only,assisted_or_service_only,False,"Text core is not an independent audience; use manual intent verdict, no MAX/sum universe",KW-cf6f4b4c87da
daviplata es cuenta de ahorros o billetera digital,2,X01,not_acquisition_default,not_acquisition_default,False,"Text core is not an independent audience; use manual intent verdict, no MAX/sum universe",KW-ac8928f11a4b;KW-6708a3426189
daviplata es cuenta de ahorros o corriente,1,X01,not_acquisition_default,not_acquisition_default,False,"Text core is not an independent audience; use manual intent verdict, no MAX/sum universe",KW-6f8e9b1ba1d2
davivienda cuenta de ahorros,2,X01,not_acquisition_default,not_acquisition_default,False,"Text core is not an independent audience; use manual intent verdict, no MAX/sum universe",KW-194e98ccf3c1;KW-e16f93b8be23
davivienda es cuenta de ahorros o corriente,1,X01,not_acquisition_default,not_acquisition_default,False,"Text core is not an independent audience; use manual intent verdict, no MAX/sum universe",KW-6548de068728
de quién es este número,1,X04,excluded_or_manual_review,excluded_or_manual_review,False,"Text core is not an independent audience; use manual intent verdict, no MAX/sum universe",KW-cee812478cb4
debito,1,X04,excluded_or_manual_review,excluded_or_manual_review,False,"Text core is not an independent audience; use manual intent verdict, no MAX/sum universe",KW-a66bcf1cc2d1
debito y credito,1,X03,excluded,excluded,False,"Text core is not an independent audience; use manual intent verdict, no MAX/sum universe",KW-d12afac3db55
denunciar estafa transferencia bancaria,1,E07,assisted_or_service_only,assisted_or_service_only,False,"Text core is not an independent audience; use manual intent verdict, no MAX/sum universe",KW-a096ab403d8d
deposito a la vista,2,X04,excluded_or_manual_review,excluded_or_manual_review,False,"Text core is not an independent audience; use manual intent verdict, no MAX/sum universe",KW-b663f6bc0b03;KW-11fb44d5e1f8
deposito a plazo,1,X04,excluded_or_manual_review,excluded_or_manual_review,False,"Text core is not an independent audience; use manual intent verdict, no MAX/sum universe",KW-64791fb578b4
deposito a plazo bcp,2,X01,not_acquisition_default,not_acquisition_default,False,"Text core is not an independent audience; use manual intent verdict, no MAX/sum universe",KW-0da9236b58f2;KW-ff152b297990
deposito a plazo fijo bbva,1,X01,not_acquisition_default,not_acquisition_default,False,"Text core is not an independent audience; use manual intent verdict, no MAX/sum universe",KW-2c88c3c4b896
deposito a plazo fijo bcp tasa de interes,1,X01,not_acquisition_default,not_acquisition_default,False,"Text core is not an independent audience; use manual intent verdict, no MAX/sum universe",KW-2027c080bf8a
deposito a plazo fijo dolares,4,X04,excluded_or_manual_review,excluded_or_manual_review,False,"Text core is not an independent audience; use manual intent verdict, no MAX/sum universe",KW-9931143f9f8f;KW-ca0f9e06ccaa;KW-fe4fca9f43ea;KW-816015819f62
deposito a plazo fijo interbank,1,X01,not_acquisition_default,not_acquisition_default,False,"Text core is not an independent audience; use manual intent verdict, no MAX/sum universe",KW-4bf13f19f7e9
deposito a plazo fijo peru,1,X04,excluded_or_manual_review,excluded_or_manual_review,False,"Text core is not an independent audience; use manual intent verdict, no MAX/sum universe",KW-ed1b215052c7
deposito a plazo fijo tasas,2,X04,excluded_or_manual_review,excluded_or_manual_review,False,"Text core is not an independent audience; use manual intent verdict, no MAX/sum universe",KW-978712b6b87a;KW-4cf9690b4ed0
deposito a plazo o cuenta de ahorro,1,X04,excluded_or_manual_review,excluded_or_manual_review,False,"Text core is not an independent audience; use manual intent verdict, no MAX/sum universe",KW-c41a0fc3192d
deposito bancario y transferencia bancaria es lo mismo,1,E07,assisted_or_service_only,assisted_or_service_only,False,"Text core is not an independent audience; use manual intent verdict, no MAX/sum universe",KW-0888da3d010d
deposito y transferencia bancaria es lo mismo,2,E07,assisted_or_service_only,assisted_or_service_only,False,"Text core is not an independent audience; use manual intent verdict, no MAX/sum universe",KW-96fb527ec01b;KW-f9faf430af9f
depositos,2,X04,excluded_or_manual_review,excluded_or_manual_review,False,"Text core is not an independent audience; use manual intent verdict, no MAX/sum universe",KW-a78a7b11e771;KW-a489c5d82afb
depositos a plazo fijo quien paga mas,1,X04,excluded_or_manual_review,excluded_or_manual_review,False,"Text core is not an independent audience; use manual intent verdict, no MAX/sum universe",KW-7f3ccb5d1443
depósito a plazo fijo,1,X04,excluded_or_manual_review,excluded_or_manual_review,False,"Text core is not an independent audience; use manual intent verdict, no MAX/sum universe",KW-b8ec6f8c7093
depósito a plazo fijo bbva simulador,1,X01,not_acquisition_default,not_acquisition_default,False,"Text core is not an independent audience; use manual intent verdict, no MAX/sum universe",KW-8d9df93bec3e
depósito a plazo fijo bcp,2,X01,not_acquisition_default,not_acquisition_default,False,"Text core is not an independent audience; use manual intent verdict, no MAX/sum universe",KW-371a649473fa;KW-b3723c4ee1e2
depósito a plazo fijo bcp tasa de interés 2025,1,X01,not_acquisition_default,not_acquisition_default,False,"Text core is not an independent audience; use manual intent verdict, no MAX/sum universe",KW-10087bdd881f
depósito a plazo fijo simulador,3,X04,excluded_or_manual_review,excluded_or_manual_review,False,"Text core is not an independent audience; use manual intent verdict, no MAX/sum universe",KW-94cc7528549a;KW-b33d3e09c0a9;KW-7871d53fa2f9
depósito de afp,2,X03,excluded,excluded,False,"Text core is not an independent audience; use manual intent verdict, no MAX/sum universe",KW-5000f3cfd09c;KW-3aa9c7fae294
depósito de la cts,4,X03,excluded,excluded,False,"Text core is not an independent audience; use manual intent verdict, no MAX/sum universe",KW-cc4bc169dab4;KW-91faf5ad6d1f;KW-dc643125b8ea;KW-83e1deb50fe4
depósitos o transferencias bancarias,1,E07,assisted_or_service_only,assisted_or_service_only,False,"Text core is not an independent audience; use manual intent verdict, no MAX/sum universe",KW-a8882bec9d67
descargar yape,3,X01,not_acquisition_default,not_acquisition_default,False,"Text core is not an independent audience; use manual intent verdict, no MAX/sum universe",KW-20203fb124d1;KW-40456ddf018f;KW-001f6df60e6d
descargar yape con dni,1,X01,not_acquisition_default,not_acquisition_default,False,"Text core is not an independent audience; use manual intent verdict, no MAX/sum universe",KW-7f6a4eec39fe
descargar yape con dni sin cuenta bancaria,1,X01,not_acquisition_default,not_acquisition_default,False,"Text core is not an independent audience; use manual intent verdict, no MAX/sum universe",KW-62f231e0ced4
descargar yape para celular,1,X01,not_acquisition_default,not_acquisition_default,False,"Text core is not an independent audience; use manual intent verdict, no MAX/sum universe",KW-37b1970d1b25
descargar yape sin play store,1,X01,not_acquisition_default,not_acquisition_default,False,"Text core is not an independent audience; use manual intent verdict, no MAX/sum universe",KW-dff3be161e28
descuento de afp,2,X03,excluded,excluded,False,"Text core is not an independent audience; use manual intent verdict, no MAX/sum universe",KW-5d16201b4717;KW-e56da5cd2f19
despegar transferencia bancaria,1,E07,assisted_or_service_only,assisted_or_service_only,False,"Text core is not an independent audience; use manual intent verdict, no MAX/sum universe",KW-3d3659df5c2e
desventajas de una cuenta de ahorro,1,X04,excluded_or_manual_review,excluded_or_manual_review,False,"Text core is not an independent audience; use manual intent verdict, no MAX/sum universe",KW-e0cd551ccc0b
detracciones,2,X03,excluded,excluded,False,"Text core is not an independent audience; use manual intent verdict, no MAX/sum universe",KW-3b025d5d7f63;KW-88cb48054fc4
diferencia entre cdt y cuenta de ahorros,1,X04,excluded_or_manual_review,excluded_or_manual_review,False,"Text core is not an independent audience; use manual intent verdict, no MAX/sum universe",KW-48e179642bc0
diferencia entre cuenta corriente y cuenta de ahorros,9,C03,assisted_only,assisted_only,False,"Text core is not an independent audience; use manual intent verdict, no MAX/sum universe",KW-6d9f32d676b0;KW-0a7f33ff6dc4;KW-5f1a4fc9dc7d;KW-cfbd43b31b57;KW-9d7a8786c7bf;KW-ba6eaaf4d7cb;KW-c4c333c47691;KW-a30743a1be64;KW-0a115ca580b2
diferencia entre cuenta corriente y cuenta de ahorros bbva,1,C05,competitor_consideration_requires_serp,competitor_consideration_requires_serp,False,"Text core is not an independent audience; use manual intent verdict, no MAX/sum universe",KW-746b3cd5d10e
diferencia entre cuenta corriente y cuenta de ahorros bcp,3,C05,competitor_consideration_requires_serp,competitor_consideration_requires_serp,False,"Text core is not an independent audience; use manual intent verdict, no MAX/sum universe",KW-26250b7b6f52;KW-9a79ba468829;KW-77bf37435dbc
diferencia entre cuenta corriente y cuenta de ahorros bcr,1,C03,assisted_only,assisted_only,False,"Text core is not an independent audience; use manual intent verdict, no MAX/sum universe",KW-e3d7a5dc8d0b
diferencia entre cuenta corriente y cuenta de ahorros interbank,1,C05,competitor_consideration_requires_serp,competitor_consideration_requires_serp,False,"Text core is not an independent audience; use manual intent verdict, no MAX/sum universe",KW-629f2d1ba668
diferencia entre cuenta corriente y cuenta de ahorros scotiabank,1,C05,competitor_consideration_requires_serp,competitor_consideration_requires_serp,False,"Text core is not an independent audience; use manual intent verdict, no MAX/sum universe",KW-629760a4f1d5
diferencia entre cuenta de ahorro y cuenta digital,2,C02,conditional_not_default,conditional_not_default,False,"Text core is not an independent audience; use manual intent verdict, no MAX/sum universe",KW-d17a7b93f412;KW-416dd97d3190
diferencia entre cuenta de ahorro y cuenta digital soles,1,C02,conditional_not_default,conditional_not_default,False,"Text core is not an independent audience; use manual intent verdict, no MAX/sum universe",KW-82b493ce81ea
diferencia entre cuenta de ahorro y cuenta sueldo,1,X04,excluded_or_manual_review,excluded_or_manual_review,False,"Text core is not an independent audience; use manual intent verdict, no MAX/sum universe",KW-750164a410ff
diferencia entre cuenta de ahorros y billetera digital,1,C02,conditional_not_default,conditional_not_default,False,"Text core is not an independent audience; use manual intent verdict, no MAX/sum universe",KW-bd080db71515
diferencia entre cuenta de ahorros y corriente en colombia,1,X03,excluded,excluded,False,"Text core is not an independent audience; use manual intent verdict, no MAX/sum universe",KW-48349f1f1583
diferencia entre cuenta de ahorros y cuenta corriente bancolombia,2,X01,not_acquisition_default,not_acquisition_default,False,"Text core is not an independent audience; use manual intent verdict, no MAX/sum universe",KW-52ea45b8c353;KW-239a73919c6a
diferencia entre cuenta de ahorros y cuenta corriente davivienda,1,X01,not_acquisition_default,not_acquisition_default,False,"Text core is not an independent audience; use manual intent verdict, no MAX/sum universe",KW-757647fcf361
diferencia entre cuenta de ahorros y cuenta corriente peru,2,C03,assisted_only,assisted_only,False,"Text core is not an independent audience; use manual intent verdict, no MAX/sum universe",KW-93abfaf96d47;KW-1175c1afae34
diferencia entre cuenta de nomina y de ahorros,2,X04,excluded_or_manual_review,excluded_or_manual_review,False,"Text core is not an independent audience; use manual intent verdict, no MAX/sum universe",KW-ae03757f0c18;KW-e234881720a8
diferencia entre cuenta digital soles y cuenta de ahorro bcp,1,C05,competitor_consideration_requires_serp,competitor_consideration_requires_serp,False,"Text core is not an independent audience; use manual intent verdict, no MAX/sum universe",KW-06f8395c693a
diferencia entre cuenta digital y cuenta de ahorros bcp,1,C05,competitor_consideration_requires_serp,competitor_consideration_requires_serp,False,"Text core is not an independent audience; use manual intent verdict, no MAX/sum universe",KW-ad8dfe8b489d
diferencia entre cuenta digital y cuenta de ahorros produbanco,1,C02,conditional_not_default,conditional_not_default,False,"Text core is not an independent audience; use manual intent verdict, no MAX/sum universe",KW-59fc8c78cd0f
diferencia entre cuenta digital y cuenta ilimitada bcp,1,X01,not_acquisition_default,not_acquisition_default,False,"Text core is not an independent audience; use manual intent verdict, no MAX/sum universe",KW-255291a4156f
diferencia entre cuenta digital y cuenta independencia bbva,2,X01,not_acquisition_default,not_acquisition_default,False,"Text core is not an independent audience; use manual intent verdict, no MAX/sum universe",KW-8427db7178a8;KW-e33fd46392ec
diferencia entre cuenta simple y cuenta de ahorros,1,X04,excluded_or_manual_review,excluded_or_manual_review,False,"Text core is not an independent audience; use manual intent verdict, no MAX/sum universe",KW-d48e842e9784
diferencia entre cuenta simple y cuenta de ahorros interbank,1,C05,competitor_consideration_requires_serp,competitor_consideration_requires_serp,False,"Text core is not an independent audience; use manual intent verdict, no MAX/sum universe",KW-3f6b50d60e7a
diferencia entre cuenta sueldo y cuenta de ahorros bcp,2,C05,competitor_consideration_requires_serp,competitor_consideration_requires_serp,False,"Text core is not an independent audience; use manual intent verdict, no MAX/sum universe",KW-c948715b98e9;KW-4c09c14e3b16
diferencia entre cuenta sueldo y cuenta de ahorros interbank,1,C05,competitor_consideration_requires_serp,competitor_consideration_requires_serp,False,"Text core is not an independent audience; use manual intent verdict, no MAX/sum universe",KW-8c106a829567
diferencia entre tarjeta de debito y credito,1,X03,excluded,excluded,False,"Text core is not an independent audience; use manual intent verdict, no MAX/sum universe",KW-257b551e78a6
diferir pago,2,X04,excluded_or_manual_review,excluded_or_manual_review,False,"Text core is not an independent audience; use manual intent verdict, no MAX/sum universe",KW-9bc0a9f5fcfb;KW-5122b483f544
dilbert aguilar no te preocupes por mi,1,X04,excluded_or_manual_review,excluded_or_manual_review,False,"Text core is not an independent audience; use manual intent verdict, no MAX/sum universe",KW-8f2d14e53ec8
dinero ahorrado,1,E10,assisted_only,assisted_only,False,"Text core is not an independent audience; use manual intent verdict, no MAX/sum universe",KW-b2d3f48c6948
direccion de la sucursal bcp,1,X01,not_acquisition_default,not_acquisition_default,False,"Text core is not an independent audience; use manual intent verdict, no MAX/sum universe",KW-cb0735f945fb
direccion del bcp,1,X01,not_acquisition_default,not_acquisition_default,False,"Text core is not an independent audience; use manual intent verdict, no MAX/sum universe",KW-e090836d2902
dolar a boliviano,1,X03,excluded,excluded,False,"Text core is not an independent audience; use manual intent verdict, no MAX/sum universe",KW-8234d6820e7f
dolar euro,1,X03,excluded,excluded,False,"Text core is not an independent audience; use manual intent verdict, no MAX/sum universe",KW-90919948870e
donación por transferencia bancaria,1,E07,assisted_or_service_only,assisted_or_service_only,False,"Text core is not an independent audience; use manual intent verdict, no MAX/sum universe",KW-d67441e25b96
donde abrir cuenta en dolares,1,X02,product_launch_required,product_launch_required,False,"Text core is not an independent audience; use manual intent verdict, no MAX/sum universe",KW-1acc43772902
donde abrir cuenta en dolares en colombia,1,X03,excluded,excluded,False,"Text core is not an independent audience; use manual intent verdict, no MAX/sum universe",KW-397373f25958
donde abrir una cuenta de ahorro,2,A07,market_proxy_sensitivity,market_proxy_sensitivity,False,"Text core is not an independent audience; use manual intent verdict, no MAX/sum universe",KW-ccd8814eb9bd;KW-45317387a595
donde abrir una cuenta de ahorro en dolares,2,X02,product_launch_required,product_launch_required,False,"Text core is not an independent audience; use manual intent verdict, no MAX/sum universe",KW-21826c89e9b6;KW-b17c4dfa57a2
donde abrir una cuenta de ahorro para niños,1,X03,excluded,excluded,False,"Text core is not an independent audience; use manual intent verdict, no MAX/sum universe",KW-43b210ba57df
donde abrir una cuenta de ahorros en colombia,1,X03,excluded,excluded,False,"Text core is not an independent audience; use manual intent verdict, no MAX/sum universe",KW-b3c8c5ed5c7e
donde abrir una cuenta de ahorros peru,1,X04,excluded_or_manual_review,excluded_or_manual_review,False,"Text core is not an independent audience; use manual intent verdict, no MAX/sum universe",KW-bb2b64c2a21a
donde abrir una cuenta de ahorros sin cuota de manejo,1,X04,excluded_or_manual_review,excluded_or_manual_review,False,"Text core is not an independent audience; use manual intent verdict, no MAX/sum universe",KW-f92fbd9f82ca
donde abrir una cuenta en dolares desde venezuela,1,X03,excluded,excluded,False,"Text core is not an independent audience; use manual intent verdict, no MAX/sum universe",KW-9433e25a2fd4
donde abrir una cuenta en dolares en chile,1,X03,excluded,excluded,False,"Text core is not an independent audience; use manual intent verdict, no MAX/sum universe",KW-86f7f6ab493b
donde comer cerca de mí,1,X04,excluded_or_manual_review,excluded_or_manual_review,False,"Text core is not an independent audience; use manual intent verdict, no MAX/sum universe",KW-1610b444b934
donde es mejor abrir una cuenta de ahorros,1,X04,excluded_or_manual_review,excluded_or_manual_review,False,"Text core is not an independent audience; use manual intent verdict, no MAX/sum universe",KW-f13a7b906dfd
donde hacer transferencias bancarias,1,E07,assisted_or_service_only,assisted_or_service_only,False,"Text core is not an independent audience; use manual intent verdict, no MAX/sum universe",KW-a6dabb9bbd80
donde invertir mi dinero,1,X04,excluded_or_manual_review,excluded_or_manual_review,False,"Text core is not an independent audience; use manual intent verdict, no MAX/sum universe",KW-352607907fc5
donde invertir mi dinero en peru,2,X04,excluded_or_manual_review,excluded_or_manual_review,False,"Text core is not an independent audience; use manual intent verdict, no MAX/sum universe",KW-1d619eb30560;KW-4cbece472226
donde puedo abrir una cuenta de ahorros bcp,1,C05,competitor_consideration_requires_serp,competitor_consideration_requires_serp,False,"Text core is not an independent audience; use manual intent verdict, no MAX/sum universe",KW-eb3b95e7f4ac
donde puedo ahorrar mi dinero y ganar intereses,1,A06,market_proxy_pending_serp,market_proxy_pending_serp,False,"Text core is not an independent audience; use manual intent verdict, no MAX/sum universe",KW-9247024174b7
donde puedo ahorrar mi dinero y ganar intereses en perú,1,A06,market_proxy_pending_serp,market_proxy_pending_serp,False,"Text core is not an independent audience; use manual intent verdict, no MAX/sum universe",KW-1d7b620313c2
donde puedo hacer una transferencia bancaria,1,E07,assisted_or_service_only,assisted_or_service_only,False,"Text core is not an independent audience; use manual intent verdict, no MAX/sum universe",KW-98a028c4d66e
donde sacar mi carnet de sanidad,1,X04,excluded_or_manual_review,excluded_or_manual_review,False,"Text core is not an independent audience; use manual intent verdict, no MAX/sum universe",KW-3277183afa84
donde veo mi cuenta en dolares bcp,1,X01,not_acquisition_default,not_acquisition_default,False,"Text core is not an independent audience; use manual intent verdict, no MAX/sum universe",KW-f87e817a7c50
donde veo mi numero de cuenta bcp,1,X01,not_acquisition_default,not_acquisition_default,False,"Text core is not an independent audience; use manual intent verdict, no MAX/sum universe",KW-302d305cd976
donde ver mi cuenta en dolares,1,X02,product_launch_required,product_launch_required,False,"Text core is not an independent audience; use manual intent verdict, no MAX/sum universe",KW-99abd0ab8d34
dragon ball super manga,1,X04,excluded_or_manual_review,excluded_or_manual_review,False,"Text core is not an independent audience; use manual intent verdict, no MAX/sum universe",KW-bbfd0816f51f
dueño de mi barrunto,1,X01,not_acquisition_default,not_acquisition_default,False,"Text core is not an independent audience; use manual intent verdict, no MAX/sum universe",KW-f534f8449074
dólar en bolivia hoy,1,X03,excluded,excluded,False,"Text core is not an independent audience; use manual intent verdict, no MAX/sum universe",KW-3d63d5a0921f
dónde es mi mesa de votación,1,X04,excluded_or_manual_review,excluded_or_manual_review,False,"Text core is not an independent audience; use manual intent verdict, no MAX/sum universe",KW-f9454ad466a9
economia familiar,1,X04,excluded_or_manual_review,excluded_or_manual_review,False,"Text core is not an independent audience; use manual intent verdict, no MAX/sum universe",KW-8f7a8885885a
edenred consulta saldo,1,X04,excluded_or_manual_review,excluded_or_manual_review,False,"Text core is not an independent audience; use manual intent verdict, no MAX/sum universe",KW-aff241af01f0
efectiva cuenta de ahorros,3,C05,competitor_consideration_requires_serp,competitor_consideration_requires_serp,False,"Text core is not an independent audience; use manual intent verdict, no MAX/sum universe",KW-304990fc6f03;KW-3c705a2107c2;KW-6834a0f505ab
ejecutivo de cuenta digital,1,C02,conditional_not_default,conditional_not_default,False,"Text core is not an independent audience; use manual intent verdict, no MAX/sum universe",KW-7d850c95a76c
ejemplos de ahorrar,1,X04,excluded_or_manual_review,excluded_or_manual_review,False,"Text core is not an independent audience; use manual intent verdict, no MAX/sum universe",KW-04eabac088d7
ejemplos de ahorro brainly,1,X04,excluded_or_manual_review,excluded_or_manual_review,False,"Text core is not an independent audience; use manual intent verdict, no MAX/sum universe",KW-f704bfecde36
ejemplos de ahorro en la vida cotidiana,1,X04,excluded_or_manual_review,excluded_or_manual_review,False,"Text core is not an independent audience; use manual intent verdict, no MAX/sum universe",KW-1a7f859dc412
ejemplos de ahorro familiar,1,X04,excluded_or_manual_review,excluded_or_manual_review,False,"Text core is not an independent audience; use manual intent verdict, no MAX/sum universe",KW-86110e9ade2b
ejemplos de ahorro personal,1,X04,excluded_or_manual_review,excluded_or_manual_review,False,"Text core is not an independent audience; use manual intent verdict, no MAX/sum universe",KW-f450ef36097b
ejemplos de como ahorrar dinero,1,E10,assisted_only,assisted_only,False,"Text core is not an independent audience; use manual intent verdict, no MAX/sum universe",KW-974789dae422
ejemplos de transferencias bancarias,3,E07,assisted_or_service_only,assisted_or_service_only,False,"Text core is not an independent audience; use manual intent verdict, no MAX/sum universe",KW-60ca07f171a7;KW-d56aae976a85;KW-1710a8465ad2
el club del ahorro,1,X04,excluded_or_manual_review,excluded_or_manual_review,False,"Text core is not an independent audience; use manual intent verdict, no MAX/sum universe",KW-40b3615efdf3
el mejor banco para ahorrar en colombia 2020,1,X03,excluded,excluded,False,"Text core is not an independent audience; use manual intent verdict, no MAX/sum universe",KW-d7279988ef6d
electro sur este numero,1,X04,excluded_or_manual_review,excluded_or_manual_review,False,"Text core is not an independent audience; use manual intent verdict, no MAX/sum universe",KW-47a6533cac31
eliminar cuenta bcp,1,X01,not_acquisition_default,not_acquisition_default,False,"Text core is not an independent audience; use manual intent verdict, no MAX/sum universe",KW-58fb615b3647
eliminar cuenta de ahorros,1,X04,excluded_or_manual_review,excluded_or_manual_review,False,"Text core is not an independent audience; use manual intent verdict, no MAX/sum universe",KW-d0adeb74da9b
eliminar cuenta de ahorros bcp,1,C05,competitor_consideration_requires_serp,competitor_consideration_requires_serp,False,"Text core is not an independent audience; use manual intent verdict, no MAX/sum universe",KW-ec7612aec7b7
eliminar cuenta yape con tarjeta,1,X03,excluded,excluded,False,"Text core is not an independent audience; use manual intent verdict, no MAX/sum universe",KW-a389b1348e12
eliminar cuenta-digital-bcp,4,X01,not_acquisition_default,not_acquisition_default,False,"Text core is not an independent audience; use manual intent verdict, no MAX/sum universe",KW-0cc0f4c998cc;KW-193a25b45c00;KW-259621151de5;KW-15ca94699fee
embargos a cuentas de ahorros,2,X04,excluded_or_manual_review,excluded_or_manual_review,False,"Text core is not an independent audience; use manual intent verdict, no MAX/sum universe",KW-9306fe1de88d;KW-2c5926aed318
emergencia bomberos,1,X04,excluded_or_manual_review,excluded_or_manual_review,False,"Text core is not an independent audience; use manual intent verdict, no MAX/sum universe",KW-e30e78d7a7ba
emergencia y desastres,1,X04,excluded_or_manual_review,excluded_or_manual_review,False,"Text core is not an independent audience; use manual intent verdict, no MAX/sum universe",KW-86c7f1577351
en cuanto tiempo se inactiva una cuenta de ahorros bancolombia,1,X01,not_acquisition_default,not_acquisition_default,False,"Text core is not an independent audience; use manual intent verdict, no MAX/sum universe",KW-64b165fe0f84
en cuanto tiempo se inactiva una cuenta de ahorros bcp,1,C05,competitor_consideration_requires_serp,competitor_consideration_requires_serp,False,"Text core is not an independent audience; use manual intent verdict, no MAX/sum universe",KW-87c790e5ce17
en cuanto tiempo se inactiva una cuenta de ahorros ecuador,1,X03,excluded,excluded,False,"Text core is not an independent audience; use manual intent verdict, no MAX/sum universe",KW-6cd1ee1c325d
en cuánto tiempo se inactiva una cuenta de ahorros,1,X04,excluded_or_manual_review,excluded_or_manual_review,False,"Text core is not an independent audience; use manual intent verdict, no MAX/sum universe",KW-88a39896dc1b
en cuánto tiempo se inactiva una cuenta de ahorros perú,1,X04,excluded_or_manual_review,excluded_or_manual_review,False,"Text core is not an independent audience; use manual intent verdict, no MAX/sum universe",KW-314a3c497449
en que banco paga mas intereses mi dinero,1,X04,excluded_or_manual_review,excluded_or_manual_review,False,"Text core is not an independent audience; use manual intent verdict, no MAX/sum universe",KW-4907beca23d1
en que banco puedo abrir cuenta en dolares,1,X02,product_launch_required,product_launch_required,False,"Text core is not an independent audience; use manual intent verdict, no MAX/sum universe",KW-5933560580e2
en que banco puedo ahorrar mi dinero y ganar intereses,1,A06,market_proxy_pending_serp,market_proxy_pending_serp,False,"Text core is not an independent audience; use manual intent verdict, no MAX/sum universe",KW-b856d13602b9
en que banco se puede abrir una cuenta en dolares,1,X02,product_launch_required,product_launch_required,False,"Text core is not an independent audience; use manual intent verdict, no MAX/sum universe",KW-439262bc92e3
en que invertir mi dinero,1,X04,excluded_or_manual_review,excluded_or_manual_review,False,"Text core is not an independent audience; use manual intent verdict, no MAX/sum universe",KW-85cb995035de
en que puedo invertir mi dinero,1,X04,excluded_or_manual_review,excluded_or_manual_review,False,"Text core is not an independent audience; use manual intent verdict, no MAX/sum universe",KW-778ef318df01
en que puedo invertir mi dinero para multiplicarlo,1,X04,excluded_or_manual_review,excluded_or_manual_review,False,"Text core is not an independent audience; use manual intent verdict, no MAX/sum universe",KW-dd4d30398714
en que puedo invertir mi dinero para multiplicarlo perú,1,X04,excluded_or_manual_review,excluded_or_manual_review,False,"Text core is not an independent audience; use manual intent verdict, no MAX/sum universe",KW-bd8c4f406737
encuestas pagadas por transferencia bancaria,1,E07,assisted_or_service_only,assisted_or_service_only,False,"Text core is not an independent audience; use manual intent verdict, no MAX/sum universe",KW-e78cca01491c
enel numero de telefono,1,X04,excluded_or_manual_review,excluded_or_manual_review,False,"Text core is not an independent audience; use manual intent verdict, no MAX/sum universe",KW-56e197fb2916
entorno colaborativo,1,X04,excluded_or_manual_review,excluded_or_manual_review,False,"Text core is not an independent audience; use manual intent verdict, no MAX/sum universe",KW-bdb4d4c857fe
entorno colaborativo bbva,2,X01,not_acquisition_default,not_acquisition_default,False,"Text core is not an independent audience; use manual intent verdict, no MAX/sum universe",KW-ed610e22c594;KW-75cd6fe03079
entrar a cuenta de ahorros bancolombia,1,X01,not_acquisition_default,not_acquisition_default,False,"Text core is not an independent audience; use manual intent verdict, no MAX/sum universe",KW-ac4797bc4649
enviar dinero al extranjero desde peru,1,X03,excluded,excluded,False,"Text core is not an independent audience; use manual intent verdict, no MAX/sum universe",KW-05b6bee30083
enviar dinero al extranjero desde peru bcp,1,X01,not_acquisition_default,not_acquisition_default,False,"Text core is not an independent audience; use manual intent verdict, no MAX/sum universe",KW-db273a03d7e0
enviar dinero de peru a estados unidos,1,X03,excluded,excluded,False,"Text core is not an independent audience; use manual intent verdict, no MAX/sum universe",KW-19e34f052313
envio de dinero,1,X04,excluded_or_manual_review,excluded_or_manual_review,False,"Text core is not an independent audience; use manual intent verdict, no MAX/sum universe",KW-d97bdeb301a5
es bueno tener una cuenta en dolares,1,X01,not_acquisition_default,not_acquisition_default,False,"Text core is not an independent audience; use manual intent verdict, no MAX/sum universe",KW-a04d96c29eb3
esparcir,1,X04,excluded_or_manual_review,excluded_or_manual_review,False,"Text core is not an independent audience; use manual intent verdict, no MAX/sum universe",KW-092d09ced914
estado de cuenta,1,X04,excluded_or_manual_review,excluded_or_manual_review,False,"Text core is not an independent audience; use manual intent verdict, no MAX/sum universe",KW-41c4dbe45122
estado de cuenta banco de la nacion,1,X01,not_acquisition_default,not_acquisition_default,False,"Text core is not an independent audience; use manual intent verdict, no MAX/sum universe",KW-942f8ad77770
estado de cuenta bcp ahorros,2,C05,competitor_consideration_requires_serp,competitor_consideration_requires_serp,False,"Text core is not an independent audience; use manual intent verdict, no MAX/sum universe",KW-694416bf656f;KW-67e8d9f76bea
estado de cuenta bcp digital,2,X01,not_acquisition_default,not_acquisition_default,False,"Text core is not an independent audience; use manual intent verdict, no MAX/sum universe",KW-90f7884b60b2;KW-3e9c724e9931
estado de cuenta cencosud,1,X04,excluded_or_manual_review,excluded_or_manual_review,False,"Text core is not an independent audience; use manual intent verdict, no MAX/sum universe",KW-c25377bcef2f
estado de cuenta de ahorros cuenta digital bcp,1,C05,competitor_consideration_requires_serp,competitor_consideration_requires_serp,False,"Text core is not an independent audience; use manual intent verdict, no MAX/sum universe",KW-781c0328cdcb
estado de cuenta de ahorros interbank,3,C05,competitor_consideration_requires_serp,competitor_consideration_requires_serp,False,"Text core is not an independent audience; use manual intent verdict, no MAX/sum universe",KW-0343832eb37e;KW-e266dda8f757;KW-b10e6f1810b4
estado de cuenta de bcp,1,X01,not_acquisition_default,not_acquisition_default,False,"Text core is not an independent audience; use manual intent verdict, no MAX/sum universe",KW-ce64801dbcb7
estado de cuenta de tarjeta oh,2,X03,excluded,excluded,False,"Text core is not an independent audience; use manual intent verdict, no MAX/sum universe",KW-77ed3d565bd2;KW-47cacbc0be60
estado de cuenta digital,1,C02,conditional_not_default,conditional_not_default,False,"Text core is not an independent audience; use manual intent verdict, no MAX/sum universe",KW-ad1e2a3921f7
estado de cuenta digital bbva,2,X01,not_acquisition_default,not_acquisition_default,False,"Text core is not an independent audience; use manual intent verdict, no MAX/sum universe",KW-d89731adeee4;KW-c9064a887561
estado de cuenta efectiva digital bancoppel,1,X01,not_acquisition_default,not_acquisition_default,False,"Text core is not an independent audience; use manual intent verdict, no MAX/sum universe",KW-003ea9a9500e
estado de cuenta oh,1,X04,excluded_or_manual_review,excluded_or_manual_review,False,"Text core is not an independent audience; use manual intent verdict, no MAX/sum universe",KW-8d853d74fe5b
estado de cuenta scotiabank,1,X01,not_acquisition_default,not_acquisition_default,False,"Text core is not an independent audience; use manual intent verdict, no MAX/sum universe",KW-4a0ad265b5cf
estado de cuenta scotiabank app,1,X01,not_acquisition_default,not_acquisition_default,False,"Text core is not an independent audience; use manual intent verdict, no MAX/sum universe",KW-3701e769b216
estado de cuenta scotiabank ejemplo,1,X01,not_acquisition_default,not_acquisition_default,False,"Text core is not an independent audience; use manual intent verdict, no MAX/sum universe",KW-7b539526ba59
estado de cuenta scotiabank pdf,1,X01,not_acquisition_default,not_acquisition_default,False,"Text core is not an independent audience; use manual intent verdict, no MAX/sum universe",KW-b376324f4753
estado de cuenta scotiabank perú,1,X01,not_acquisition_default,not_acquisition_default,False,"Text core is not an independent audience; use manual intent verdict, no MAX/sum universe",KW-57fcd81797a9
estado de cuenta tarjeta digital bbva,2,X03,excluded,excluded,False,"Text core is not an independent audience; use manual intent verdict, no MAX/sum universe",KW-822087546972;KW-4c55f928c9ca
estado de cuenta tarjeta oh con dni,1,X03,excluded,excluded,False,"Text core is not an independent audience; use manual intent verdict, no MAX/sum universe",KW-f68236c652d8
estado de cuentas bancarias,2,B03,service_baseline_required,service_baseline_required,False,"Text core is not an independent audience; use manual intent verdict, no MAX/sum universe",KW-5f59aa17ba3d;KW-7efd6d71725e
estado de emergencia lima y callao,1,X04,excluded_or_manual_review,excluded_or_manual_review,False,"Text core is not an independent audience; use manual intent verdict, no MAX/sum universe",KW-95ba4e29b1e7
estado de mi solicitud afp,1,X03,excluded,excluded,False,"Text core is not an independent audience; use manual intent verdict, no MAX/sum universe",KW-0ea1235c95d9
estado de retiro afp,1,X03,excluded,excluded,False,"Text core is not an independent audience; use manual intent verdict, no MAX/sum universe",KW-7bffb0ac1079
estado de solicitud afp,1,X03,excluded,excluded,False,"Text core is not an independent audience; use manual intent verdict, no MAX/sum universe",KW-d4ded3edc3cc
estado de solicitud afp habitat,1,X03,excluded,excluded,False,"Text core is not an independent audience; use manual intent verdict, no MAX/sum universe",KW-8610642c57c9
estado de solicitud de retiro afp,1,X03,excluded,excluded,False,"Text core is not an independent audience; use manual intent verdict, no MAX/sum universe",KW-84f27118aeda
estados bancarios,2,X04,excluded_or_manual_review,excluded_or_manual_review,False,"Text core is not an independent audience; use manual intent verdict, no MAX/sum universe",KW-30cbf78bf8f0;KW-92c9c9bf51ed
estados de cuenta cmr falabella,1,X01,not_acquisition_default,not_acquisition_default,False,"Text core is not an independent audience; use manual intent verdict, no MAX/sum universe",KW-a080115f3cc2
estados de cuenta que es,2,X04,excluded_or_manual_review,excluded_or_manual_review,False,"Text core is not an independent audience; use manual intent verdict, no MAX/sum universe",KW-2c271f5a6b2b;KW-96c3e3af3e2c
estafa transferencia bancaria,2,E07,assisted_or_service_only,assisted_or_service_only,False,"Text core is not an independent audience; use manual intent verdict, no MAX/sum universe",KW-6fa457a413c4;KW-ea4131b88161
estrategias para ahorrar dinero,1,E10,assisted_only,assisted_only,False,"Text core is not an independent audience; use manual intent verdict, no MAX/sum universe",KW-f03d3fab535f
etoro transferencia bancaria,1,E07,assisted_or_service_only,assisted_or_service_only,False,"Text core is not an independent audience; use manual intent verdict, no MAX/sum universe",KW-c44cee071f31
extorno de transferencia bancaria bcp,1,X01,not_acquisition_default,not_acquisition_default,False,"Text core is not an independent audience; use manual intent verdict, no MAX/sum universe",KW-0beb3507ef16
extracto bancarios,3,B03;X04,mixed_requires_split,excluded_or_manual_review;service_baseline_required,False,"Text core is not an independent audience; use manual intent verdict, no MAX/sum universe",KW-ddcccf7548d7;KW-66ec44c7d60c;KW-c28b48ca4c59
extractos cuenta de ahorros bancolombia,1,X01,not_acquisition_default,not_acquisition_default,False,"Text core is not an independent audience; use manual intent verdict, no MAX/sum universe",KW-43d6875c29c8
financiera confianza cuenta de ahorro,1,X01,not_acquisition_default,not_acquisition_default,False,"Text core is not an independent audience; use manual intent verdict, no MAX/sum universe",KW-0e69d91289b0
financiera efectiva cuenta de ahorros,2,C05,competitor_consideration_requires_serp,competitor_consideration_requires_serp,False,"Text core is not an independent audience; use manual intent verdict, no MAX/sum universe",KW-e005ca67f6c1;KW-1ecb4a10c531
financiera efectiva cuenta de ahorros dolares,1,C05,competitor_consideration_requires_serp,competitor_consideration_requires_serp,False,"Text core is not an independent audience; use manual intent verdict, no MAX/sum universe",KW-898c9dbdf58c
financiera oh cuenta de ahorros,2,X01,not_acquisition_default,not_acquisition_default,False,"Text core is not an independent audience; use manual intent verdict, no MAX/sum universe",KW-f891a1e9e45f;KW-69ea83a9c689
financiera oh plazo fijo,1,X01,not_acquisition_default,not_acquisition_default,False,"Text core is not an independent audience; use manual intent verdict, no MAX/sum universe",KW-64e9a1e5b32d
financiera qapaq cuenta de ahorros,1,X01,not_acquisition_default,not_acquisition_default,False,"Text core is not an independent audience; use manual intent verdict, no MAX/sum universe",KW-9fea2a16d5ab
fondo afp,1,X03,excluded,excluded,False,"Text core is not an independent audience; use manual intent verdict, no MAX/sum universe",KW-ed36167ad332
fondo blanquiazul,1,X04,excluded_or_manual_review,excluded_or_manual_review,False,"Text core is not an independent audience; use manual intent verdict, no MAX/sum universe",KW-71c3708c5f21
fondo complementario de jubilación minera 2026,1,X04,excluded_or_manual_review,excluded_or_manual_review,False,"Text core is not an independent audience; use manual intent verdict, no MAX/sum universe",KW-a1c8671e757d
fondo de seguro de deposito,4,E04,assisted_only,assisted_only,False,"Text core is not an independent audience; use manual intent verdict, no MAX/sum universe",KW-2f41a03371bc;KW-fdba39a2d3e2;KW-f87fb58f1c06;KW-db0a8ffde567
fondo de seguro de deposito cooperativas,2,E04,assisted_only,assisted_only,False,"Text core is not an independent audience; use manual intent verdict, no MAX/sum universe",KW-9688d6bf3cab;KW-900556b2a89e
fondo de seguro de deposito peru,2,E04,assisted_only,assisted_only,False,"Text core is not an independent audience; use manual intent verdict, no MAX/sum universe",KW-e20a77e24485;KW-932c2d8a17be
fondo de seguro de depósito 2026,1,E04,assisted_only,assisted_only,False,"Text core is not an independent audience; use manual intent verdict, no MAX/sum universe",KW-8c865e8be194
fondo mivivienda lima,1,X04,excluded_or_manual_review,excluded_or_manual_review,False,"Text core is not an independent audience; use manual intent verdict, no MAX/sum universe",KW-95b938143b8f
fondo para frases,1,X04,excluded_or_manual_review,excluded_or_manual_review,False,"Text core is not an independent audience; use manual intent verdict, no MAX/sum universe",KW-e6215fb2a077
fondo seguro es confiable,1,X04,excluded_or_manual_review,excluded_or_manual_review,False,"Text core is not an independent audience; use manual intent verdict, no MAX/sum universe",KW-d6e20544a0e0
fondo universitario,1,X04,excluded_or_manual_review,excluded_or_manual_review,False,"Text core is not an independent audience; use manual intent verdict, no MAX/sum universe",KW-d3eac630ba9f
fondos de pantalla de colores,1,X04,excluded_or_manual_review,excluded_or_manual_review,False,"Text core is not an independent audience; use manual intent verdict, no MAX/sum universe",KW-dd6d9bd899a3
formas de como ahorrar dinero,1,E10,assisted_only,assisted_only,False,"Text core is not an independent audience; use manual intent verdict, no MAX/sum universe",KW-0c601169fa6f
franco navarro hijo,1,X04,excluded_or_manual_review,excluded_or_manual_review,False,"Text core is not an independent audience; use manual intent verdict, no MAX/sum universe",KW-d009eafbd664
fraudes transferencias bancarias,1,E07,assisted_or_service_only,assisted_or_service_only,False,"Text core is not an independent audience; use manual intent verdict, no MAX/sum universe",KW-e2980c69a681
función económica de la familia,2,X04,excluded_or_manual_review,excluded_or_manual_review,False,"Text core is not an independent audience; use manual intent verdict, no MAX/sum universe",KW-2a51a77308d5;KW-4c95b3040f3f
gana 50000 con costa,1,X04,excluded_or_manual_review,excluded_or_manual_review,False,"Text core is not an independent audience; use manual intent verdict, no MAX/sum universe",KW-1e48c1bb3bc7
ganador cuenta de ahorros bcp,1,C05,competitor_consideration_requires_serp,competitor_consideration_requires_serp,False,"Text core is not an independent audience; use manual intent verdict, no MAX/sum universe",KW-ae2c19836452
ganadores bcp,1,X01,not_acquisition_default,not_acquisition_default,False,"Text core is not an independent audience; use manual intent verdict, no MAX/sum universe",KW-e5898b9d715f
ganar dinero por transferencia bancaria,1,E07,assisted_or_service_only,assisted_or_service_only,False,"Text core is not an independent audience; use manual intent verdict, no MAX/sum universe",KW-fb55f604d0a1
ganar intereses en el banco,1,X04,excluded_or_manual_review,excluded_or_manual_review,False,"Text core is not an independent audience; use manual intent verdict, no MAX/sum universe",KW-448f37e86578
gasolinera cercana de mi,1,X04,excluded_or_manual_review,excluded_or_manual_review,False,"Text core is not an independent audience; use manual intent verdict, no MAX/sum universe",KW-953795d7682c
gastos innecesarios,1,X04,excluded_or_manual_review,excluded_or_manual_review,False,"Text core is not an independent audience; use manual intent verdict, no MAX/sum universe",KW-85d631f8fd99
global bank cuenta de ahorro,1,X01,not_acquisition_default,not_acquisition_default,False,"Text core is not an independent audience; use manual intent verdict, no MAX/sum universe",KW-fdd36ec2aeff
global66 cuenta en dolares,1,X02,product_launch_required,product_launch_required,False,"Text core is not an independent audience; use manual intent verdict, no MAX/sum universe",KW-1a43488b5020
globos numero 12,1,X04,excluded_or_manual_review,excluded_or_manual_review,False,"Text core is not an independent audience; use manual intent verdict, no MAX/sum universe",KW-a0931b2e0e8f
grati,1,X04,excluded_or_manual_review,excluded_or_manual_review,False,"Text core is not an independent audience; use manual intent verdict, no MAX/sum universe",KW-ce8cab7b9f36
gratificaciones 2025,1,X03,excluded,excluded,False,"Text core is not an independent audience; use manual intent verdict, no MAX/sum universe",KW-f65c438006b9
gratificación,2,X03,excluded,excluded,False,"Text core is not an independent audience; use manual intent verdict, no MAX/sum universe",KW-a4508e8a810c;KW-ebac71319b1d
gratificación 2026,1,X03,excluded,excluded,False,"Text core is not an independent audience; use manual intent verdict, no MAX/sum universe",KW-02d5c54da6de
gratificación diciembre 2025,1,X03,excluded,excluded,False,"Text core is not an independent audience; use manual intent verdict, no MAX/sum universe",KW-dfcedd2f0d59
gratificación julio 2026,1,X03,excluded,excluded,False,"Text core is not an independent audience; use manual intent verdict, no MAX/sum universe",KW-393e2867eaaa
habilitar cuenta en dolares banco nacion,1,X01,not_acquisition_default,not_acquisition_default,False,"Text core is not an independent audience; use manual intent verdict, no MAX/sum universe",KW-1befb880de1b
hacer transferencia bancaria internacional,1,X03,excluded,excluded,False,"Text core is not an independent audience; use manual intent verdict, no MAX/sum universe",KW-9b7cca9299c7
hacer transferencia bancaria por cajero automatico,1,E07,assisted_or_service_only,assisted_or_service_only,False,"Text core is not an independent audience; use manual intent verdict, no MAX/sum universe",KW-fba5af9920c8
hacer transferencia bcp sin token,1,X01,not_acquisition_default,not_acquisition_default,False,"Text core is not an independent audience; use manual intent verdict, no MAX/sum universe",KW-7f7e19cdab3f
hacer una transferencia bancaria,2,E07,assisted_or_service_only,assisted_or_service_only,False,"Text core is not an independent audience; use manual intent verdict, no MAX/sum universe",KW-862a9aeb45f5;KW-e9d542b903d4
hacer una transferencia bancaria en ingles,1,X01,not_acquisition_default,not_acquisition_default,False,"Text core is not an independent audience; use manual intent verdict, no MAX/sum universe",KW-468864d3aff5
hasta cuando se puede retirar la cts,1,X03,excluded,excluded,False,"Text core is not an independent audience; use manual intent verdict, no MAX/sum universe",KW-87d8fbcb9373
hazlo por mí,1,X04,excluded_or_manual_review,excluded_or_manual_review,False,"Text core is not an independent audience; use manual intent verdict, no MAX/sum universe",KW-31f25beac3fc
hice una transferencia bancaria y me estafaron,1,E07,assisted_or_service_only,assisted_or_service_only,False,"Text core is not an independent audience; use manual intent verdict, no MAX/sum universe",KW-9e35c8083c8c
hice una transferencia bancaria y me estafaron méxico,1,X03,excluded,excluded,False,"Text core is not an independent audience; use manual intent verdict, no MAX/sum universe",KW-68d51c5d88d4
hice una transferencia bancaria y no se acreditó,1,X03,excluded,excluded,False,"Text core is not an independent audience; use manual intent verdict, no MAX/sum universe",KW-40caea76fff3
hijos de ventanilla zona 4,1,X04,excluded_or_manual_review,excluded_or_manual_review,False,"Text core is not an independent audience; use manual intent verdict, no MAX/sum universe",KW-247da7319bc7
https www viabcp com cuentas cuenta digital,1,X01,not_acquisition_default,not_acquisition_default,False,"Text core is not an independent audience; use manual intent verdict, no MAX/sum universe",KW-19c24bf0e060
hábitat cerca de mí,1,X04,excluded_or_manual_review,excluded_or_manual_review,False,"Text core is not an independent audience; use manual intent verdict, no MAX/sum universe",KW-e2ce4d24aa3d
iban bcp,1,X01,not_acquisition_default,not_acquisition_default,False,"Text core is not an independent audience; use manual intent verdict, no MAX/sum universe",KW-3f1b1b86a667
ideas de como ahorrar dinero,1,E10,assisted_only,assisted_only,False,"Text core is not an independent audience; use manual intent verdict, no MAX/sum universe",KW-ec79556b57f8
imagenes de como ahorrar dinero,1,E10,assisted_only,assisted_only,False,"Text core is not an independent audience; use manual intent verdict, no MAX/sum universe",KW-e64c342ae1c9
importancia del ahorro,1,X04,excluded_or_manual_review,excluded_or_manual_review,False,"Text core is not an independent audience; use manual intent verdict, no MAX/sum universe",KW-194eb8fdcc26
impuesto por transferencia bancaria 2020 méxico,1,X03,excluded,excluded,False,"Text core is not an independent audience; use manual intent verdict, no MAX/sum universe",KW-abbc8b83cf39
impuestos por transferencia bancaria internacional,1,X03,excluded,excluded,False,"Text core is not an independent audience; use manual intent verdict, no MAX/sum universe",KW-aa3305b79cd6
imágenes de ahorrar agua,1,X03,excluded,excluded,False,"Text core is not an independent audience; use manual intent verdict, no MAX/sum universe",KW-6b5436120317
ingenieria civil cuanto ganan,1,X01,not_acquisition_default,not_acquisition_default,False,"Text core is not an independent audience; use manual intent verdict, no MAX/sum universe",KW-9e5dcdc38a6c
ingresar a mi cuenta digital bbva,1,X01,not_acquisition_default,not_acquisition_default,False,"Text core is not an independent audience; use manual intent verdict, no MAX/sum universe",KW-8a89fca2f70e
inmediato,1,X04,excluded_or_manual_review,excluded_or_manual_review,False,"Text core is not an independent audience; use manual intent verdict, no MAX/sum universe",KW-dd5e23ce6ad9
inmovilizado,1,X04,excluded_or_manual_review,excluded_or_manual_review,False,"Text core is not an independent audience; use manual intent verdict, no MAX/sum universe",KW-7623ae4d96e5
instalar yape,2,X01,not_acquisition_default,not_acquisition_default,False,"Text core is not an independent audience; use manual intent verdict, no MAX/sum universe",KW-438cb95e4d2f;KW-ddd64f5b74e6
instalar yape con dni,1,X01,not_acquisition_default,not_acquisition_default,False,"Text core is not an independent audience; use manual intent verdict, no MAX/sum universe",KW-69e7ac589b4d
intel digital hub crear cuenta,1,C02,conditional_not_default,conditional_not_default,False,"Text core is not an independent audience; use manual intent verdict, no MAX/sum universe",KW-6d386d8c1320
interbancaria,1,E06,assisted_or_service_only,assisted_or_service_only,False,"Text core is not an independent audience; use manual intent verdict, no MAX/sum universe",KW-610b5778dfa0
interbank afp,1,X01,not_acquisition_default,not_acquisition_default,False,"Text core is not an independent audience; use manual intent verdict, no MAX/sum universe",KW-ffa8ba56f675
interbank cuenta de ahorros,4,C05,competitor_consideration_requires_serp,competitor_consideration_requires_serp,False,"Text core is not an independent audience; use manual intent verdict, no MAX/sum universe",KW-a77152c10b5e;KW-9a4a11a8dc49;KW-9ed67132afab;KW-2c013ce4cac8
interbank cuenta de ahorros a plazo fijo,2,X01,not_acquisition_default,not_acquisition_default,False,"Text core is not an independent audience; use manual intent verdict, no MAX/sum universe",KW-b7f29b6c1119;KW-0c6202dddce3
interbank cuenta de ahorros cero mantenimiento,1,C05,competitor_consideration_requires_serp,competitor_consideration_requires_serp,False,"Text core is not an independent audience; use manual intent verdict, no MAX/sum universe",KW-805c32becc49
interbank cuenta de ahorros empresa,2,X01,not_acquisition_default,not_acquisition_default,False,"Text core is not an independent audience; use manual intent verdict, no MAX/sum universe",KW-d956d7181920;KW-25486c5f1ebc
interbank cuenta empresa digital,7,X01,not_acquisition_default,not_acquisition_default,False,"Text core is not an independent audience; use manual intent verdict, no MAX/sum universe",KW-087dec5daeb3;KW-f4dc26c9b9ef;KW-cd25fa1e7dba;KW-44edb807e0e5;KW-4f9bfb35320e;KW-00ba3f3730a9;KW-e23e4df6a3ae
interbank cuenta joven,2,X01,not_acquisition_default,not_acquisition_default,False,"Text core is not an independent audience; use manual intent verdict, no MAX/sum universe",KW-f75c981c6f49;KW-7434d3bce2df
interbank cuenta negocios digital,4,X01,not_acquisition_default,not_acquisition_default,False,"Text core is not an independent audience; use manual intent verdict, no MAX/sum universe",KW-7be5ce24ac2a;KW-c8c4e5d57e4f;KW-777d4e4ab3a8;KW-02a59e874703
interbank plazo fijo simulador,1,X01,not_acquisition_default,not_acquisition_default,False,"Text core is not an independent audience; use manual intent verdict, no MAX/sum universe",KW-b7532ce5b3ca
interes a plazo fijo,2,X04,excluded_or_manual_review,excluded_or_manual_review,False,"Text core is not an independent audience; use manual intent verdict, no MAX/sum universe",KW-261f52ce6128;KW-194a3aa35175
interes en cuenta de ahorro,1,A02,market_proxy_sensitivity,market_proxy_sensitivity,False,"Text core is not an independent audience; use manual intent verdict, no MAX/sum universe",KW-65deae40b4d4
intereses a plazo fijo,1,X04,excluded_or_manual_review,excluded_or_manual_review,False,"Text core is not an independent audience; use manual intent verdict, no MAX/sum universe",KW-174585759705
intereses cuenta de ahorro davivienda,1,X01,not_acquisition_default,not_acquisition_default,False,"Text core is not an independent audience; use manual intent verdict, no MAX/sum universe",KW-9280dbfcfd30
intereses cuenta de ahorros av villas,1,X01,not_acquisition_default,not_acquisition_default,False,"Text core is not an independent audience; use manual intent verdict, no MAX/sum universe",KW-46097ddabe6f
intereses cuenta de ahorros bac,1,X04,excluded_or_manual_review,excluded_or_manual_review,False,"Text core is not an independent audience; use manual intent verdict, no MAX/sum universe",KW-65a48c3dbe17
intereses cuenta de ahorros bancolombia,2,X01,not_acquisition_default,not_acquisition_default,False,"Text core is not an independent audience; use manual intent verdict, no MAX/sum universe",KW-ee8a21ff2d50;KW-c711a793093f
intereses cuenta de ahorros bcr,1,X04,excluded_or_manual_review,excluded_or_manual_review,False,"Text core is not an independent audience; use manual intent verdict, no MAX/sum universe",KW-10204d013314
intereses cuenta de ahorros colombia,1,X03,excluded,excluded,False,"Text core is not an independent audience; use manual intent verdict, no MAX/sum universe",KW-fa5e1c51bc7f
intereses cuenta de ahorros falabella,1,C05,competitor_consideration_requires_serp,competitor_consideration_requires_serp,False,"Text core is not an independent audience; use manual intent verdict, no MAX/sum universe",KW-b8e8ba15f50f
intereses cuenta de ahorros nubank,1,X01,not_acquisition_default,not_acquisition_default,False,"Text core is not an independent audience; use manual intent verdict, no MAX/sum universe",KW-5a0e89ba7d51
intereses cuenta de ahorros pibank,1,B01,own_brand_baseline_required,own_brand_baseline_required,False,"Text core is not an independent audience; use manual intent verdict, no MAX/sum universe",KW-bc45c1d6d1ce
intereses cuenta de ahorros puc,1,X04,excluded_or_manual_review,excluded_or_manual_review,False,"Text core is not an independent audience; use manual intent verdict, no MAX/sum universe",KW-f0ad63653bbd
intereses de cuenta de ahorros nu,2,X04,excluded_or_manual_review,excluded_or_manual_review,False,"Text core is not an independent audience; use manual intent verdict, no MAX/sum universe",KW-0b4eab16857e;KW-8428c524fa15
interés,1,C04,no_default_mixed_intent,no_default_mixed_intent,False,"Text core is not an independent audience; use manual intent verdict, no MAX/sum universe",KW-2a87f5fd0278
interés de cuenta de ahorro,6,A02,market_proxy_sensitivity,market_proxy_sensitivity,False,"Text core is not an independent audience; use manual intent verdict, no MAX/sum universe",KW-c38dff57a1eb;KW-be2daeab23f6;KW-a9da50772890;KW-2a790d8e0e07;KW-6b9f83ad05a0;KW-8a4c932414df
interés revolvente,1,X04,excluded_or_manual_review,excluded_or_manual_review,False,"Text core is not an independent audience; use manual intent verdict, no MAX/sum universe",KW-503febb0f88a
invert,1,X04,excluded_or_manual_review,excluded_or_manual_review,False,"Text core is not an independent audience; use manual intent verdict, no MAX/sum universe",KW-bf807dbe9a88
invertir dinero,1,X04,excluded_or_manual_review,excluded_or_manual_review,False,"Text core is not an independent audience; use manual intent verdict, no MAX/sum universe",KW-b2b2c0b77a9a
invitacion digital con cuenta regresiva gratis,1,C02,conditional_not_default,conditional_not_default,False,"Text core is not an independent audience; use manual intent verdict, no MAX/sum universe",KW-3ddde1c7bd3c
itf que es,2,X04,excluded_or_manual_review,excluded_or_manual_review,False,"Text core is not an independent audience; use manual intent verdict, no MAX/sum universe",KW-8dd79c1eafc1;KW-9e78736aee1d
kebab cerca de mí,1,X04,excluded_or_manual_review,excluded_or_manual_review,False,"Text core is not an independent audience; use manual intent verdict, no MAX/sum universe",KW-75ed91c2aff8
khipu transferencia bancaria,1,E07,assisted_or_service_only,assisted_or_service_only,False,"Text core is not an independent audience; use manual intent verdict, no MAX/sum universe",KW-cc4876d8f9ac
la cuenta de ahorros nu cobra 4x1000,1,X04,excluded_or_manual_review,excluded_or_manual_review,False,"Text core is not an independent audience; use manual intent verdict, no MAX/sum universe",KW-2936cca9a6c6
la cuenta digital bcp tiene tarjeta,1,X03,excluded,excluded,False,"Text core is not an independent audience; use manual intent verdict, no MAX/sum universe",KW-28cc7d81467b
la cuenta digital scotiabank tiene tarjeta,1,X03,excluded,excluded,False,"Text core is not an independent audience; use manual intent verdict, no MAX/sum universe",KW-95e0c05c3b66
la cuenta en dolares de naranja x tiene costo,1,X02,product_launch_required,product_launch_required,False,"Text core is not an independent audience; use manual intent verdict, no MAX/sum universe",KW-220277d9155b
la cuenta sueldo es una cuenta de ahorros,2,X04,excluded_or_manual_review,excluded_or_manual_review,False,"Text core is not an independent audience; use manual intent verdict, no MAX/sum universe",KW-db40d3ca2ae8;KW-7df8601782d4
la familia y el ahorro,1,X04,excluded_or_manual_review,excluded_or_manual_review,False,"Text core is not an independent audience; use manual intent verdict, no MAX/sum universe",KW-2b4e9fb814d4
la mejor version de mi,1,X04,excluded_or_manual_review,excluded_or_manual_review,False,"Text core is not an independent audience; use manual intent verdict, no MAX/sum universe",KW-e984305d1067
la moringa para que sirve y como se toma,1,X01,not_acquisition_default,not_acquisition_default,False,"Text core is not an independent audience; use manual intent verdict, no MAX/sum universe",KW-d636d4617c75
la plataforma de la uac cuenta con una biblioteca digital,1,C02,conditional_not_default,conditional_not_default,False,"Text core is not an independent audience; use manual intent verdict, no MAX/sum universe",KW-e5c0f12ce433
la sunat puede embargar mi cuenta de ahorros,1,X03,excluded,excluded,False,"Text core is not an independent audience; use manual intent verdict, no MAX/sum universe",KW-b2874ca0621c
la sunat puede embargar mi cuenta de ahorros 2021,1,X03,excluded,excluded,False,"Text core is not an independent audience; use manual intent verdict, no MAX/sum universe",KW-dc71ab85f7b9
la sunat puede embargar mi cuenta de ahorros 2022,1,X03,excluded,excluded,False,"Text core is not an independent audience; use manual intent verdict, no MAX/sum universe",KW-86f4eb937480
largo plazo,1,X04,excluded_or_manual_review,excluded_or_manual_review,False,"Text core is not an independent audience; use manual intent verdict, no MAX/sum universe",KW-43b4aa95219d
las mejores tasas a plazo fijo,1,X04,excluded_or_manual_review,excluded_or_manual_review,False,"Text core is not an independent audience; use manual intent verdict, no MAX/sum universe",KW-2e650144de3b
lavado de carros cerca de mi,1,X04,excluded_or_manual_review,excluded_or_manual_review,False,"Text core is not an independent audience; use manual intent verdict, no MAX/sum universe",KW-48656c519894
leonisa peru cuenta,1,X04,excluded_or_manual_review,excluded_or_manual_review,False,"Text core is not an independent audience; use manual intent verdict, no MAX/sum universe",KW-3164744f6f28
letras de abba super trouper,1,X04,excluded_or_manual_review,excluded_or_manual_review,False,"Text core is not an independent audience; use manual intent verdict, no MAX/sum universe",KW-9e72376c5682
ley 32445,1,X04,excluded_or_manual_review,excluded_or_manual_review,False,"Text core is not an independent audience; use manual intent verdict, no MAX/sum universe",KW-3a686f11ae53
liberación de afp 2025,1,X03,excluded,excluded,False,"Text core is not an independent audience; use manual intent verdict, no MAX/sum universe",KW-4994827ba723
liga de la justicia ilimitada,1,X04,excluded_or_manual_review,excluded_or_manual_review,False,"Text core is not an independent audience; use manual intent verdict, no MAX/sum universe",KW-f2457d5f4ec5
limite de cuenta digital bbva,2,X01,not_acquisition_default,not_acquisition_default,False,"Text core is not an independent audience; use manual intent verdict, no MAX/sum universe",KW-cf85e8012c9e;KW-41b1be5e64d3
limite de transferencia bcp,1,X01,not_acquisition_default,not_acquisition_default,False,"Text core is not an independent audience; use manual intent verdict, no MAX/sum universe",KW-cbc017a00133
linea 100 peru,1,X04,excluded_or_manual_review,excluded_or_manual_review,False,"Text core is not an independent audience; use manual intent verdict, no MAX/sum universe",KW-442685d26e2e
link para abrir cuenta digital banco de venezuela,1,X03,excluded,excluded,False,"Text core is not an independent audience; use manual intent verdict, no MAX/sum universe",KW-5e44a5b15e92
lista de ganadores scotiabank,1,X01,not_acquisition_default,not_acquisition_default,False,"Text core is not an independent audience; use manual intent verdict, no MAX/sum universe",KW-6d91d3488b06
lista de ganadores súper cuenta scotiabank,1,X01,not_acquisition_default,not_acquisition_default,False,"Text core is not an independent audience; use manual intent verdict, no MAX/sum universe",KW-d1e622f10767
logo de transferencia bancaria,1,E07,assisted_or_service_only,assisted_or_service_only,False,"Text core is not an independent audience; use manual intent verdict, no MAX/sum universe",KW-5725d8d0d019
luces de emergencia señal,1,X04,excluded_or_manual_review,excluded_or_manual_review,False,"Text core is not an independent audience; use manual intent verdict, no MAX/sum universe",KW-60ea91face52
límite transferencia bancaria por homebanking,1,X01,not_acquisition_default,not_acquisition_default,False,"Text core is not an independent audience; use manual intent verdict, no MAX/sum universe",KW-49998aaba049
límite transferencia bancaria por homebanking bancor,1,X01,not_acquisition_default,not_acquisition_default,False,"Text core is not an independent audience; use manual intent verdict, no MAX/sum universe",KW-61a5261e4dab
mancomunada,2,X03,excluded,excluded,False,"Text core is not an independent audience; use manual intent verdict, no MAX/sum universe",KW-c00c6a86d032;KW-22bdd356dec0
matico beneficios,1,X04,excluded_or_manual_review,excluded_or_manual_review,False,"Text core is not an independent audience; use manual intent verdict, no MAX/sum universe",KW-e79caadfd6c6
me depositaron y no aparece en mi cuenta bcp,1,X01,not_acquisition_default,not_acquisition_default,False,"Text core is not an independent audience; use manual intent verdict, no MAX/sum universe",KW-cd7f7e95b9a2
me estafaron con una transferencia bancaria,1,E07,assisted_or_service_only,assisted_or_service_only,False,"Text core is not an independent audience; use manual intent verdict, no MAX/sum universe",KW-674f31cf5079
me estafaron con una transferencia bancaria argentina,1,X03,excluded,excluded,False,"Text core is not an independent audience; use manual intent verdict, no MAX/sum universe",KW-bbe0ee81a3dd
me pueden embargar mi cuenta de ahorros,1,X04,excluded_or_manual_review,excluded_or_manual_review,False,"Text core is not an independent audience; use manual intent verdict, no MAX/sum universe",KW-55842f43a9ce
me pueden embargar mi cuenta de ahorros perú,1,X04,excluded_or_manual_review,excluded_or_manual_review,False,"Text core is not an independent audience; use manual intent verdict, no MAX/sum universe",KW-51231a9b0fb4
mediante transferencia bancaria,1,E07,assisted_or_service_only,assisted_or_service_only,False,"Text core is not an independent audience; use manual intent verdict, no MAX/sum universe",KW-a2312d961daf
medio de pago transferencia bancaria,1,E07,assisted_or_service_only,assisted_or_service_only,False,"Text core is not an independent audience; use manual intent verdict, no MAX/sum universe",KW-f8d8cc40b9c9
medios de pago internacionales transferencia bancaria,1,X03,excluded,excluded,False,"Text core is not an independent audience; use manual intent verdict, no MAX/sum universe",KW-8e52b4ee6e7e
mejor banco para abrir cuenta de ahorros,1,A05,market_proxy_pending_serp,market_proxy_pending_serp,False,"Text core is not an independent audience; use manual intent verdict, no MAX/sum universe",KW-0aceb17ce538
mejor banco para ahorrar a plazo fijo,1,X04,excluded_or_manual_review,excluded_or_manual_review,False,"Text core is not an independent audience; use manual intent verdict, no MAX/sum universe",KW-09228ab20204
mejor banco para ahorrar en bolivia,1,X03,excluded,excluded,False,"Text core is not an independent audience; use manual intent verdict, no MAX/sum universe",KW-55df452689e9
mejor banco para ahorrar en chile,1,X03,excluded,excluded,False,"Text core is not an independent audience; use manual intent verdict, no MAX/sum universe",KW-a5cf7ec5f1c2
mejor banco para ahorrar en chile 2022,1,X03,excluded,excluded,False,"Text core is not an independent audience; use manual intent verdict, no MAX/sum universe",KW-1b5ef1169420
mejor banco para ahorrar en dolares,1,X02,product_launch_required,product_launch_required,False,"Text core is not an independent audience; use manual intent verdict, no MAX/sum universe",KW-091298e6d1cf
mejor banco para ahorrar en dolares peru,1,X02,product_launch_required,product_launch_required,False,"Text core is not an independent audience; use manual intent verdict, no MAX/sum universe",KW-64aeff01072a
mejor banco para ahorrar en panamá,1,X03,excluded,excluded,False,"Text core is not an independent audience; use manual intent verdict, no MAX/sum universe",KW-1e6eed4dfc70
mejor banco para ahorrar peru 2018,1,X04,excluded_or_manual_review,excluded_or_manual_review,False,"Text core is not an independent audience; use manual intent verdict, no MAX/sum universe",KW-3d7a4420cddb
mejor banco para ahorrar peru 2019,1,X04,excluded_or_manual_review,excluded_or_manual_review,False,"Text core is not an independent audience; use manual intent verdict, no MAX/sum universe",KW-a040f2a32e3e
mejor banco para ahorrar perú 2020,1,X04,excluded_or_manual_review,excluded_or_manual_review,False,"Text core is not an independent audience; use manual intent verdict, no MAX/sum universe",KW-f4b429307f1b
mejor banco para cuenta ahorro,1,X04,excluded_or_manual_review,excluded_or_manual_review,False,"Text core is not an independent audience; use manual intent verdict, no MAX/sum universe",KW-8af469d6c71f
mejor banco para cuenta de ahorros,1,X04,excluded_or_manual_review,excluded_or_manual_review,False,"Text core is not an independent audience; use manual intent verdict, no MAX/sum universe",KW-72f6e346f80a
mejor banco para cuenta de ahorros peru,1,X04,excluded_or_manual_review,excluded_or_manual_review,False,"Text core is not an independent audience; use manual intent verdict, no MAX/sum universe",KW-a521686c9dd8
mejor banco para cuenta en dolares,1,X02,product_launch_required,product_launch_required,False,"Text core is not an independent audience; use manual intent verdict, no MAX/sum universe",KW-902cf0cba848
mejor cuenta de ahorro 2023,1,X04,excluded_or_manual_review,excluded_or_manual_review,False,"Text core is not an independent audience; use manual intent verdict, no MAX/sum universe",KW-ac0236b34e5e
mejor cuenta de ahorros 2024,1,X04,excluded_or_manual_review,excluded_or_manual_review,False,"Text core is not an independent audience; use manual intent verdict, no MAX/sum universe",KW-25923ab9a6d4
mejor cuenta de ahorros dolares,1,X02,product_launch_required,product_launch_required,False,"Text core is not an independent audience; use manual intent verdict, no MAX/sum universe",KW-64c78dca9946
mejor cuenta de ahorros en dolares peru,2,X02,product_launch_required,product_launch_required,False,"Text core is not an independent audience; use manual intent verdict, no MAX/sum universe",KW-7e2a247d9d7f;KW-8d56e0f1fdf6
mejor cuenta de ahorros peru 2023,1,X04,excluded_or_manual_review,excluded_or_manual_review,False,"Text core is not an independent audience; use manual intent verdict, no MAX/sum universe",KW-7bf80907ca7b
mejor cuenta de ahorros peru 2024,2,X04,excluded_or_manual_review,excluded_or_manual_review,False,"Text core is not an independent audience; use manual intent verdict, no MAX/sum universe",KW-10a9779affef;KW-8947d2a1f3e4
mejor cuenta de ahorros perú 2022,1,X04,excluded_or_manual_review,excluded_or_manual_review,False,"Text core is not an independent audience; use manual intent verdict, no MAX/sum universe",KW-5d2bdf08d975
mejor cuenta de ahorros usa,1,X03,excluded,excluded,False,"Text core is not an independent audience; use manual intent verdict, no MAX/sum universe",KW-9acbc7528ee0
mejor cuenta digital 2022,1,C02,conditional_not_default,conditional_not_default,False,"Text core is not an independent audience; use manual intent verdict, no MAX/sum universe",KW-89875a4acf2f
mejor cuenta en dolares,1,X02,product_launch_required,product_launch_required,False,"Text core is not an independent audience; use manual intent verdict, no MAX/sum universe",KW-6fced1673a8d
mejor cuenta en dolares peru,1,X02,product_launch_required,product_launch_required,False,"Text core is not an independent audience; use manual intent verdict, no MAX/sum universe",KW-4b6d7e270c4b
mejor tasa de interes a plazo fijo,1,X04,excluded_or_manual_review,excluded_or_manual_review,False,"Text core is not an independent audience; use manual intent verdict, no MAX/sum universe",KW-fc4f531d79a4
mejores bancos de mexico para ahorrar,1,X03,excluded,excluded,False,"Text core is not an independent audience; use manual intent verdict, no MAX/sum universe",KW-a0bed3bbc00a
mejores bancos para ahorrar,1,A05,market_proxy_pending_serp,market_proxy_pending_serp,False,"Text core is not an independent audience; use manual intent verdict, no MAX/sum universe",KW-0ea751023d78
mejores bancos para ahorrar peru,4,A05;X04,mixed_requires_split,excluded_or_manual_review;market_proxy_pending_serp,False,"Text core is not an independent audience; use manual intent verdict, no MAX/sum universe",KW-c9ce42c6c6a9;KW-193239aa2c10;KW-22a8367df7a7;KW-4cde3ddddf07
mejores cuentas de ahorro,3,A04;X04,mixed_requires_split,excluded_or_manual_review;market_proxy_sensitivity,False,"Text core is not an independent audience; use manual intent verdict, no MAX/sum universe",KW-981f2c7219d0;KW-1026a648be0d;KW-5edb7fb01447
mejores cuentas de ahorro 2026,1,X04,excluded_or_manual_review,excluded_or_manual_review,False,"Text core is not an independent audience; use manual intent verdict, no MAX/sum universe",KW-5fea4915faa8
mejores cuentas de ahorro peru,3,A04;X04,mixed_requires_split,excluded_or_manual_review;market_proxy_sensitivity,False,"Text core is not an independent audience; use manual intent verdict, no MAX/sum universe",KW-974c64f06941;KW-3b96022cc257;KW-6a85782fedfa
mejores cuentas de ahorro peru 2026,1,A04,market_proxy_sensitivity,market_proxy_sensitivity,False,"Text core is not an independent audience; use manual intent verdict, no MAX/sum universe",KW-27b87256b838
menaje,1,X03,excluded,excluded,False,"Text core is not an independent audience; use manual intent verdict, no MAX/sum universe",KW-22fb2883d0f0
menaje de cocina,1,X03,excluded,excluded,False,"Text core is not an independent audience; use manual intent verdict, no MAX/sum universe",KW-16947e5ce8ac
mensaje de cumpleaños para un amigo súper especial,1,X04,excluded_or_manual_review,excluded_or_manual_review,False,"Text core is not an independent audience; use manual intent verdict, no MAX/sum universe",KW-42561d9e083b
mercado pago transferencia bancaria,1,E07,assisted_or_service_only,assisted_or_service_only,False,"Text core is not an independent audience; use manual intent verdict, no MAX/sum universe",KW-cf644b2d429c
meru cuenta en dolares venezuela,1,X03,excluded,excluded,False,"Text core is not an independent audience; use manual intent verdict, no MAX/sum universe",KW-df96fdd74e37
mi banco ahorro a plazo fijo,1,X01,not_acquisition_default,not_acquisition_default,False,"Text core is not an independent audience; use manual intent verdict, no MAX/sum universe",KW-6ca6ba9301fb
mi banco ahorro a plazo fijo 2025,1,X01,not_acquisition_default,not_acquisition_default,False,"Text core is not an independent audience; use manual intent verdict, no MAX/sum universe",KW-9b0e1f72d883
mi banco cuenta,1,X01,not_acquisition_default,not_acquisition_default,False,"Text core is not an independent audience; use manual intent verdict, no MAX/sum universe",KW-2b4465e23417
mi banco cuenta digital,1,X01,not_acquisition_default,not_acquisition_default,False,"Text core is not an independent audience; use manual intent verdict, no MAX/sum universe",KW-d47565c1f3cf
mi banco prestamo para negocio,1,X01,not_acquisition_default,not_acquisition_default,False,"Text core is not an independent audience; use manual intent verdict, no MAX/sum universe",KW-d2f507cba965
mi banco préstamos simulador,1,X01,not_acquisition_default,not_acquisition_default,False,"Text core is not an independent audience; use manual intent verdict, no MAX/sum universe",KW-2bb12184cb7d
mi cuenta bcp digital,1,X01,not_acquisition_default,not_acquisition_default,False,"Text core is not an independent audience; use manual intent verdict, no MAX/sum universe",KW-290a2075c3d2
mi cuenta de ahorros,1,X04,excluded_or_manual_review,excluded_or_manual_review,False,"Text core is not an independent audience; use manual intent verdict, no MAX/sum universe",KW-808cdcdb71f9
mi cuenta de ahorros banco del pichincha,1,C05,competitor_consideration_requires_serp,competitor_consideration_requires_serp,False,"Text core is not an independent audience; use manual intent verdict, no MAX/sum universe",KW-5f2e7bf12ee6
mi cuenta de ahorros bcp,2,C05,competitor_consideration_requires_serp,competitor_consideration_requires_serp,False,"Text core is not an independent audience; use manual intent verdict, no MAX/sum universe",KW-83938025027f;KW-0c49a3538f9e
mi cuenta digital bcp,1,X01,not_acquisition_default,not_acquisition_default,False,"Text core is not an independent audience; use manual intent verdict, no MAX/sum universe",KW-3911b900c5e3
mi estado de cuenta afp integra,1,X03,excluded,excluded,False,"Text core is not an independent audience; use manual intent verdict, no MAX/sum universe",KW-b232c06b9c35
mi numero de cuenta bcp,1,X01,not_acquisition_default,not_acquisition_default,False,"Text core is not an independent audience; use manual intent verdict, no MAX/sum universe",KW-064f265fc4bf
mi número de cuenta,1,X04,excluded_or_manual_review,excluded_or_manual_review,False,"Text core is not an independent audience; use manual intent verdict, no MAX/sum universe",KW-af2fb4148937
mi yape,1,X01,not_acquisition_default,not_acquisition_default,False,"Text core is not an independent audience; use manual intent verdict, no MAX/sum universe",KW-9256adcb36a8
mibanco cuenta de ahorros,3,C05,competitor_consideration_requires_serp,competitor_consideration_requires_serp,False,"Text core is not an independent audience; use manual intent verdict, no MAX/sum universe",KW-059a43a5f1be;KW-a9163920fe62;KW-44fad10039ea
mibanco plazo fijo dólares,1,X01,not_acquisition_default,not_acquisition_default,False,"Text core is not an independent audience; use manual intent verdict, no MAX/sum universe",KW-65b6462c5ad7
migrar a cuenta digital bcp,1,X01,not_acquisition_default,not_acquisition_default,False,"Text core is not an independent audience; use manual intent verdict, no MAX/sum universe",KW-423238023ba7
mil dólares,1,X04,excluded_or_manual_review,excluded_or_manual_review,False,"Text core is not an independent audience; use manual intent verdict, no MAX/sum universe",KW-f209d31d0a47
modelo carta para cancelar cuenta de ahorros,1,X04,excluded_or_manual_review,excluded_or_manual_review,False,"Text core is not an independent audience; use manual intent verdict, no MAX/sum universe",KW-e1162c2c258c
modelo contrato de arras transferencia bancaria,1,E07,assisted_or_service_only,assisted_or_service_only,False,"Text core is not an independent audience; use manual intent verdict, no MAX/sum universe",KW-ab7936bd3811
modelo de carta de autorizacion para transferencia bancaria,1,E07,assisted_or_service_only,assisted_or_service_only,False,"Text core is not an independent audience; use manual intent verdict, no MAX/sum universe",KW-f143b8933df0
modelo de carta de transferencia bancaria bcp,1,X01,not_acquisition_default,not_acquisition_default,False,"Text core is not an independent audience; use manual intent verdict, no MAX/sum universe",KW-123e0e0a4553
modelo de carta transferencia bancaria,1,E07,assisted_or_service_only,assisted_or_service_only,False,"Text core is not an independent audience; use manual intent verdict, no MAX/sum universe",KW-0fd9c108f476
moneygram,1,X04,excluded_or_manual_review,excluded_or_manual_review,False,"Text core is not an independent audience; use manual intent verdict, no MAX/sum universe",KW-8139e763e2cd
monto del fondo de seguro de deposito,1,E04,assisted_only,assisted_only,False,"Text core is not an independent audience; use manual intent verdict, no MAX/sum universe",KW-5541ac272246
monto máximo de transferencia por app bcp,1,X01,not_acquisition_default,not_acquisition_default,False,"Text core is not an independent audience; use manual intent verdict, no MAX/sum universe",KW-522f5c2f1635
monto máximo de transferencia por cajero bcp,1,X01,not_acquisition_default,not_acquisition_default,False,"Text core is not an independent audience; use manual intent verdict, no MAX/sum universe",KW-a765789e3cbd
motivo de transferencia bancaria,1,E07,assisted_or_service_only,assisted_or_service_only,False,"Text core is not an independent audience; use manual intent verdict, no MAX/sum universe",KW-a2fffcdf6a31
multiplicacion y division de numeros enteros,1,X04,excluded_or_manual_review,excluded_or_manual_review,False,"Text core is not an independent audience; use manual intent verdict, no MAX/sum universe",KW-5561386a5cde
multired consulta,1,X04,excluded_or_manual_review,excluded_or_manual_review,False,"Text core is not an independent audience; use manual intent verdict, no MAX/sum universe",KW-b398e7b2d6f0
multired virtual consulta,2,X04,excluded_or_manual_review,excluded_or_manual_review,False,"Text core is not an independent audience; use manual intent verdict, no MAX/sum universe",KW-ddd7c1314087;KW-aeb3f2938936
mural grupo tyc,1,X04,excluded_or_manual_review,excluded_or_manual_review,False,"Text core is not an independent audience; use manual intent verdict, no MAX/sum universe",KW-34cb4cffe187
mutual estado de cuenta,1,X04,excluded_or_manual_review,excluded_or_manual_review,False,"Text core is not an independent audience; use manual intent verdict, no MAX/sum universe",KW-5c44ebe421ef
n26 cuenta en dólares,1,X02,product_launch_required,product_launch_required,False,"Text core is not an independent audience; use manual intent verdict, no MAX/sum universe",KW-d8cebb5ea5fb
naranja x tiene cuenta en dolares,1,X02,product_launch_required,product_launch_required,False,"Text core is not an independent audience; use manual intent verdict, no MAX/sum universe",KW-695312f2be3e
nequi como cuenta de ahorros,1,X01,not_acquisition_default,not_acquisition_default,False,"Text core is not an independent audience; use manual intent verdict, no MAX/sum universe",KW-e85817cea5a5
nequi cuenta de ahorros o billetera digital,1,X01,not_acquisition_default,not_acquisition_default,False,"Text core is not an independent audience; use manual intent verdict, no MAX/sum universe",KW-df81b2c8949a
nequi cuenta de ahorros o corriente,1,X01,not_acquisition_default,not_acquisition_default,False,"Text core is not an independent audience; use manual intent verdict, no MAX/sum universe",KW-6f229052fd09
nequi es cuenta de ahorro o corriente,1,X01,not_acquisition_default,not_acquisition_default,False,"Text core is not an independent audience; use manual intent verdict, no MAX/sum universe",KW-b99dc4e0d393
neteller transferencia bancaria,1,E07,assisted_or_service_only,assisted_or_service_only,False,"Text core is not an independent audience; use manual intent verdict, no MAX/sum universe",KW-29f9d4ebc308
neteller transferencia bancaria internacional,1,X03,excluded,excluded,False,"Text core is not an independent audience; use manual intent verdict, no MAX/sum universe",KW-87c43337b14c
no puedo abrir cuenta digital banco de venezuela,1,X03,excluded,excluded,False,"Text core is not an independent audience; use manual intent verdict, no MAX/sum universe",KW-b52419318f1d
no puedo abrir cuenta digital bankinter,1,C02,conditional_not_default,conditional_not_default,False,"Text core is not an independent audience; use manual intent verdict, no MAX/sum universe",KW-290a628bea1d
no puedo abrir cuenta digital bbva,1,X01,not_acquisition_default,not_acquisition_default,False,"Text core is not an independent audience; use manual intent verdict, no MAX/sum universe",KW-17a64af9fbf4
nuevo retiro afp,1,X03,excluded,excluded,False,"Text core is not an independent audience; use manual intent verdict, no MAX/sum universe",KW-463cc51b3e1a
numero cero,1,X04,excluded_or_manual_review,excluded_or_manual_review,False,"Text core is not an independent audience; use manual intent verdict, no MAX/sum universe",KW-acec0a9b61f1
numero de cuenta,1,X04,excluded_or_manual_review,excluded_or_manual_review,False,"Text core is not an independent audience; use manual intent verdict, no MAX/sum universe",KW-1eec53ddaed1
numero de cuenta bancaria,1,B03,service_baseline_required,service_baseline_required,False,"Text core is not an independent audience; use manual intent verdict, no MAX/sum universe",KW-7a6a342439b1
numero de cuenta bancaria bcp,1,X01,not_acquisition_default,not_acquisition_default,False,"Text core is not an independent audience; use manual intent verdict, no MAX/sum universe",KW-bac19a51fc66
numero de cuenta banco de la nacion,1,X01,not_acquisition_default,not_acquisition_default,False,"Text core is not an independent audience; use manual intent verdict, no MAX/sum universe",KW-b79bee1b1853
numero de cuenta bbva,1,X01,not_acquisition_default,not_acquisition_default,False,"Text core is not an independent audience; use manual intent verdict, no MAX/sum universe",KW-a891954347d0
numero de cuenta bcp,2,X01,not_acquisition_default,not_acquisition_default,False,"Text core is not an independent audience; use manual intent verdict, no MAX/sum universe",KW-e37b5161f23a;KW-0011550ccab8
numero de cuenta bcp ejemplo,1,X01,not_acquisition_default,not_acquisition_default,False,"Text core is not an independent audience; use manual intent verdict, no MAX/sum universe",KW-1a8d2d349585
numero de cuenta de ahorros bcp,1,C05,competitor_consideration_requires_serp,competitor_consideration_requires_serp,False,"Text core is not an independent audience; use manual intent verdict, no MAX/sum universe",KW-3f76ea47e96a
numero de cuenta de ahorros interbank,1,C05,competitor_consideration_requires_serp,competitor_consideration_requires_serp,False,"Text core is not an independent audience; use manual intent verdict, no MAX/sum universe",KW-2fd6fa2f3778
numero de cuenta interbank,1,X01,not_acquisition_default,not_acquisition_default,False,"Text core is not an independent audience; use manual intent verdict, no MAX/sum universe",KW-d4f757a7f6b1
numero de netflix peru,1,X04,excluded_or_manual_review,excluded_or_manual_review,False,"Text core is not an independent audience; use manual intent verdict, no MAX/sum universe",KW-6ec1df3f0dbf
numero de oncosalud,1,X04,excluded_or_manual_review,excluded_or_manual_review,False,"Text core is not an independent audience; use manual intent verdict, no MAX/sum universe",KW-9d074971b586
numero de pronabec,1,X04,excluded_or_manual_review,excluded_or_manual_review,False,"Text core is not an independent audience; use manual intent verdict, no MAX/sum universe",KW-b240a1e28fd5
numero de yape,2,X01,not_acquisition_default,not_acquisition_default,False,"Text core is not an independent audience; use manual intent verdict, no MAX/sum universe",KW-db1819743225;KW-81051d264a09
numero para transferencia bancaria,1,E07,assisted_or_service_only,assisted_or_service_only,False,"Text core is not an independent audience; use manual intent verdict, no MAX/sum universe",KW-181c3cb2dcf7
numeros cardinales ordinales en ingles,1,X01,not_acquisition_default,not_acquisition_default,False,"Text core is not an independent audience; use manual intent verdict, no MAX/sum universe",KW-c87e8bd330b1
numeros cuanticos principal,1,X04,excluded_or_manual_review,excluded_or_manual_review,False,"Text core is not an independent audience; use manual intent verdict, no MAX/sum universe",KW-fec04209d40d
numeros ganadores de la tinka hoy,1,X04,excluded_or_manual_review,excluded_or_manual_review,False,"Text core is not an independent audience; use manual intent verdict, no MAX/sum universe",KW-6d967011f016
numeros perfectos,1,X04,excluded_or_manual_review,excluded_or_manual_review,False,"Text core is not an independent audience; use manual intent verdict, no MAX/sum universe",KW-ee53e1d90b8c
número de afp prima,1,X01,not_acquisition_default,not_acquisition_default,False,"Text core is not an independent audience; use manual intent verdict, no MAX/sum universe",KW-902fafb2daa0
número de cmr,1,X01,not_acquisition_default,not_acquisition_default,False,"Text core is not an independent audience; use manual intent verdict, no MAX/sum universe",KW-f509fa7dc209
número de la positiva,1,X04,excluded_or_manual_review,excluded_or_manual_review,False,"Text core is not an independent audience; use manual intent verdict, no MAX/sum universe",KW-2cf586f50810
número de ruta cuenta de ahorros banco pichincha,1,X01,not_acquisition_default,not_acquisition_default,False,"Text core is not an independent audience; use manual intent verdict, no MAX/sum universe",KW-000154778f26
número de vuelo latam,1,X04,excluded_or_manual_review,excluded_or_manual_review,False,"Text core is not an independent audience; use manual intent verdict, no MAX/sum universe",KW-4ed96ffd16a7
o comprobantes de consignación bancaria transferencia,1,E07,assisted_or_service_only,assisted_or_service_only,False,"Text core is not an independent audience; use manual intent verdict, no MAX/sum universe",KW-70c759ad4537
obtener cuenta de ahorros bcp,1,C05,competitor_consideration_requires_serp,competitor_consideration_requires_serp,False,"Text core is not an independent audience; use manual intent verdict, no MAX/sum universe",KW-f157dbf43a6c
oh en línea cts,1,X03,excluded,excluded,False,"Text core is not an independent audience; use manual intent verdict, no MAX/sum universe",KW-4b9d5612ff0d
oh financiera cts,1,X01,not_acquisition_default,not_acquisition_default,False,"Text core is not an independent audience; use manual intent verdict, no MAX/sum universe",KW-0ece4e7708dc
onpe cómo saber dónde me toca votar,1,X04,excluded_or_manual_review,excluded_or_manual_review,False,"Text core is not an independent audience; use manual intent verdict, no MAX/sum universe",KW-d9ee06134de6
organizate bcp,1,X01,not_acquisition_default,not_acquisition_default,False,"Text core is not an independent audience; use manual intent verdict, no MAX/sum universe",KW-8e0e7d4ac4fe
osiptel número de celular,1,X01,not_acquisition_default,not_acquisition_default,False,"Text core is not an independent audience; use manual intent verdict, no MAX/sum universe",KW-bfba6b8a6bad
pagar en temu con transferencia bancaria,1,E07,assisted_or_service_only,assisted_or_service_only,False,"Text core is not an independent audience; use manual intent verdict, no MAX/sum universe",KW-e96bec85a8c4
pago a proveedores por transferencia bancaria,1,E07,assisted_or_service_only,assisted_or_service_only,False,"Text core is not an independent audience; use manual intent verdict, no MAX/sum universe",KW-eba7f12532bc
pago de nómina por transferencia bancaria,1,E07,assisted_or_service_only,assisted_or_service_only,False,"Text core is not an independent audience; use manual intent verdict, no MAX/sum universe",KW-ae06f704862f
pago de nómina por transferencia bancaria fundamento legal,1,E07,assisted_or_service_only,assisted_or_service_only,False,"Text core is not an independent audience; use manual intent verdict, no MAX/sum universe",KW-178573a434e9
pago de utilidades,1,X04,excluded_or_manual_review,excluded_or_manual_review,False,"Text core is not an independent audience; use manual intent verdict, no MAX/sum universe",KW-313d990e32b0
pago de utilidades 2025,1,X04,excluded_or_manual_review,excluded_or_manual_review,False,"Text core is not an independent audience; use manual intent verdict, no MAX/sum universe",KW-270f9ad8f8d1
pago de utilidades 2026,2,X04,excluded_or_manual_review,excluded_or_manual_review,False,"Text core is not an independent audience; use manual intent verdict, no MAX/sum universe",KW-2ce5246351dc;KW-46a537a9021a
pago de utilidades 2026 perú,1,X04,excluded_or_manual_review,excluded_or_manual_review,False,"Text core is not an independent audience; use manual intent verdict, no MAX/sum universe",KW-0d66bfc24f52
pago efectivo transferencia bancaria,1,E07,assisted_or_service_only,assisted_or_service_only,False,"Text core is not an independent audience; use manual intent verdict, no MAX/sum universe",KW-7aee7162ac82
pago mensual,3,X04,excluded_or_manual_review,excluded_or_manual_review,False,"Text core is not an independent audience; use manual intent verdict, no MAX/sum universe",KW-825aa3bfa8c8;KW-b03cf39c1934;KW-b5b1ee2269cf
pago por transferencia bancaria,2,E07,assisted_or_service_only,assisted_or_service_only,False,"Text core is not an independent audience; use manual intent verdict, no MAX/sum universe",KW-7fa95cffbb3b;KW-0eefb7264ca5
pago saga falabella,1,X01,not_acquisition_default,not_acquisition_default,False,"Text core is not an independent audience; use manual intent verdict, no MAX/sum universe",KW-11dda41ae027
pago seguro por transferencia bancaria,1,E07,assisted_or_service_only,assisted_or_service_only,False,"Text core is not an independent audience; use manual intent verdict, no MAX/sum universe",KW-5bd4deceb5d8
pagos banco de la nacion,1,X01,not_acquisition_default,not_acquisition_default,False,"Text core is not an independent audience; use manual intent verdict, no MAX/sum universe",KW-22219724fb82
para comprar dolares hay que tener cuenta en dolares,1,X02,product_launch_required,product_launch_required,False,"Text core is not an independent audience; use manual intent verdict, no MAX/sum universe",KW-6cb3d420e670
para hacer una transferencia bancaria internacional que se necesita,1,X03,excluded,excluded,False,"Text core is not an independent audience; use manual intent verdict, no MAX/sum universe",KW-78494a082149
para hacer una transferencia bancaria que necesito,1,E07,assisted_or_service_only,assisted_or_service_only,False,"Text core is not an independent audience; use manual intent verdict, no MAX/sum universe",KW-c714294f3511
para paypal,1,X03,excluded,excluded,False,"Text core is not an independent audience; use manual intent verdict, no MAX/sum universe",KW-afe4d16f403a
para que es importante ahorrar,1,X04,excluded_or_manual_review,excluded_or_manual_review,False,"Text core is not an independent audience; use manual intent verdict, no MAX/sum universe",KW-5b570e3212e2
para que sirve una cuenta de ahorro digital,1,C02,conditional_not_default,conditional_not_default,False,"Text core is not an independent audience; use manual intent verdict, no MAX/sum universe",KW-b9a3ab0e7726
para que sirve una cuenta de ahorros bcp,2,C05,competitor_consideration_requires_serp,competitor_consideration_requires_serp,False,"Text core is not an independent audience; use manual intent verdict, no MAX/sum universe",KW-ae3df955e698;KW-cc93715267cc
para que sirve una cuenta en dolares,2,X02,product_launch_required,product_launch_required,False,"Text core is not an independent audience; use manual intent verdict, no MAX/sum universe",KW-7a4fac6000db;KW-7dc1c6728871
para qué sirven las cuentas de ahorro,1,E01,assisted_only,assisted_only,False,"Text core is not an independent audience; use manual intent verdict, no MAX/sum universe",KW-e72c7bbb8890
para transferencia bancaria que se necesita,1,E07,assisted_or_service_only,assisted_or_service_only,False,"Text core is not an independent audience; use manual intent verdict, no MAX/sum universe",KW-3da5482a13ae
participacion de utilidades,1,X04,excluded_or_manual_review,excluded_or_manual_review,False,"Text core is not an independent audience; use manual intent verdict, no MAX/sum universe",KW-de7ea615fcae
participación,1,X04,excluded_or_manual_review,excluded_or_manual_review,False,"Text core is not an independent audience; use manual intent verdict, no MAX/sum universe",KW-be4e228b716e
pasarela de pago transferencia bancaria,1,E07,assisted_or_service_only,assisted_or_service_only,False,"Text core is not an independent audience; use manual intent verdict, no MAX/sum universe",KW-2d0034e8545d
pasos para abrir cuenta digital bbva,1,X01,not_acquisition_default,not_acquisition_default,False,"Text core is not an independent audience; use manual intent verdict, no MAX/sum universe",KW-4472aa9221a5
pasos para abrir una cuenta de ahorros,1,X04,excluded_or_manual_review,excluded_or_manual_review,False,"Text core is not an independent audience; use manual intent verdict, no MAX/sum universe",KW-ea788a71d5bc
pasos para hacer transferencia bancaria por internet,1,E07,assisted_or_service_only,assisted_or_service_only,False,"Text core is not an independent audience; use manual intent verdict, no MAX/sum universe",KW-699d38a7515b
pasos para hacer una transferencia bancaria desde mi celular,1,E07,assisted_or_service_only,assisted_or_service_only,False,"Text core is not an independent audience; use manual intent verdict, no MAX/sum universe",KW-ee98bc73f1e8
pasos para transferencia bancaria,1,E07,assisted_or_service_only,assisted_or_service_only,False,"Text core is not an independent audience; use manual intent verdict, no MAX/sum universe",KW-cc4c1afa307a
paypal peru,1,X03,excluded,excluded,False,"Text core is not an independent audience; use manual intent verdict, no MAX/sum universe",KW-1706325a0742
pc facil digital recupera tu cuenta de facebook,1,C02,conditional_not_default,conditional_not_default,False,"Text core is not an independent audience; use manual intent verdict, no MAX/sum universe",KW-d504234d0152
pc facil digital recupera tu cuenta de whatsapp,1,C02,conditional_not_default,conditional_not_default,False,"Text core is not an independent audience; use manual intent verdict, no MAX/sum universe",KW-1455c857d9ed
pc fácil digital como recuperar tu cuenta de facebook,1,C02,conditional_not_default,conditional_not_default,False,"Text core is not an independent audience; use manual intent verdict, no MAX/sum universe",KW-f16f68991467
pesos bolivianos a dolares,1,X03,excluded,excluded,False,"Text core is not an independent audience; use manual intent verdict, no MAX/sum universe",KW-202bb945f559
pibank,1,B01,own_brand_baseline_required,own_brand_baseline_required,False,"Text core is not an independent audience; use manual intent verdict, no MAX/sum universe",KW-2321d54752ad
pibank abrir cuenta,1,B01,own_brand_baseline_required,own_brand_baseline_required,False,"Text core is not an independent audience; use manual intent verdict, no MAX/sum universe",KW-f5e4084a0f95
pibank cuenta soles,1,B01,own_brand_baseline_required,own_brand_baseline_required,False,"Text core is not an independent audience; use manual intent verdict, no MAX/sum universe",KW-d6ed9758440e
pibank es seguro,1,B01,own_brand_baseline_required,own_brand_baseline_required,False,"Text core is not an independent audience; use manual intent verdict, no MAX/sum universe",KW-48a17f0b83b9
pibank peru,1,B01,own_brand_baseline_required,own_brand_baseline_required,False,"Text core is not an independent audience; use manual intent verdict, no MAX/sum universe",KW-7dba67ff4d7b
pibank tasa,1,B01,own_brand_baseline_required,own_brand_baseline_required,False,"Text core is not an independent audience; use manual intent verdict, no MAX/sum universe",KW-6760bc873c62
pichincha cuenta de ahorros,2,C05,competitor_consideration_requires_serp,competitor_consideration_requires_serp,False,"Text core is not an independent audience; use manual intent verdict, no MAX/sum universe",KW-7600fac44d0e;KW-c5581bcf33dd
pichincha digital estado de cuenta,2,X01,not_acquisition_default,not_acquisition_default,False,"Text core is not an independent audience; use manual intent verdict, no MAX/sum universe",KW-18590cb92415;KW-02d6a52d76bb
plan de ahorro,2,E10,assisted_only,assisted_only,False,"Text core is not an independent audience; use manual intent verdict, no MAX/sum universe",KW-e596e377b4d6;KW-d84f4baa8aa7
plan de ahorro en soles,1,E10,assisted_only,assisted_only,False,"Text core is not an independent audience; use manual intent verdict, no MAX/sum universe",KW-f77e3175fd26
plan de respuesta a emergencias,1,X04,excluded_or_manual_review,excluded_or_manual_review,False,"Text core is not an independent audience; use manual intent verdict, no MAX/sum universe",KW-f2b02d31ebf2
planes para cuenta de ahorros bancolombia,1,X01,not_acquisition_default,not_acquisition_default,False,"Text core is not an independent audience; use manual intent verdict, no MAX/sum universe",KW-f900b8254a06
plantilla de ahorro 10 millones pdf gratis,1,X04,excluded_or_manual_review,excluded_or_manual_review,False,"Text core is not an independent audience; use manual intent verdict, no MAX/sum universe",KW-bc797e52cd63
plantilla de ahorro 20 millones en 1 año,1,X04,excluded_or_manual_review,excluded_or_manual_review,False,"Text core is not an independent audience; use manual intent verdict, no MAX/sum universe",KW-0a73e66346c8
plantillas de ahorro pdf gratis,1,X04,excluded_or_manual_review,excluded_or_manual_review,False,"Text core is not an independent audience; use manual intent verdict, no MAX/sum universe",KW-91bc58da57c8
plantillas de ahorro programado para imprimir,1,X04,excluded_or_manual_review,excluded_or_manual_review,False,"Text core is not an independent audience; use manual intent verdict, no MAX/sum universe",KW-a33db311c16b
plantillas para ahorrar dinero 10 millones,1,E10,assisted_only,assisted_only,False,"Text core is not an independent audience; use manual intent verdict, no MAX/sum universe",KW-4a09151c556d
plantillas para ahorrar dinero 5 millones,1,E10,assisted_only,assisted_only,False,"Text core is not an independent audience; use manual intent verdict, no MAX/sum universe",KW-dac03d652aa1
plantillas para ahorrar dinero excel gratis,1,E10,assisted_only,assisted_only,False,"Text core is not an independent audience; use manual intent verdict, no MAX/sum universe",KW-8aa3900582e6
plantillas para ahorrar dinero mensual,1,E10,assisted_only,assisted_only,False,"Text core is not an independent audience; use manual intent verdict, no MAX/sum universe",KW-4b6d70b8398e
plazo fijo bancos,1,X04,excluded_or_manual_review,excluded_or_manual_review,False,"Text core is not an independent audience; use manual intent verdict, no MAX/sum universe",KW-b086170d3e44
plazo fijo bbva,2,X01,not_acquisition_default,not_acquisition_default,False,"Text core is not an independent audience; use manual intent verdict, no MAX/sum universe",KW-d66b00f4c87e;KW-e1dddb484089
plazo fijo bcp,1,X01,not_acquisition_default,not_acquisition_default,False,"Text core is not an independent audience; use manual intent verdict, no MAX/sum universe",KW-14bec10c3ac7
plazo fijo de dolares,1,X04,excluded_or_manual_review,excluded_or_manual_review,False,"Text core is not an independent audience; use manual intent verdict, no MAX/sum universe",KW-ba66376bb405
plazo fijo en dólares perú,1,X04,excluded_or_manual_review,excluded_or_manual_review,False,"Text core is not an independent audience; use manual intent verdict, no MAX/sum universe",KW-fe19c26d9dd2
plazo fijo falabella,2,X01,not_acquisition_default,not_acquisition_default,False,"Text core is not an independent audience; use manual intent verdict, no MAX/sum universe",KW-bc282a7c4db2;KW-6240eb8b3931
plazo fijo interbank,1,X01,not_acquisition_default,not_acquisition_default,False,"Text core is not an independent audience; use manual intent verdict, no MAX/sum universe",KW-754c8bd6c2c5
plazo fijo peru,1,X04,excluded_or_manual_review,excluded_or_manual_review,False,"Text core is not an independent audience; use manual intent verdict, no MAX/sum universe",KW-2516d0e22045
plazo fijo pichincha,2,X01,not_acquisition_default,not_acquisition_default,False,"Text core is not an independent audience; use manual intent verdict, no MAX/sum universe",KW-274f940eb109;KW-1ee9e06f732b
plazo fijo quien paga mas,1,X04,excluded_or_manual_review,excluded_or_manual_review,False,"Text core is not an independent audience; use manual intent verdict, no MAX/sum universe",KW-c29581e3f7ca
por que embargan una cuenta de ahorros,1,X04,excluded_or_manual_review,excluded_or_manual_review,False,"Text core is not an independent audience; use manual intent verdict, no MAX/sum universe",KW-37dc426bcbac
por que tarda una transferencia bancaria,1,E08,assisted_or_service_only,assisted_or_service_only,False,"Text core is not an independent audience; use manual intent verdict, no MAX/sum universe",KW-e177a1ad986e
porque es importante ahorrar,1,X04,excluded_or_manual_review,excluded_or_manual_review,False,"Text core is not an independent audience; use manual intent verdict, no MAX/sum universe",KW-3e9cc6648bd3
porque no puedo crear mi cuenta yape con dni,1,X01,not_acquisition_default,not_acquisition_default,False,"Text core is not an independent audience; use manual intent verdict, no MAX/sum universe",KW-2a1003fdc79a
porque no puedo hacer una transferencia bancaria,1,E07,assisted_or_service_only,assisted_or_service_only,False,"Text core is not an independent audience; use manual intent verdict, no MAX/sum universe",KW-e25a66a3bb05
poses,1,X04,excluded_or_manual_review,excluded_or_manual_review,False,"Text core is not an independent audience; use manual intent verdict, no MAX/sum universe",KW-7160f8688035
precio de una transferencia bancaria,3,E07,assisted_or_service_only,assisted_or_service_only,False,"Text core is not an independent audience; use manual intent verdict, no MAX/sum universe",KW-823269184b3f;KW-46f05942e403;KW-b0247a750707
precio del euro en dolares,1,X03,excluded,excluded,False,"Text core is not an independent audience; use manual intent verdict, no MAX/sum universe",KW-1ae5567780b7
precio dolar en euro,1,X03,excluded,excluded,False,"Text core is not an independent audience; use manual intent verdict, no MAX/sum universe",KW-5a236dbf8f64
premier,2,X04,excluded_or_manual_review,excluded_or_manual_review,False,"Text core is not an independent audience; use manual intent verdict, no MAX/sum universe",KW-e6084c09d6b6;KW-3643d9bbe02d
premios y sorteos,1,X04,excluded_or_manual_review,excluded_or_manual_review,False,"Text core is not an independent audience; use manual intent verdict, no MAX/sum universe",KW-fc0a7809fbd4
presto mi cuenta de ahorros para lavar dinero,1,X04,excluded_or_manual_review,excluded_or_manual_review,False,"Text core is not an independent audience; use manual intent verdict, no MAX/sum universe",KW-d90c9f13761b
presupuesto familiar,1,X04,excluded_or_manual_review,excluded_or_manual_review,False,"Text core is not an independent audience; use manual intent verdict, no MAX/sum universe",KW-cdf5c7297eb1
prf pe fondos profuturo,1,X04,excluded_or_manual_review,excluded_or_manual_review,False,"Text core is not an independent audience; use manual intent verdict, no MAX/sum universe",KW-50443dfd752d
prima afp estado de solicitud,1,X03,excluded,excluded,False,"Text core is not an independent audience; use manual intent verdict, no MAX/sum universe",KW-a7e68fc136eb
promart numero,1,X04,excluded_or_manual_review,excluded_or_manual_review,False,"Text core is not an independent audience; use manual intent verdict, no MAX/sum universe",KW-6f6ea4bdb2c8
promoción 2025,1,X04,excluded_or_manual_review,excluded_or_manual_review,False,"Text core is not an independent audience; use manual intent verdict, no MAX/sum universe",KW-751d5944cd53
préstamos por transferencia bancaria,1,X03,excluded,excluded,False,"Text core is not an independent audience; use manual intent verdict, no MAX/sum universe",KW-98abdaa60f10
pueden embargar mi cuenta de ahorros,1,X04,excluded_or_manual_review,excluded_or_manual_review,False,"Text core is not an independent audience; use manual intent verdict, no MAX/sum universe",KW-55d797ec5d6f
pueden embargar mi cuenta de ahorros perú,1,X04,excluded_or_manual_review,excluded_or_manual_review,False,"Text core is not an independent audience; use manual intent verdict, no MAX/sum universe",KW-2b609d92203e
puedo abrir una cuenta de ahorros con mi dni vencido,1,X04,excluded_or_manual_review,excluded_or_manual_review,False,"Text core is not an independent audience; use manual intent verdict, no MAX/sum universe",KW-487696a3e480
puedo abrir una cuenta de ahorros estando en infocorp,1,X04,excluded_or_manual_review,excluded_or_manual_review,False,"Text core is not an independent audience; use manual intent verdict, no MAX/sum universe",KW-5630a38b6b6a
puedo abrir una cuenta en dólares en méxico,2,X03,excluded,excluded,False,"Text core is not an independent audience; use manual intent verdict, no MAX/sum universe",KW-106354d965d9;KW-d7d0151a319d
puedo recibir mi sueldo en una cuenta de ahorros,1,X04,excluded_or_manual_review,excluded_or_manual_review,False,"Text core is not an independent audience; use manual intent verdict, no MAX/sum universe",KW-467768302de4
puedo tener 2 yapes,1,X01,not_acquisition_default,not_acquisition_default,False,"Text core is not an independent audience; use manual intent verdict, no MAX/sum universe",KW-aa5fa0f5fc8c
puedo tener dos cuentas de yape,1,X01,not_acquisition_default,not_acquisition_default,False,"Text core is not an independent audience; use manual intent verdict, no MAX/sum universe",KW-9238da7b8b42
puedo tener dos cuentas de yape con el mismo dni,1,X01,not_acquisition_default,not_acquisition_default,False,"Text core is not an independent audience; use manual intent verdict, no MAX/sum universe",KW-87cd96257d5b
pulsera digital cuenta pasos reloj,1,C02,conditional_not_default,conditional_not_default,False,"Text core is not an independent audience; use manual intent verdict, no MAX/sum universe",KW-92035a1a1d56
qapaq cuenta de ahorros,2,X01,not_acquisition_default,not_acquisition_default,False,"Text core is not an independent audience; use manual intent verdict, no MAX/sum universe",KW-14757333b168;KW-3430a78488f9
que ahorrar,2,X04,excluded_or_manual_review,excluded_or_manual_review,False,"Text core is not an independent audience; use manual intent verdict, no MAX/sum universe",KW-bbf700e0e80b;KW-726bcef2798f
que banco es mejor para ahorrar,1,A05,market_proxy_pending_serp,market_proxy_pending_serp,False,"Text core is not an independent audience; use manual intent verdict, no MAX/sum universe",KW-e5d78e18ed54
que banco es mejor para ahorrar en perú,1,A05,market_proxy_pending_serp,market_proxy_pending_serp,False,"Text core is not an independent audience; use manual intent verdict, no MAX/sum universe",KW-77cf27bea595
que banco o caja paga mas intereses,1,A05,market_proxy_pending_serp,market_proxy_pending_serp,False,"Text core is not an independent audience; use manual intent verdict, no MAX/sum universe",KW-230a9500ad1f
que banco o financiera paga mas intereses,1,A05,market_proxy_pending_serp,market_proxy_pending_serp,False,"Text core is not an independent audience; use manual intent verdict, no MAX/sum universe",KW-2528c83bd575
que banco paga mas intereses,2,A05,market_proxy_pending_serp,market_proxy_pending_serp,False,"Text core is not an independent audience; use manual intent verdict, no MAX/sum universe",KW-2aeb5c5a8779;KW-32eeb5753a65
que banco paga mas intereses a plazo fijo 2017 peru,1,X04,excluded_or_manual_review,excluded_or_manual_review,False,"Text core is not an independent audience; use manual intent verdict, no MAX/sum universe",KW-521723830c4f
que banco paga mas intereses a plazo fijo 2018 peru,1,X04,excluded_or_manual_review,excluded_or_manual_review,False,"Text core is not an independent audience; use manual intent verdict, no MAX/sum universe",KW-d174fa993710
que banco paga mas intereses a plazo fijo 2019,1,X04,excluded_or_manual_review,excluded_or_manual_review,False,"Text core is not an independent audience; use manual intent verdict, no MAX/sum universe",KW-f97db71eefcf
que banco paga mas intereses a plazo fijo en guatemala,1,X01,not_acquisition_default,not_acquisition_default,False,"Text core is not an independent audience; use manual intent verdict, no MAX/sum universe",KW-cd50e00a1912
que banco paga mas intereses de cts,1,X03,excluded,excluded,False,"Text core is not an independent audience; use manual intent verdict, no MAX/sum universe",KW-64fcf377ee4b
que banco paga mas intereses en dolares peru,1,X04,excluded_or_manual_review,excluded_or_manual_review,False,"Text core is not an independent audience; use manual intent verdict, no MAX/sum universe",KW-938c13340bba
que banco paga mas intereses en usa,1,X03,excluded,excluded,False,"Text core is not an independent audience; use manual intent verdict, no MAX/sum universe",KW-577de76620f2
que banco paga mas intereses por cts 2019,1,X03,excluded,excluded,False,"Text core is not an independent audience; use manual intent verdict, no MAX/sum universe",KW-9600652b5dcb
que banco paga mas intereses por cuenta de ahorros,1,X04,excluded_or_manual_review,excluded_or_manual_review,False,"Text core is not an independent audience; use manual intent verdict, no MAX/sum universe",KW-76bbaf53344f
que banco paga mas intereses por depositos a plazo fijo,1,X04,excluded_or_manual_review,excluded_or_manual_review,False,"Text core is not an independent audience; use manual intent verdict, no MAX/sum universe",KW-aad9b89c91f3
que banco paga mas intereses por tu dinero,1,X04,excluded_or_manual_review,excluded_or_manual_review,False,"Text core is not an independent audience; use manual intent verdict, no MAX/sum universe",KW-7ef7067b188b
que banco paga más intereses a plazo fijo 2018,1,X04,excluded_or_manual_review,excluded_or_manual_review,False,"Text core is not an independent audience; use manual intent verdict, no MAX/sum universe",KW-9341241fa804
que banco paga más intereses a plazo fijo 2025 perú,1,X04,excluded_or_manual_review,excluded_or_manual_review,False,"Text core is not an independent audience; use manual intent verdict, no MAX/sum universe",KW-82613cd4a262
que banco paga más intereses a plazo fijo 2026,1,X04,excluded_or_manual_review,excluded_or_manual_review,False,"Text core is not an independent audience; use manual intent verdict, no MAX/sum universe",KW-210c2d76b905
que banco paga más intereses en cuenta de ahorro,1,A05,market_proxy_pending_serp,market_proxy_pending_serp,False,"Text core is not an independent audience; use manual intent verdict, no MAX/sum universe",KW-087ecc14a507
que banco paga más intereses en cuenta de ahorro perú,1,X04,excluded_or_manual_review,excluded_or_manual_review,False,"Text core is not an independent audience; use manual intent verdict, no MAX/sum universe",KW-6bc09147ae08
que banco paga más intereses en perú,2,A05,market_proxy_pending_serp,market_proxy_pending_serp,False,"Text core is not an independent audience; use manual intent verdict, no MAX/sum universe",KW-e7ed14664ff1;KW-3ca8f01ed3f9
que banco paga más intereses en perú 2026,1,A05,market_proxy_pending_serp,market_proxy_pending_serp,False,"Text core is not an independent audience; use manual intent verdict, no MAX/sum universe",KW-cec52e20a6dd
que banco paga más intereses por ahorrar,2,X04,excluded_or_manual_review,excluded_or_manual_review,False,"Text core is not an independent audience; use manual intent verdict, no MAX/sum universe",KW-44647db25a23;KW-9f96f0a59e92
que banco paga más intereses por ahorros en perú 2018,1,X04,excluded_or_manual_review,excluded_or_manual_review,False,"Text core is not an independent audience; use manual intent verdict, no MAX/sum universe",KW-63a286a4d11f
que banco paga más intereses por ahorros en perú 2019,1,X04,excluded_or_manual_review,excluded_or_manual_review,False,"Text core is not an independent audience; use manual intent verdict, no MAX/sum universe",KW-f20cfe9a4e51
que banco puedo abrir cuenta digital,1,C02,conditional_not_default,conditional_not_default,False,"Text core is not an independent audience; use manual intent verdict, no MAX/sum universe",KW-b2234f6301d1
que banco tiene cuenta en dolares gratis,1,X02,product_launch_required,product_launch_required,False,"Text core is not an independent audience; use manual intent verdict, no MAX/sum universe",KW-22369c0e4ee5
que banco tiene la mejor tasa de interés para ahorrar,1,X04,excluded_or_manual_review,excluded_or_manual_review,False,"Text core is not an independent audience; use manual intent verdict, no MAX/sum universe",KW-b3302c72b326
que beneficios tiene tener una cuenta de ahorros,1,E01,assisted_only,assisted_only,False,"Text core is not an independent audience; use manual intent verdict, no MAX/sum universe",KW-395077d475f4
que cuenta de ahorro es mejor,1,A04,market_proxy_sensitivity,market_proxy_sensitivity,False,"Text core is not an independent audience; use manual intent verdict, no MAX/sum universe",KW-d910d0dcc9be
que cuenta de ahorro es mejor en peru,1,X04,excluded_or_manual_review,excluded_or_manual_review,False,"Text core is not an independent audience; use manual intent verdict, no MAX/sum universe",KW-aac07197249b
que cuenta de ahorro genera mas intereses,1,X04,excluded_or_manual_review,excluded_or_manual_review,False,"Text core is not an independent audience; use manual intent verdict, no MAX/sum universe",KW-f9f2b6dc7f72
que cuenta de ahorros da mas intereses,1,X04,excluded_or_manual_review,excluded_or_manual_review,False,"Text core is not an independent audience; use manual intent verdict, no MAX/sum universe",KW-857387a4670a
que cuenta de ahorros da mas rentabilidad,1,X04,excluded_or_manual_review,excluded_or_manual_review,False,"Text core is not an independent audience; use manual intent verdict, no MAX/sum universe",KW-7dc09ac0248e
que cuenta de ahorros da mas rentabilidad en colombia,1,X03,excluded,excluded,False,"Text core is not an independent audience; use manual intent verdict, no MAX/sum universe",KW-b4d265e0dacd
que cuenta de ahorros es mejor en colombia,1,X03,excluded,excluded,False,"Text core is not an independent audience; use manual intent verdict, no MAX/sum universe",KW-10bfa03616b8
que cuenta de ahorros me conviene mas peru,1,X04,excluded_or_manual_review,excluded_or_manual_review,False,"Text core is not an independent audience; use manual intent verdict, no MAX/sum universe",KW-01277a1eee68
que cuenta digital es mejor,1,C02,conditional_not_default,conditional_not_default,False,"Text core is not an independent audience; use manual intent verdict, no MAX/sum universe",KW-80943943d3ec
que cuenta es transferencia bancaria en contabilidad,1,X03,excluded,excluded,False,"Text core is not an independent audience; use manual intent verdict, no MAX/sum universe",KW-0a0f8fa75a56
que cuenta remunerada en dolares paga mas,1,X02,product_launch_required,product_launch_required,False,"Text core is not an independent audience; use manual intent verdict, no MAX/sum universe",KW-cd3ffd314a09
que datos necesitas para hacer una transferencia bancaria,2,E07,assisted_or_service_only,assisted_or_service_only,False,"Text core is not an independent audience; use manual intent verdict, no MAX/sum universe",KW-026fdb9f8543;KW-dcf902d7eec2
que diferencia hay entre cuenta de ahorros y cuenta corriente,1,C03,assisted_only,assisted_only,False,"Text core is not an independent audience; use manual intent verdict, no MAX/sum universe",KW-0dc4b8ea54e3
que entidades pueden embargar una cuenta de ahorros,1,X04,excluded_or_manual_review,excluded_or_manual_review,False,"Text core is not an independent audience; use manual intent verdict, no MAX/sum universe",KW-bd9ff2d9134c
que es afp,3,X03,excluded,excluded,False,"Text core is not an independent audience; use manual intent verdict, no MAX/sum universe",KW-003ddf932c41;KW-8fe1c85a820d;KW-5ff393b794b6
que es cci,3,E06,assisted_or_service_only,assisted_or_service_only,False,"Text core is not an independent audience; use manual intent verdict, no MAX/sum universe",KW-19a660607b5d;KW-09d96f9db942;KW-fc84e2648797
que es cci bcp,1,X01,not_acquisition_default,not_acquisition_default,False,"Text core is not an independent audience; use manual intent verdict, no MAX/sum universe",KW-223ea403de6d
que es codigo interbancario,1,E06,assisted_or_service_only,assisted_or_service_only,False,"Text core is not an independent audience; use manual intent verdict, no MAX/sum universe",KW-dfee338b2684
que es concepto de pago en una transferencia bancaria,1,E07,assisted_or_service_only,assisted_or_service_only,False,"Text core is not an independent audience; use manual intent verdict, no MAX/sum universe",KW-3dfe09d29e5b
que es cts,4,X03,excluded,excluded,False,"Text core is not an independent audience; use manual intent verdict, no MAX/sum universe",KW-102e2b515a6b;KW-8a13cf4613a2;KW-b0d475554c0b;KW-c4d0d3ae53d9
que es cts en peru,2,X03,excluded,excluded,False,"Text core is not an independent audience; use manual intent verdict, no MAX/sum universe",KW-37301c7b8292;KW-22946d69f616
que es cuenta corriente digital banco estado,1,X01,not_acquisition_default,not_acquisition_default,False,"Text core is not an independent audience; use manual intent verdict, no MAX/sum universe",KW-fa9d45a1a47b
que es cuenta corriente y cuenta de ahorros,5,C03,assisted_only,assisted_only,False,"Text core is not an independent audience; use manual intent verdict, no MAX/sum universe",KW-64496da44135;KW-acdea5210508;KW-276dd3feebaf;KW-ad6ab318261a;KW-e217d4903b08
que es cuenta de ahorro transaccional,1,E06,assisted_or_service_only,assisted_or_service_only,False,"Text core is not an independent audience; use manual intent verdict, no MAX/sum universe",KW-6ee5a6b559ca
que es cuenta de ahorros damas,2,E01,assisted_only,assisted_only,False,"Text core is not an independent audience; use manual intent verdict, no MAX/sum universe",KW-d3726fc547c4;KW-548bb22177ca
que es cuenta digital bci,1,X01,not_acquisition_default,not_acquisition_default,False,"Text core is not an independent audience; use manual intent verdict, no MAX/sum universe",KW-d4892e72f0c3
que es cuenta digital bcp,4,X01,not_acquisition_default,not_acquisition_default,False,"Text core is not an independent audience; use manual intent verdict, no MAX/sum universe",KW-dd1930853226;KW-6b4bee085f5c;KW-a97da305680a;KW-f7530c7c6207
que es cuenta digital sbp,1,X01,not_acquisition_default,not_acquisition_default,False,"Text core is not an independent audience; use manual intent verdict, no MAX/sum universe",KW-c480ec83ae89
que es cuenta digital sbp scotiabank,1,X01,not_acquisition_default,not_acquisition_default,False,"Text core is not an independent audience; use manual intent verdict, no MAX/sum universe",KW-b2bd9bbc785e
que es cuenta en dolares bancolombia,1,X01,not_acquisition_default,not_acquisition_default,False,"Text core is not an independent audience; use manual intent verdict, no MAX/sum universe",KW-64123c8753ef
que es cuenta interbancaria,2,E06,assisted_or_service_only,assisted_or_service_only,False,"Text core is not an independent audience; use manual intent verdict, no MAX/sum universe",KW-6cf3e5720330;KW-81f7eb559e91
que es cuenta mancomunada,1,X03,excluded,excluded,False,"Text core is not an independent audience; use manual intent verdict, no MAX/sum universe",KW-cfb8459b8589
que es cuspp,2,X04,excluded_or_manual_review,excluded_or_manual_review,False,"Text core is not an independent audience; use manual intent verdict, no MAX/sum universe",KW-8716ea51bb39;KW-5c8971cd53e7
que es código swift bcp,1,X01,not_acquisition_default,not_acquisition_default,False,"Text core is not an independent audience; use manual intent verdict, no MAX/sum universe",KW-2b486ef49cbb
que es debitar una cuenta de ahorros,1,E01,assisted_only,assisted_only,False,"Text core is not an independent audience; use manual intent verdict, no MAX/sum universe",KW-cfba1ce62b2a
que es el ahorro,4,X04,excluded_or_manual_review,excluded_or_manual_review,False,"Text core is not an independent audience; use manual intent verdict, no MAX/sum universe",KW-eb49a02fe060;KW-054727bc94f3;KW-0a627dfffd50;KW-6ad70d49c5e6
que es el arn de transferencia bancaria,1,E07,assisted_or_service_only,assisted_or_service_only,False,"Text core is not an independent audience; use manual intent verdict, no MAX/sum universe",KW-fca8cc4617f8
que es el cheque de gerencia,1,X04,excluded_or_manual_review,excluded_or_manual_review,False,"Text core is not an independent audience; use manual intent verdict, no MAX/sum universe",KW-deaf060254fb
que es el saldo contable,2,X04,excluded_or_manual_review,excluded_or_manual_review,False,"Text core is not an independent audience; use manual intent verdict, no MAX/sum universe",KW-1a7dead2819c;KW-f1416cdfd8eb
que es fondos mutuos,3,X04,excluded_or_manual_review,excluded_or_manual_review,False,"Text core is not an independent audience; use manual intent verdict, no MAX/sum universe",KW-9a1d291d1d62;KW-fa628e5d28d7;KW-bc4855ad7f83
que es gratificacion,3,X03,excluded,excluded,False,"Text core is not an independent audience; use manual intent verdict, no MAX/sum universe",KW-aecdf4de88e9;KW-cf55665a2e71;KW-40be1bbd302b
que es la tea en una cuenta de ahorros,1,E01,assisted_only,assisted_only,False,"Text core is not an independent audience; use manual intent verdict, no MAX/sum universe",KW-42acb8ca47be
que es la trea,2,E02,assisted_only,assisted_only,False,"Text core is not an independent audience; use manual intent verdict, no MAX/sum universe",KW-afccc8457307;KW-a961453d693c
que es la trea en una cuenta de ahorros,1,E02,assisted_only,assisted_only,False,"Text core is not an independent audience; use manual intent verdict, no MAX/sum universe",KW-24c948d98b75
que es mejor cuenta corriente o cuenta de ahorro,1,C03,assisted_only,assisted_only,False,"Text core is not an independent audience; use manual intent verdict, no MAX/sum universe",KW-5838add62f0d
que es menaje,3,X03,excluded,excluded,False,"Text core is not an independent audience; use manual intent verdict, no MAX/sum universe",KW-5b0318c322e0;KW-9dc5f83234fe;KW-d780e92ccf6e
que es menajeria,1,X03,excluded,excluded,False,"Text core is not an independent audience; use manual intent verdict, no MAX/sum universe",KW-c595fd3fa1eb
que es meru cuenta en dolares,1,X02,product_launch_required,product_launch_required,False,"Text core is not an independent audience; use manual intent verdict, no MAX/sum universe",KW-0e9d59bda790
que es número de cuenta bancaria,1,X04,excluded_or_manual_review,excluded_or_manual_review,False,"Text core is not an independent audience; use manual intent verdict, no MAX/sum universe",KW-6351989ba845
que es paypal,2,X03,excluded,excluded,False,"Text core is not an independent audience; use manual intent verdict, no MAX/sum universe",KW-8e6c0537f422;KW-6294747eec98
que es plazo fijo,3,X04,excluded_or_manual_review,excluded_or_manual_review,False,"Text core is not an independent audience; use manual intent verdict, no MAX/sum universe",KW-a05e0106d236;KW-cf4e9c788f72;KW-513bc25b2ae8
que es reverso de transferencia bancaria,1,E07,assisted_or_service_only,assisted_or_service_only,False,"Text core is not an independent audience; use manual intent verdict, no MAX/sum universe",KW-4bfa1a829374
que es spp,1,X04,excluded_or_manual_review,excluded_or_manual_review,False,"Text core is not an independent audience; use manual intent verdict, no MAX/sum universe",KW-1d3dca22169c
que es transferencia bancaria,4,E07,assisted_or_service_only,assisted_or_service_only,False,"Text core is not an independent audience; use manual intent verdict, no MAX/sum universe",KW-07c7d285a01b;KW-dda2a13dceb9;KW-67a24c256790;KW-5466a317db79
que es transferencia bancaria ach,1,E07,assisted_or_service_only,assisted_or_service_only,False,"Text core is not an independent audience; use manual intent verdict, no MAX/sum universe",KW-db9efcbf721b
que es transferencia bancaria directa,1,E07,assisted_or_service_only,assisted_or_service_only,False,"Text core is not an independent audience; use manual intent verdict, no MAX/sum universe",KW-3f1b5c189bac
que es transferencia bancaria local,1,E07,assisted_or_service_only,assisted_or_service_only,False,"Text core is not an independent audience; use manual intent verdict, no MAX/sum universe",KW-4fb2356c46d0
que es transferencia bancaria sepa,1,E07,assisted_or_service_only,assisted_or_service_only,False,"Text core is not an independent audience; use manual intent verdict, no MAX/sum universe",KW-3cfcad09fa0e
que es transferencia bancaria spei,1,E07,assisted_or_service_only,assisted_or_service_only,False,"Text core is not an independent audience; use manual intent verdict, no MAX/sum universe",KW-e4adf5f954d1
que es transferencia diferida,2,E08,assisted_or_service_only,assisted_or_service_only,False,"Text core is not an independent audience; use manual intent verdict, no MAX/sum universe",KW-498596cc3186;KW-4ded63463f0c
que es transferencia débito bancaria,1,E07,assisted_or_service_only,assisted_or_service_only,False,"Text core is not an independent audience; use manual intent verdict, no MAX/sum universe",KW-9c8a35d65556
que es transferencia externa bancaria,1,E07,assisted_or_service_only,assisted_or_service_only,False,"Text core is not an independent audience; use manual intent verdict, no MAX/sum universe",KW-4e24a0721c96
que es transferencia interna bancaria,1,E07,assisted_or_service_only,assisted_or_service_only,False,"Text core is not an independent audience; use manual intent verdict, no MAX/sum universe",KW-5e0ff4081d18
que es un certificado bancario,1,X04,excluded_or_manual_review,excluded_or_manual_review,False,"Text core is not an independent audience; use manual intent verdict, no MAX/sum universe",KW-b51d5cf7ceda
que es un cheque de gerencia,3,X04,excluded_or_manual_review,excluded_or_manual_review,False,"Text core is not an independent audience; use manual intent verdict, no MAX/sum universe",KW-a048e803d613;KW-600fd58668ee;KW-64c8dee22b4c
que es un contrato de cuenta de ahorros,1,E01,assisted_only,assisted_only,False,"Text core is not an independent audience; use manual intent verdict, no MAX/sum universe",KW-3071e26e87ee
que es un cuento,2,X04,excluded_or_manual_review,excluded_or_manual_review,False,"Text core is not an independent audience; use manual intent verdict, no MAX/sum universe",KW-f4a5d7672080;KW-9019daef8330
que es un deposito a plazo fijo,1,X04,excluded_or_manual_review,excluded_or_manual_review,False,"Text core is not an independent audience; use manual intent verdict, no MAX/sum universe",KW-2d6c015f962d
que es un extracto bancario cuenta de ahorros,1,E01,assisted_only,assisted_only,False,"Text core is not an independent audience; use manual intent verdict, no MAX/sum universe",KW-2160376e2e3e
que es una certificacion bancaria,1,X04,excluded_or_manual_review,excluded_or_manual_review,False,"Text core is not an independent audience; use manual intent verdict, no MAX/sum universe",KW-7aaedca111f0
que es una cuenta bancaria,2,X04,excluded_or_manual_review,excluded_or_manual_review,False,"Text core is not an independent audience; use manual intent verdict, no MAX/sum universe",KW-804875cc51ca;KW-7bd48dc84067
que es una cuenta corriente,1,X04,excluded_or_manual_review,excluded_or_manual_review,False,"Text core is not an independent audience; use manual intent verdict, no MAX/sum universe",KW-2f0899250ea3
que es una cuenta corriente bcp,1,X01,not_acquisition_default,not_acquisition_default,False,"Text core is not an independent audience; use manual intent verdict, no MAX/sum universe",KW-5903af17dd3c
que es una cuenta corriente en dolares,1,X02,product_launch_required,product_launch_required,False,"Text core is not an independent audience; use manual intent verdict, no MAX/sum universe",KW-d198f0f28d65
que es una cuenta de ahorro,4,E01,assisted_only,assisted_only,False,"Text core is not an independent audience; use manual intent verdict, no MAX/sum universe",KW-fd40632135e7;KW-47705b7d9887;KW-fff1a314994f;KW-c95b502bf91f
que es una cuenta de ahorro bancolombia,1,X01,not_acquisition_default,not_acquisition_default,False,"Text core is not an independent audience; use manual intent verdict, no MAX/sum universe",KW-bcd3ae16eb9d
que es una cuenta de ahorro digital bcp,1,C05,competitor_consideration_requires_serp,competitor_consideration_requires_serp,False,"Text core is not an independent audience; use manual intent verdict, no MAX/sum universe",KW-7f757310a4dc
que es una cuenta de ahorros bcp,3,C05,competitor_consideration_requires_serp,competitor_consideration_requires_serp,False,"Text core is not an independent audience; use manual intent verdict, no MAX/sum universe",KW-6cd1037dfab8;KW-c80e1a5723be;KW-7bdb4e553513
que es una cuenta de ahorros digital,3,C02,conditional_not_default,conditional_not_default,False,"Text core is not an independent audience; use manual intent verdict, no MAX/sum universe",KW-3c2a4a3347d1;KW-b9d53e68a073;KW-30f94a870942
que es una cuenta de detraccion,1,X03,excluded,excluded,False,"Text core is not an independent audience; use manual intent verdict, no MAX/sum universe",KW-86440956e26e
que es una cuenta digital,3,C02,conditional_not_default,conditional_not_default,False,"Text core is not an independent audience; use manual intent verdict, no MAX/sum universe",KW-3ec6bbf983b5;KW-6d9c087359ec;KW-2ffa5d4f584b
que es una cuenta digital bbva,2,X01,not_acquisition_default,not_acquisition_default,False,"Text core is not an independent audience; use manual intent verdict, no MAX/sum universe",KW-8da13d06e04b;KW-c5c08d879989
que es una cuenta digital libre,1,C02,conditional_not_default,conditional_not_default,False,"Text core is not an independent audience; use manual intent verdict, no MAX/sum universe",KW-7c5f4a07cb04
que es una cuenta digital scotiabank,2,X01,not_acquisition_default,not_acquisition_default,False,"Text core is not an independent audience; use manual intent verdict, no MAX/sum universe",KW-1678ad49b3c4;KW-403daf1bc79e
que es una cuenta intangible,1,X04,excluded_or_manual_review,excluded_or_manual_review,False,"Text core is not an independent audience; use manual intent verdict, no MAX/sum universe",KW-d90d810e7d7b
que es una cuenta sueldo,2,X04,excluded_or_manual_review,excluded_or_manual_review,False,"Text core is not an independent audience; use manual intent verdict, no MAX/sum universe",KW-9ad2ce12c76c;KW-47289dceb9d6
que necesito para abrir cuenta de ahorros en bancolombia,1,X01,not_acquisition_default,not_acquisition_default,False,"Text core is not an independent audience; use manual intent verdict, no MAX/sum universe",KW-ad66e7f76548
que necesito para abrir una cuenta en dolares,2,X02,product_launch_required,product_launch_required,False,"Text core is not an independent audience; use manual intent verdict, no MAX/sum universe",KW-4581754f8535;KW-46623c86277d
que numero es ix,1,X04,excluded_or_manual_review,excluded_or_manual_review,False,"Text core is not an independent audience; use manual intent verdict, no MAX/sum universe",KW-3454fc8d2ae0
que pasa si no uso mi cuenta de ahorros bcp,1,C05,competitor_consideration_requires_serp,competitor_consideration_requires_serp,False,"Text core is not an independent audience; use manual intent verdict, no MAX/sum universe",KW-d95a86e78d8d
que poner en concepto de transferencia bancaria,1,E07,assisted_or_service_only,assisted_or_service_only,False,"Text core is not an independent audience; use manual intent verdict, no MAX/sum universe",KW-26a193706ca1
que se necesita para abrir una cuenta de ahorro,1,X04,excluded_or_manual_review,excluded_or_manual_review,False,"Text core is not an independent audience; use manual intent verdict, no MAX/sum universe",KW-49ee64212528
que se necesita para hacer una transferencia bancaria,2,E07,assisted_or_service_only,assisted_or_service_only,False,"Text core is not an independent audience; use manual intent verdict, no MAX/sum universe",KW-6ff4fd56a4c2;KW-b9ebb0a171ef
que se necesita para hacer una transferencia bancaria por internet,1,E07,assisted_or_service_only,assisted_or_service_only,False,"Text core is not an independent audience; use manual intent verdict, no MAX/sum universe",KW-e6e487142697
que se puede poner en concepto de transferencia bancaria,1,E07,assisted_or_service_only,assisted_or_service_only,False,"Text core is not an independent audience; use manual intent verdict, no MAX/sum universe",KW-5cbf691039ee
que significa a f p,2,X04,excluded_or_manual_review,excluded_or_manual_review,False,"Text core is not an independent audience; use manual intent verdict, no MAX/sum universe",KW-0faade5fd69f;KW-f3ffcc3bb12c
que significa afp,2,X03,excluded,excluded,False,"Text core is not an independent audience; use manual intent verdict, no MAX/sum universe",KW-9ad1bf0a0fda;KW-ca2c68fd3ed0
que significa cuenta corriente,1,X04,excluded_or_manual_review,excluded_or_manual_review,False,"Text core is not an independent audience; use manual intent verdict, no MAX/sum universe",KW-d5d8e9fdeec5
que significa cuenta de ahorros,2,E01,assisted_only,assisted_only,False,"Text core is not an independent audience; use manual intent verdict, no MAX/sum universe",KW-6f55b9fb8796;KW-a393ce02225a
que significa cuenta digital bcp,1,X01,not_acquisition_default,not_acquisition_default,False,"Text core is not an independent audience; use manual intent verdict, no MAX/sum universe",KW-65f9f7f5cff0
que significa cuenta intangible,1,X04,excluded_or_manual_review,excluded_or_manual_review,False,"Text core is not an independent audience; use manual intent verdict, no MAX/sum universe",KW-916de6623ed3
que significa pending en una transferencia bancaria,1,X01,not_acquisition_default,not_acquisition_default,False,"Text core is not an independent audience; use manual intent verdict, no MAX/sum universe",KW-f00b3d7ca9a9
que significa settled en una transferencia bancaria,1,E07,assisted_or_service_only,assisted_or_service_only,False,"Text core is not an independent audience; use manual intent verdict, no MAX/sum universe",KW-087bb4f0bf74
que significa transferencia diferida,1,E08,assisted_or_service_only,assisted_or_service_only,False,"Text core is not an independent audience; use manual intent verdict, no MAX/sum universe",KW-6f466bc1ce1b
que son ahorros,1,X04,excluded_or_manual_review,excluded_or_manual_review,False,"Text core is not an independent audience; use manual intent verdict, no MAX/sum universe",KW-1261e188989a
que son certificados bancarios,1,X04,excluded_or_manual_review,excluded_or_manual_review,False,"Text core is not an independent audience; use manual intent verdict, no MAX/sum universe",KW-72a78af5f243
que son cuentas corrientes,2,X04,excluded_or_manual_review,excluded_or_manual_review,False,"Text core is not an independent audience; use manual intent verdict, no MAX/sum universe",KW-d17a912fc2cb;KW-f62dee22faf6
que son cuentas de ahorros,3,E01,assisted_only,assisted_only,False,"Text core is not an independent audience; use manual intent verdict, no MAX/sum universe",KW-df65e84191ad;KW-17db0af6843b;KW-8800bcbabdf4
que son fondos mutuos,2,X04,excluded_or_manual_review,excluded_or_manual_review,False,"Text core is not an independent audience; use manual intent verdict, no MAX/sum universe",KW-4bb4326259c6;KW-b24d278b1bfc
que son las cooperativas,3,X04,excluded_or_manual_review,excluded_or_manual_review,False,"Text core is not an independent audience; use manual intent verdict, no MAX/sum universe",KW-80c40fd034c8;KW-7c16d2bf7b4c;KW-b745a013e17c
que son las gratificaciones,2,X03,excluded,excluded,False,"Text core is not an independent audience; use manual intent verdict, no MAX/sum universe",KW-4be5e5ef5831;KW-d51921b71a10
que son utilidades,1,X04,excluded_or_manual_review,excluded_or_manual_review,False,"Text core is not an independent audience; use manual intent verdict, no MAX/sum universe",KW-ad65d66ca30f
que tiempo demoran las transferencias interbancarias,1,E08,assisted_or_service_only,assisted_or_service_only,False,"Text core is not an independent audience; use manual intent verdict, no MAX/sum universe",KW-57953c60cb23
quien paga mas por cuenta de ahorro,1,X04,excluded_or_manual_review,excluded_or_manual_review,False,"Text core is not an independent audience; use manual intent verdict, no MAX/sum universe",KW-1ab9020599b4
quien puede embargar mi cuenta de ahorros,1,X04,excluded_or_manual_review,excluded_or_manual_review,False,"Text core is not an independent audience; use manual intent verdict, no MAX/sum universe",KW-6178cb97df25
quien puede embargar una cuenta de ahorros,1,X04,excluded_or_manual_review,excluded_or_manual_review,False,"Text core is not an independent audience; use manual intent verdict, no MAX/sum universe",KW-a3ceebe9ed99
quien puede tener cuenta en dolares,1,X02,product_launch_required,product_launch_required,False,"Text core is not an independent audience; use manual intent verdict, no MAX/sum universe",KW-b19999ee14bc
quien recibe utilidades,1,X04,excluded_or_manual_review,excluded_or_manual_review,False,"Text core is not an independent audience; use manual intent verdict, no MAX/sum universe",KW-d3d8fbe93b3b
quienes reciben utilidades,1,X04,excluded_or_manual_review,excluded_or_manual_review,False,"Text core is not an independent audience; use manual intent verdict, no MAX/sum universe",KW-d935d887edf9
quiero abrir una cuenta de ahorros en bancolombia,1,X01,not_acquisition_default,not_acquisition_default,False,"Text core is not an independent audience; use manual intent verdict, no MAX/sum universe",KW-c72d4e405734
quiero abrir una cuenta digital,1,C02,conditional_not_default,conditional_not_default,False,"Text core is not an independent audience; use manual intent verdict, no MAX/sum universe",KW-7a60a525d914
quiero abrir una cuenta digital bbva,1,X01,not_acquisition_default,not_acquisition_default,False,"Text core is not an independent audience; use manual intent verdict, no MAX/sum universe",KW-76d3e5ae5154
quiero abrir una cuenta digital bcp,1,X01,not_acquisition_default,not_acquisition_default,False,"Text core is not an independent audience; use manual intent verdict, no MAX/sum universe",KW-0db3f3b96f84
quiero abrir una cuenta en dolares,1,X02,product_launch_required,product_launch_required,False,"Text core is not an independent audience; use manual intent verdict, no MAX/sum universe",KW-9e7f3850cd87
quiero ahorrar dinero como hago,1,E10,assisted_only,assisted_only,False,"Text core is not an independent audience; use manual intent verdict, no MAX/sum universe",KW-6b2871fcd347
quiero hacer una transferencia bancaria por internet,1,E07,assisted_or_service_only,assisted_or_service_only,False,"Text core is not an independent audience; use manual intent verdict, no MAX/sum universe",KW-a28653875b1c
quiero ver,1,X04,excluded_or_manual_review,excluded_or_manual_review,False,"Text core is not an independent audience; use manual intent verdict, no MAX/sum universe",KW-0d4605ff8109
qué banco paga más en plazo fijo,1,X04,excluded_or_manual_review,excluded_or_manual_review,False,"Text core is not an independent audience; use manual intent verdict, no MAX/sum universe",KW-cef016f1ae01
qué banco paga más intereses en méxico,1,X03,excluded,excluded,False,"Text core is not an independent audience; use manual intent verdict, no MAX/sum universe",KW-54f2cb6a8be0
qué bancos pagan más intereses por ahorros en perú,1,A05,market_proxy_pending_serp,market_proxy_pending_serp,False,"Text core is not an independent audience; use manual intent verdict, no MAX/sum universe",KW-ddc4ec02d180
qué bancos trabajan con western union en perú,1,X04,excluded_or_manual_review,excluded_or_manual_review,False,"Text core is not an independent audience; use manual intent verdict, no MAX/sum universe",KW-63eed9d086be
qué cuenta de ahorros genera más dinero,1,X04,excluded_or_manual_review,excluded_or_manual_review,False,"Text core is not an independent audience; use manual intent verdict, no MAX/sum universe",KW-aac6d78d26b3
qué cuenta de ahorros te permite ganar más dinero,1,X04,excluded_or_manual_review,excluded_or_manual_review,False,"Text core is not an independent audience; use manual intent verdict, no MAX/sum universe",KW-d8f11697c126
qué es detracción,1,X03,excluded,excluded,False,"Text core is not an independent audience; use manual intent verdict, no MAX/sum universe",KW-737649e6d30d
qué es interbancaria,1,X04,excluded_or_manual_review,excluded_or_manual_review,False,"Text core is not an independent audience; use manual intent verdict, no MAX/sum universe",KW-a29b32020fa4
qué es una cooperativa,2,X04,excluded_or_manual_review,excluded_or_manual_review,False,"Text core is not an independent audience; use manual intent verdict, no MAX/sum universe",KW-050f60781564;KW-3393c3399294
qué significa saldo contable,1,X04,excluded_or_manual_review,excluded_or_manual_review,False,"Text core is not an independent audience; use manual intent verdict, no MAX/sum universe",KW-e111e5aa8bcb
qué significa yape,1,X01,not_acquisition_default,not_acquisition_default,False,"Text core is not an independent audience; use manual intent verdict, no MAX/sum universe",KW-91197303b652
radio super latina en vivo,1,X04,excluded_or_manual_review,excluded_or_manual_review,False,"Text core is not an independent audience; use manual intent verdict, no MAX/sum universe",KW-2238c1430bde
rastrear transferencia bancaria,2,E02,assisted_only,assisted_only,False,"Text core is not an independent audience; use manual intent verdict, no MAX/sum universe",KW-18fcc1cf20fe;KW-0869967b1c15
rastreo de transferencia bancaria,2,E07,assisted_or_service_only,assisted_or_service_only,False,"Text core is not an independent audience; use manual intent verdict, no MAX/sum universe",KW-e1b780d98e18;KW-e6bb48b04b66
recarga bitel 10 soles beneficios,1,X04,excluded_or_manual_review,excluded_or_manual_review,False,"Text core is not an independent audience; use manual intent verdict, no MAX/sum universe",KW-4b146ef08a8f
recibir dinero del extranjero bcp,1,X01,not_acquisition_default,not_acquisition_default,False,"Text core is not an independent audience; use manual intent verdict, no MAX/sum universe",KW-08606259396f
recibir dinero del extranjero interbank,1,X01,not_acquisition_default,not_acquisition_default,False,"Text core is not an independent audience; use manual intent verdict, no MAX/sum universe",KW-4627c52e4b25
recibo de transferencia bancaria,2,E07,assisted_or_service_only,assisted_or_service_only,False,"Text core is not an independent audience; use manual intent verdict, no MAX/sum universe",KW-a8b682563cd5;KW-0b723c04b66e
recibo de transferencia bancaria falso,1,E07,assisted_or_service_only,assisted_or_service_only,False,"Text core is not an independent audience; use manual intent verdict, no MAX/sum universe",KW-1ec3f5ca7d2b
reclamar transferencia bancaria,1,E07,assisted_or_service_only,assisted_or_service_only,False,"Text core is not an independent audience; use manual intent verdict, no MAX/sum universe",KW-e874b29dc01a
reclamos scotiabank perú,1,X01,not_acquisition_default,not_acquisition_default,False,"Text core is not an independent audience; use manual intent verdict, no MAX/sum universe",KW-2aa18863863a
recuperar cuenta digital bbva,1,X01,not_acquisition_default,not_acquisition_default,False,"Text core is not an independent audience; use manual intent verdict, no MAX/sum universe",KW-caec9817bb87
recuperar dinero estafado por transferencia bancaria,1,E07,assisted_or_service_only,assisted_or_service_only,False,"Text core is not an independent audience; use manual intent verdict, no MAX/sum universe",KW-1a05173824e1
recuperar dinero transferencia bancaria,1,E07,assisted_or_service_only,assisted_or_service_only,False,"Text core is not an independent audience; use manual intent verdict, no MAX/sum universe",KW-fa2a3ceb8164
reloj digital cuenta regresiva,2,C02,conditional_not_default,conditional_not_default,False,"Text core is not an independent audience; use manual intent verdict, no MAX/sum universe",KW-98f8b8c2e7cd;KW-9c90c476b0f4
remesas,1,X04,excluded_or_manual_review,excluded_or_manual_review,False,"Text core is not an independent audience; use manual intent verdict, no MAX/sum universe",KW-cc32af39e1d7
reparticion de utilidades,1,X04,excluded_or_manual_review,excluded_or_manual_review,False,"Text core is not an independent audience; use manual intent verdict, no MAX/sum universe",KW-e5d3708d724f
requisitos apertura de cuenta bbva,1,X01,not_acquisition_default,not_acquisition_default,False,"Text core is not an independent audience; use manual intent verdict, no MAX/sum universe",KW-700b79ff5b78
requisitos cuenta en dolares,3,X02,product_launch_required,product_launch_required,False,"Text core is not an independent audience; use manual intent verdict, no MAX/sum universe",KW-05fa219993ad;KW-530382c2ce5c;KW-9195438cd350
requisitos cuenta en dolares bancamiga,2,X01,not_acquisition_default,not_acquisition_default,False,"Text core is not an independent audience; use manual intent verdict, no MAX/sum universe",KW-8c330d403957;KW-c734eb6cc9da
requisitos para abrir cuenta de ahorro en bancolombia,2,X01,not_acquisition_default,not_acquisition_default,False,"Text core is not an independent audience; use manual intent verdict, no MAX/sum universe",KW-6ed59c194299;KW-f642ac6585d2
requisitos para abrir cuenta de ahorros banco agrario,1,X01,not_acquisition_default,not_acquisition_default,False,"Text core is not an independent audience; use manual intent verdict, no MAX/sum universe",KW-27b015811868
requisitos para abrir cuenta de ahorros banco de machala,1,X04,excluded_or_manual_review,excluded_or_manual_review,False,"Text core is not an independent audience; use manual intent verdict, no MAX/sum universe",KW-398d609e0adb
requisitos para abrir cuenta de ahorros bcp,3,C05,competitor_consideration_requires_serp,competitor_consideration_requires_serp,False,"Text core is not an independent audience; use manual intent verdict, no MAX/sum universe",KW-2366ff14b372;KW-65b37039469a;KW-39f5f5ef964d
requisitos para abrir cuenta de ahorros en banistmo panama,1,X03,excluded,excluded,False,"Text core is not an independent audience; use manual intent verdict, no MAX/sum universe",KW-ed05634ce868
requisitos para abrir cuenta de ahorros en bbva,4,C05,competitor_consideration_requires_serp,competitor_consideration_requires_serp,False,"Text core is not an independent audience; use manual intent verdict, no MAX/sum universe",KW-9258c26e3dea;KW-c68e2a30f971;KW-92f3bb292b91;KW-a850bf103a15
requisitos para abrir cuenta de ahorros en davivienda,1,X01,not_acquisition_default,not_acquisition_default,False,"Text core is not an independent audience; use manual intent verdict, no MAX/sum universe",KW-7a5fd585756d
requisitos para abrir cuenta digital bbva,1,X01,not_acquisition_default,not_acquisition_default,False,"Text core is not an independent audience; use manual intent verdict, no MAX/sum universe",KW-376ef59ffee7
requisitos para abrir cuenta en banesco en dólares,1,X01,not_acquisition_default,not_acquisition_default,False,"Text core is not an independent audience; use manual intent verdict, no MAX/sum universe",KW-d1de7bcf9670
requisitos para abrir cuenta en bbva para extranjeros perú,1,X01,not_acquisition_default,not_acquisition_default,False,"Text core is not an independent audience; use manual intent verdict, no MAX/sum universe",KW-00ddd105ba94
requisitos para abrir cuenta en dolares banco mercantil,1,X01,not_acquisition_default,not_acquisition_default,False,"Text core is not an independent audience; use manual intent verdict, no MAX/sum universe",KW-1740ac983ee9
requisitos para abrir cuenta en dolares banco provincial,1,X01,not_acquisition_default,not_acquisition_default,False,"Text core is not an independent audience; use manual intent verdict, no MAX/sum universe",KW-f80bbb61bd2b
requisitos para abrir cuenta en dolares bcp,2,X01,not_acquisition_default,not_acquisition_default,False,"Text core is not an independent audience; use manual intent verdict, no MAX/sum universe",KW-e9a446923889;KW-abfc98495c0b
requisitos para abrir cuenta en dolares bnc,1,X02,product_launch_required,product_launch_required,False,"Text core is not an independent audience; use manual intent verdict, no MAX/sum universe",KW-6aef34cf7679
requisitos para abrir cuenta en dolares en bancamiga,1,X01,not_acquisition_default,not_acquisition_default,False,"Text core is not an independent audience; use manual intent verdict, no MAX/sum universe",KW-01bdfd1e9871
requisitos para abrir cuenta en interbank para extranjeros,1,X01,not_acquisition_default,not_acquisition_default,False,"Text core is not an independent audience; use manual intent verdict, no MAX/sum universe",KW-2cf0dfaca4d6
requisitos para abrir cuenta en interbank para venezolanos,1,X01,not_acquisition_default,not_acquisition_default,False,"Text core is not an independent audience; use manual intent verdict, no MAX/sum universe",KW-bd1ff0d92fb2
requisitos para abrir cuenta en scotiabank perú extranjero,1,X01,not_acquisition_default,not_acquisition_default,False,"Text core is not an independent audience; use manual intent verdict, no MAX/sum universe",KW-30ae82810abe
requisitos para abrir una cuenta de ahorro,2,A08;X04,mixed_requires_split,excluded_or_manual_review;market_proxy_pending_serp,False,"Text core is not an independent audience; use manual intent verdict, no MAX/sum universe",KW-66fe9cfba89f;KW-b25936d4eeb4
requisitos para abrir una cuenta de ahorro en interbank,3,C05,competitor_consideration_requires_serp,competitor_consideration_requires_serp,False,"Text core is not an independent audience; use manual intent verdict, no MAX/sum universe",KW-6d14e2b12d15;KW-e9ef05bc681b;KW-5de3b5752a53
requisitos para abrir una cuenta de ahorros bbva peru,1,C05,competitor_consideration_requires_serp,competitor_consideration_requires_serp,False,"Text core is not an independent audience; use manual intent verdict, no MAX/sum universe",KW-4e4ce8289d74
requisitos para abrir una cuenta de ahorros en caja arequipa,1,C05,competitor_consideration_requires_serp,competitor_consideration_requires_serp,False,"Text core is not an independent audience; use manual intent verdict, no MAX/sum universe",KW-9ed839a65a5a
requisitos para abrir una cuenta de ahorros en caja huancayo,1,C05,competitor_consideration_requires_serp,competitor_consideration_requires_serp,False,"Text core is not an independent audience; use manual intent verdict, no MAX/sum universe",KW-f07bd83b463d
requisitos para abrir una cuenta de ahorros en caja piura,1,C05,competitor_consideration_requires_serp,competitor_consideration_requires_serp,False,"Text core is not an independent audience; use manual intent verdict, no MAX/sum universe",KW-42b6981a38b1
requisitos para abrir una cuenta de ahorros en caja trujillo,1,C05,competitor_consideration_requires_serp,competitor_consideration_requires_serp,False,"Text core is not an independent audience; use manual intent verdict, no MAX/sum universe",KW-d813a36232c4
requisitos para abrir una cuenta de ahorros en el continental,1,X01,not_acquisition_default,not_acquisition_default,False,"Text core is not an independent audience; use manual intent verdict, no MAX/sum universe",KW-6e35e3d881e0
requisitos para abrir una cuenta de ahorros en scotiabank,2,C05,competitor_consideration_requires_serp,competitor_consideration_requires_serp,False,"Text core is not an independent audience; use manual intent verdict, no MAX/sum universe",KW-ff17e70ba4fd;KW-5b56db566ff3
requisitos para abrir una cuenta de ahorros persona juridica,1,X03,excluded,excluded,False,"Text core is not an independent audience; use manual intent verdict, no MAX/sum universe",KW-09b8e5b606cd
requisitos para abrir una cuenta de ahorros persona juridica bcp,1,X01,not_acquisition_default,not_acquisition_default,False,"Text core is not an independent audience; use manual intent verdict, no MAX/sum universe",KW-8b251cfe4467
requisitos para abrir una cuenta de ahorros persona natural,1,X04,excluded_or_manual_review,excluded_or_manual_review,False,"Text core is not an independent audience; use manual intent verdict, no MAX/sum universe",KW-180d504825cb
requisitos para abrir una cuenta de ahorros persona natural bcp,1,C05,competitor_consideration_requires_serp,competitor_consideration_requires_serp,False,"Text core is not an independent audience; use manual intent verdict, no MAX/sum universe",KW-c6bb2aa027c0
requisitos para abrir una cuenta de ahorros pichincha,1,C05,competitor_consideration_requires_serp,competitor_consideration_requires_serp,False,"Text core is not an independent audience; use manual intent verdict, no MAX/sum universe",KW-60538c602275
requisitos para abrir una cuenta en dolares bbva,2,X01,not_acquisition_default,not_acquisition_default,False,"Text core is not an independent audience; use manual intent verdict, no MAX/sum universe",KW-155601b669cf;KW-11f2e1fe1986
requisitos para abrir una cuenta en dólares,2,X02,product_launch_required,product_launch_required,False,"Text core is not an independent audience; use manual intent verdict, no MAX/sum universe",KW-91c4e0b88dba;KW-bd18ece05397
requisitos para abrir una cuenta en el bcp siendo extranjero,1,X01,not_acquisition_default,not_acquisition_default,False,"Text core is not an independent audience; use manual intent verdict, no MAX/sum universe",KW-6703aaecd00d
requisitos para abrir una cuenta en interbank siendo extranjero,1,X01,not_acquisition_default,not_acquisition_default,False,"Text core is not an independent audience; use manual intent verdict, no MAX/sum universe",KW-ae48d2d7ae64
requisitos para abrir una cuenta en scotiabank perú,1,X01,not_acquisition_default,not_acquisition_default,False,"Text core is not an independent audience; use manual intent verdict, no MAX/sum universe",KW-7e9c2b144651
requisitos para abrir una cuenta en scotiabank siendo extranjero,1,X01,not_acquisition_default,not_acquisition_default,False,"Text core is not an independent audience; use manual intent verdict, no MAX/sum universe",KW-c5c584bfe4b3
requisitos para aperturar cuenta de ahorros bcp persona juridica,1,X01,not_acquisition_default,not_acquisition_default,False,"Text core is not an independent audience; use manual intent verdict, no MAX/sum universe",KW-db3e9c25c2bd
requisitos para cuenta de ahorro en dolares,1,X02,product_launch_required,product_launch_required,False,"Text core is not an independent audience; use manual intent verdict, no MAX/sum universe",KW-6b56492cf2f2
requisitos para cuenta de ahorro pichincha,1,C05,competitor_consideration_requires_serp,competitor_consideration_requires_serp,False,"Text core is not an independent audience; use manual intent verdict, no MAX/sum universe",KW-60ad89f8854e
requisitos para cuenta de ahorros banco guayaquil,1,X03,excluded,excluded,False,"Text core is not an independent audience; use manual intent verdict, no MAX/sum universe",KW-ed0469e73af9
requisitos para cuenta de ahorros banco pichincha,1,C05,competitor_consideration_requires_serp,competitor_consideration_requires_serp,False,"Text core is not an independent audience; use manual intent verdict, no MAX/sum universe",KW-fcf0fc4ceccc
requisitos para cuenta de ahorros banco pichincha extranjero,1,X01,not_acquisition_default,not_acquisition_default,False,"Text core is not an independent audience; use manual intent verdict, no MAX/sum universe",KW-41c4bc2c8af5
requisitos para cuenta de ahorros bancolombia,1,X01,not_acquisition_default,not_acquisition_default,False,"Text core is not an independent audience; use manual intent verdict, no MAX/sum universe",KW-09b0e2c4b6c4
requisitos para cuenta de ahorros bcp,3,C05,competitor_consideration_requires_serp,competitor_consideration_requires_serp,False,"Text core is not an independent audience; use manual intent verdict, no MAX/sum universe",KW-c7a9821d45f1;KW-80b91b606479;KW-56092bdb7643
requisitos para cuenta de ahorros produbanco,1,X04,excluded_or_manual_review,excluded_or_manual_review,False,"Text core is not an independent audience; use manual intent verdict, no MAX/sum universe",KW-42754f29014b
requisitos para cuenta en dolares bac,1,X02,product_launch_required,product_launch_required,False,"Text core is not an independent audience; use manual intent verdict, no MAX/sum universe",KW-9cee2f14b461
requisitos para cuenta en dolares banco de venezuela,1,X03,excluded,excluded,False,"Text core is not an independent audience; use manual intent verdict, no MAX/sum universe",KW-0c6eac459ada
requisitos para cuenta en dolares banesco,1,X01,not_acquisition_default,not_acquisition_default,False,"Text core is not an independent audience; use manual intent verdict, no MAX/sum universe",KW-17c22e7eca05
requisitos para cuenta en dolares bnc,1,X02,product_launch_required,product_launch_required,False,"Text core is not an independent audience; use manual intent verdict, no MAX/sum universe",KW-009c5e51dcec
requisitos para cuenta en dolares mercantil,1,X01,not_acquisition_default,not_acquisition_default,False,"Text core is not an independent audience; use manual intent verdict, no MAX/sum universe",KW-b25ee4154083
requisitos para cuenta en dolares popular,1,X02,product_launch_required,product_launch_required,False,"Text core is not an independent audience; use manual intent verdict, no MAX/sum universe",KW-f62af0be799a
requisitos para hacer una transferencia bancaria,1,E07,assisted_or_service_only,assisted_or_service_only,False,"Text core is not an independent audience; use manual intent verdict, no MAX/sum universe",KW-5a4cb1589b4d
requisitos para retirar afp 2025,1,X03,excluded,excluded,False,"Text core is not an independent audience; use manual intent verdict, no MAX/sum universe",KW-f362b2b2e1df
requisitos para sacar cuenta de ahorros banco guayaquil,1,X03,excluded,excluded,False,"Text core is not an independent audience; use manual intent verdict, no MAX/sum universe",KW-ed9bda41a61e
requisitos para sacar cuenta de ahorros pichincha,1,C05,competitor_consideration_requires_serp,competitor_consideration_requires_serp,False,"Text core is not an independent audience; use manual intent verdict, no MAX/sum universe",KW-5bb2968739f5
requisitos para sacar una cuenta de ahorros,1,X04,excluded_or_manual_review,excluded_or_manual_review,False,"Text core is not an independent audience; use manual intent verdict, no MAX/sum universe",KW-39aaae7714f9
requisitos para ser presidente del peru,1,X04,excluded_or_manual_review,excluded_or_manual_review,False,"Text core is not an independent audience; use manual intent verdict, no MAX/sum universe",KW-2effaefc72e5
requisitos para una cuenta de ahorro,2,X04,excluded_or_manual_review,excluded_or_manual_review,False,"Text core is not an independent audience; use manual intent verdict, no MAX/sum universe",KW-667eb93ba208;KW-e470b7a3dec1
retirar dinero de bet365 por transferencia bancaria,2,X03,excluded,excluded,False,"Text core is not an independent audience; use manual intent verdict, no MAX/sum universe",KW-89baf9b46b53;KW-93b4c49aa889
retiro afp 2025 solicitud denegada,1,X03,excluded,excluded,False,"Text core is not an independent audience; use manual intent verdict, no MAX/sum universe",KW-bd623ee03d82
retiro afp 2026,1,X03,excluded,excluded,False,"Text core is not an independent audience; use manual intent verdict, no MAX/sum universe",KW-b0ac309e69d6
retiro afp prima,2,X01,not_acquisition_default,not_acquisition_default,False,"Text core is not an independent audience; use manual intent verdict, no MAX/sum universe",KW-c2037f19a401;KW-86d8cdc3560c
retiro afp prima 2025 link consulta dni,1,X01,not_acquisition_default,not_acquisition_default,False,"Text core is not an independent audience; use manual intent verdict, no MAX/sum universe",KW-409ae151af76
retiro afp profuturo 2025: link consulta dni,2,X03,excluded,excluded,False,"Text core is not an independent audience; use manual intent verdict, no MAX/sum universe",KW-2c52dbf1437f;KW-e7ca23457c7b
retiro afp promulgado,1,X03,excluded,excluded,False,"Text core is not an independent audience; use manual intent verdict, no MAX/sum universe",KW-68d06489f96e
retiro cts,4,X03,excluded,excluded,False,"Text core is not an independent audience; use manual intent verdict, no MAX/sum universe",KW-3ced1df7a7b8;KW-02ba975449f9;KW-81f5435c2ec0;KW-656c6075028b
retiro cts 2025,2,X03,excluded,excluded,False,"Text core is not an independent audience; use manual intent verdict, no MAX/sum universe",KW-b2da2431a574;KW-3022c6291651
retiro de afp 2025 se aprobó,1,X03,excluded,excluded,False,"Text core is not an independent audience; use manual intent verdict, no MAX/sum universe",KW-b58ed52970d5
reutilizar,1,X04,excluded_or_manual_review,excluded_or_manual_review,False,"Text core is not an independent audience; use manual intent verdict, no MAX/sum universe",KW-c03ff5a9433f
revertir transferencia bancaria,1,E07,assisted_or_service_only,assisted_or_service_only,False,"Text core is not an independent audience; use manual intent verdict, no MAX/sum universe",KW-0f07c2d39a34
revisar transferencia bancaria,1,E07,assisted_or_service_only,assisted_or_service_only,False,"Text core is not an independent audience; use manual intent verdict, no MAX/sum universe",KW-22d72a9a4a3d
ripley plazo fijo,1,X01,not_acquisition_default,not_acquisition_default,False,"Text core is not an independent audience; use manual intent verdict, no MAX/sum universe",KW-97bb39dbc97e
rut para abrir cuenta de ahorros,1,X03,excluded,excluded,False,"Text core is not an independent audience; use manual intent verdict, no MAX/sum universe",KW-d998640b0cf4
saber dni con nombre,1,X04,excluded_or_manual_review,excluded_or_manual_review,False,"Text core is not an independent audience; use manual intent verdict, no MAX/sum universe",KW-1ddcbe103e4b
saber el numero de dni,1,X04,excluded_or_manual_review,excluded_or_manual_review,False,"Text core is not an independent audience; use manual intent verdict, no MAX/sum universe",KW-3f3972733ab6
saber mi numero de cuenta bcp,1,X01,not_acquisition_default,not_acquisition_default,False,"Text core is not an independent audience; use manual intent verdict, no MAX/sum universe",KW-6fa2923bb59b
sacar cuenta de ahorros bcp online,1,C05,competitor_consideration_requires_serp,competitor_consideration_requires_serp,False,"Text core is not an independent audience; use manual intent verdict, no MAX/sum universe",KW-2c043c305ae7
sacar cuenta de ahorros digital,1,C02,conditional_not_default,conditional_not_default,False,"Text core is not an independent audience; use manual intent verdict, no MAX/sum universe",KW-885f5cdbdcaa
sacar cuenta de ahorros interbank,1,C05,competitor_consideration_requires_serp,competitor_consideration_requires_serp,False,"Text core is not an independent audience; use manual intent verdict, no MAX/sum universe",KW-19842117f58c
sacar informacion con numero de telefono,1,X04,excluded_or_manual_review,excluded_or_manual_review,False,"Text core is not an independent audience; use manual intent verdict, no MAX/sum universe",KW-a6d8b2043741
sacar tarjeta bcp virtual,1,X03,excluded,excluded,False,"Text core is not an independent audience; use manual intent verdict, no MAX/sum universe",KW-b5eeb6cb6f37
sacar tarjeta de ahorros bcp,1,X03,excluded,excluded,False,"Text core is not an independent audience; use manual intent verdict, no MAX/sum universe",KW-b7477a6adf42
saldo,1,X04,excluded_or_manual_review,excluded_or_manual_review,False,"Text core is not an independent audience; use manual intent verdict, no MAX/sum universe",KW-ce0b57f9a7f1
saldo afp integra,1,X03,excluded,excluded,False,"Text core is not an independent audience; use manual intent verdict, no MAX/sum universe",KW-1de1579e59b1
saldo contable y saldo disponible,1,X04,excluded_or_manual_review,excluded_or_manual_review,False,"Text core is not an independent audience; use manual intent verdict, no MAX/sum universe",KW-06551f0a5a82
saldo cuenta de ahorros colpatria,1,X01,not_acquisition_default,not_acquisition_default,False,"Text core is not an independent audience; use manual intent verdict, no MAX/sum universe",KW-987bb2f8f32b
saldo en cuenta de ahorros bancolombia,1,X01,not_acquisition_default,not_acquisition_default,False,"Text core is not an independent audience; use manual intent verdict, no MAX/sum universe",KW-e1b4e3ae44e4
saldos contables,2,X04,excluded_or_manual_review,excluded_or_manual_review,False,"Text core is not an independent audience; use manual intent verdict, no MAX/sum universe",KW-f2946091e631;KW-1e97954938c0
saldos en contabilidad,2,X03,excluded,excluded,False,"Text core is not an independent audience; use manual intent verdict, no MAX/sum universe",KW-a7cfdf17cfee;KW-58588b346046
sbs bancos con mejor tasa de interés,1,X01,not_acquisition_default,not_acquisition_default,False,"Text core is not an independent audience; use manual intent verdict, no MAX/sum universe",KW-1dd1f648227f
sbs compara tasas,1,C05,competitor_consideration_requires_serp,competitor_consideration_requires_serp,False,"Text core is not an independent audience; use manual intent verdict, no MAX/sum universe",KW-716a97107c28
sbs compara tasas de interés,1,C05,competitor_consideration_requires_serp,competitor_consideration_requires_serp,False,"Text core is not an independent audience; use manual intent verdict, no MAX/sum universe",KW-31b86abdde6c
sbs cuentas de ahorro,2,C05,competitor_consideration_requires_serp,competitor_consideration_requires_serp,False,"Text core is not an independent audience; use manual intent verdict, no MAX/sum universe",KW-912a9b935efb;KW-2ef4399b9261
sbs plazo fijo,1,X01,not_acquisition_default,not_acquisition_default,False,"Text core is not an independent audience; use manual intent verdict, no MAX/sum universe",KW-31d3cb010fb2
sbs plazo fijo cajas municipales,1,X01,not_acquisition_default,not_acquisition_default,False,"Text core is not an independent audience; use manual intent verdict, no MAX/sum universe",KW-bb945cbaafd3
sbs reglamento retiro afp 2025,2,X01,not_acquisition_default,not_acquisition_default,False,"Text core is not an independent audience; use manual intent verdict, no MAX/sum universe",KW-1242d375c129;KW-b39556512834
sbs tarifario 2026,1,X01,not_acquisition_default,not_acquisition_default,False,"Text core is not an independent audience; use manual intent verdict, no MAX/sum universe",KW-56b4317b25a6
sbs tasa de interés para préstamos,1,X01,not_acquisition_default,not_acquisition_default,False,"Text core is not an independent audience; use manual intent verdict, no MAX/sum universe",KW-f9a52a628da9
sbs tasas de interés de bancos y cajas,1,C05,competitor_consideration_requires_serp,competitor_consideration_requires_serp,False,"Text core is not an independent audience; use manual intent verdict, no MAX/sum universe",KW-3fb227a2a211
sbs tasas de interés de bancos y cajas peru,1,C05,competitor_consideration_requires_serp,competitor_consideration_requires_serp,False,"Text core is not an independent audience; use manual intent verdict, no MAX/sum universe",KW-9181c5124019
sbs tasas de interés plazo fijo,1,X01,not_acquisition_default,not_acquisition_default,False,"Text core is not an independent audience; use manual intent verdict, no MAX/sum universe",KW-0590a877174b
sbs tasas de interés plazo fijo 2026,1,X01,not_acquisition_default,not_acquisition_default,False,"Text core is not an independent audience; use manual intent verdict, no MAX/sum universe",KW-a8238fead0c0
scotiabank afp,1,X01,not_acquisition_default,not_acquisition_default,False,"Text core is not an independent audience; use manual intent verdict, no MAX/sum universe",KW-4ec0e849f1da
scotiabank apertura de cuenta para extranjeros,1,X01,not_acquisition_default,not_acquisition_default,False,"Text core is not an independent audience; use manual intent verdict, no MAX/sum universe",KW-1131abdb1080
scotiabank cuenta de ahorros,5,C05,competitor_consideration_requires_serp,competitor_consideration_requires_serp,False,"Text core is not an independent audience; use manual intent verdict, no MAX/sum universe",KW-1703ecc9aa1c;KW-98a9c4626a32;KW-75c7fca571e1;KW-932256a03c91;KW-43ce91deba88
scotiabank cuenta de ahorros free,3,C05,competitor_consideration_requires_serp,competitor_consideration_requires_serp,False,"Text core is not an independent audience; use manual intent verdict, no MAX/sum universe",KW-fa193785ca18;KW-d535150b7656;KW-7e100c78dacb
scotiabank cuenta de ahorros sin mantenimiento,1,C05,competitor_consideration_requires_serp,competitor_consideration_requires_serp,False,"Text core is not an independent audience; use manual intent verdict, no MAX/sum universe",KW-17bcc08c1169
scotiabank cuenta digital 50 soles,2,X01,not_acquisition_default,not_acquisition_default,False,"Text core is not an independent audience; use manual intent verdict, no MAX/sum universe",KW-06e4ad695196;KW-d897f07a0520
scotiabank cuenta en dolares requisitos,1,X01,not_acquisition_default,not_acquisition_default,False,"Text core is not an independent audience; use manual intent verdict, no MAX/sum universe",KW-ad6f5dfff03d
scotiabank digital,1,X01,not_acquisition_default,not_acquisition_default,False,"Text core is not an independent audience; use manual intent verdict, no MAX/sum universe",KW-e25f27f37b37
scotiabank estado de cuenta ahorros,1,C05,competitor_consideration_requires_serp,competitor_consideration_requires_serp,False,"Text core is not an independent audience; use manual intent verdict, no MAX/sum universe",KW-4fd3e92e7cae
scotiabank estado de cuenta debito,1,X01,not_acquisition_default,not_acquisition_default,False,"Text core is not an independent audience; use manual intent verdict, no MAX/sum universe",KW-03020fe6bd33
scotiabank ganadores 5 0.00 soles,1,X01,not_acquisition_default,not_acquisition_default,False,"Text core is not an independent audience; use manual intent verdict, no MAX/sum universe",KW-51aecf60b46e
scotiabank intereses cuenta de ahorros,1,C05,competitor_consideration_requires_serp,competitor_consideration_requires_serp,False,"Text core is not an independent audience; use manual intent verdict, no MAX/sum universe",KW-14077520a9cd
scotiabank peru,1,X01,not_acquisition_default,not_acquisition_default,False,"Text core is not an independent audience; use manual intent verdict, no MAX/sum universe",KW-64481433490f
scotiabank peru app,1,X01,not_acquisition_default,not_acquisition_default,False,"Text core is not an independent audience; use manual intent verdict, no MAX/sum universe",KW-79cf7e77e347
scotiabank peru cuenta digital,3,X01,not_acquisition_default,not_acquisition_default,False,"Text core is not an independent audience; use manual intent verdict, no MAX/sum universe",KW-881b5cdd824c;KW-d5e9a1c32038;KW-33a9a44a12ab
scotiabank perú en línea,1,X01,not_acquisition_default,not_acquisition_default,False,"Text core is not an independent audience; use manual intent verdict, no MAX/sum universe",KW-10834be21c0b
scotiabank plazo fijo,1,X01,not_acquisition_default,not_acquisition_default,False,"Text core is not an independent audience; use manual intent verdict, no MAX/sum universe",KW-3e3a422ad6cb
scotiabank whatsapp,1,X01,not_acquisition_default,not_acquisition_default,False,"Text core is not an independent audience; use manual intent verdict, no MAX/sum universe",KW-7b1edb83608c
se ha depositado en una cuenta de ahorros 600 000,1,X04,excluded_or_manual_review,excluded_or_manual_review,False,"Text core is not an independent audience; use manual intent verdict, no MAX/sum universe",KW-e5eff764276d
se puede abrir cuenta en dolares,1,X02,product_launch_required,product_launch_required,False,"Text core is not an independent audience; use manual intent verdict, no MAX/sum universe",KW-a7cda55f55a9
se puede abrir una cuenta de ahorros con dni vencido,1,X04,excluded_or_manual_review,excluded_or_manual_review,False,"Text core is not an independent audience; use manual intent verdict, no MAX/sum universe",KW-4559726f5499
se puede abrir una cuenta de ahorros con pasaporte,1,X03,excluded,excluded,False,"Text core is not an independent audience; use manual intent verdict, no MAX/sum universe",KW-ca18bb0963dd
se puede abrir una cuenta de ahorros online,1,X04,excluded_or_manual_review,excluded_or_manual_review,False,"Text core is not an independent audience; use manual intent verdict, no MAX/sum universe",KW-e40948d2af97
se puede anular una transferencia bancaria bcp,1,X01,not_acquisition_default,not_acquisition_default,False,"Text core is not an independent audience; use manual intent verdict, no MAX/sum universe",KW-bfc85bfff9f9
se puede anular una transferencia bancaria interbank,1,X01,not_acquisition_default,not_acquisition_default,False,"Text core is not an independent audience; use manual intent verdict, no MAX/sum universe",KW-2cfdb97e7b6a
se puede depositar dólares en una cuenta en soles bbva,1,X01,not_acquisition_default,not_acquisition_default,False,"Text core is not an independent audience; use manual intent verdict, no MAX/sum universe",KW-bfb10d91c324
se puede depositar soles en una cuenta en dolares,1,X02,product_launch_required,product_launch_required,False,"Text core is not an independent audience; use manual intent verdict, no MAX/sum universe",KW-b9bfb2859b10
se puede depositar soles en una cuenta en dólares bcp,1,X01,not_acquisition_default,not_acquisition_default,False,"Text core is not an independent audience; use manual intent verdict, no MAX/sum universe",KW-0ee73ab4bdc6
se puede embargar una cuenta de ahorros,1,X04,excluded_or_manual_review,excluded_or_manual_review,False,"Text core is not an independent audience; use manual intent verdict, no MAX/sum universe",KW-4e2beb6b277b
se puede retirar afp,1,X03,excluded,excluded,False,"Text core is not an independent audience; use manual intent verdict, no MAX/sum universe",KW-4f1d8ef42ca4
se puede retirar la cts 2025,1,X03,excluded,excluded,False,"Text core is not an independent audience; use manual intent verdict, no MAX/sum universe",KW-722cab818725
se puede retirar la cts 2026,1,X03,excluded,excluded,False,"Text core is not an independent audience; use manual intent verdict, no MAX/sum universe",KW-c13b80881220
sedapal numero de telefono,1,X04,excluded_or_manual_review,excluded_or_manual_review,False,"Text core is not an independent audience; use manual intent verdict, no MAX/sum universe",KW-ff94efc0bf0c
seguimiento de mi solicitud afp profuturo,1,X03,excluded,excluded,False,"Text core is not an independent audience; use manual intent verdict, no MAX/sum universe",KW-4bf5ec2509d8
seguimiento retiro afp,3,X03,excluded,excluded,False,"Text core is not an independent audience; use manual intent verdict, no MAX/sum universe",KW-a4417cf0ede5;KW-decad0ae7b7f;KW-c63de4948c0a
seguimiento retiro afp prima,1,X01,not_acquisition_default,not_acquisition_default,False,"Text core is not an independent audience; use manual intent verdict, no MAX/sum universe",KW-cb9f0e263d64
seguro de depositos y fondo de liquidez,1,E04,assisted_only,assisted_only,False,"Text core is not an independent audience; use manual intent verdict, no MAX/sum universe",KW-6d1ab47bda47
septiembre que numero es,1,X04,excluded_or_manual_review,excluded_or_manual_review,False,"Text core is not an independent audience; use manual intent verdict, no MAX/sum universe",KW-0dab7e20ce71
si estoy en infocorp puedo abrir una cuenta de ahorros,1,X04,excluded_or_manual_review,excluded_or_manual_review,False,"Text core is not an independent audience; use manual intent verdict, no MAX/sum universe",KW-05f6f517d81c
si estoy en infocorp puedo sacar una cuenta de ahorros,1,X04,excluded_or_manual_review,excluded_or_manual_review,False,"Text core is not an independent audience; use manual intent verdict, no MAX/sum universe",KW-a702e2317700
si estoy en infocorp puedo tener una cuenta de ahorros,1,X04,excluded_or_manual_review,excluded_or_manual_review,False,"Text core is not an independent audience; use manual intent verdict, no MAX/sum universe",KW-9cf39f5f2c64
si tengo cuenta en dolares puedo sacarlos,1,X02,product_launch_required,product_launch_required,False,"Text core is not an independent audience; use manual intent verdict, no MAX/sum universe",KW-1d32ee874c46
si tengo deuda en bcp puedo tener cuenta de ahorros,1,C05,competitor_consideration_requires_serp,competitor_consideration_requires_serp,False,"Text core is not an independent audience; use manual intent verdict, no MAX/sum universe",KW-9725675eef79
simulador de intereses cuenta de ahorros,1,E03,assisted_only,assisted_only,False,"Text core is not an independent audience; use manual intent verdict, no MAX/sum universe",KW-71fe7a6b2872
simulador de transferencia bancaria bbva,1,X01,not_acquisition_default,not_acquisition_default,False,"Text core is not an independent audience; use manual intent verdict, no MAX/sum universe",KW-b90421bf1987
simulador de transferencia bancaria bbva apk,1,X01,not_acquisition_default,not_acquisition_default,False,"Text core is not an independent audience; use manual intent verdict, no MAX/sum universe",KW-cf2e8a0b6dd0
simulador de transferencia bancaria bcp,1,X01,not_acquisition_default,not_acquisition_default,False,"Text core is not an independent audience; use manual intent verdict, no MAX/sum universe",KW-62565c210817
simulador plazo fijo,1,X04,excluded_or_manual_review,excluded_or_manual_review,False,"Text core is not an independent audience; use manual intent verdict, no MAX/sum universe",KW-a10579c7b28c
simulador plazo fijo bbva perú,1,X01,not_acquisition_default,not_acquisition_default,False,"Text core is not an independent audience; use manual intent verdict, no MAX/sum universe",KW-3036539df530
simulador plazo fijo bcp simulador,3,X01,not_acquisition_default,not_acquisition_default,False,"Text core is not an independent audience; use manual intent verdict, no MAX/sum universe",KW-76966c6b06c4;KW-5cdc6671b2b6;KW-dde724d36ba9
simulador plazo fijo mibanco,1,X01,not_acquisition_default,not_acquisition_default,False,"Text core is not an independent audience; use manual intent verdict, no MAX/sum universe",KW-3de375ea4887
simulador plazo fijo scotiabank,1,X01,not_acquisition_default,not_acquisition_default,False,"Text core is not an independent audience; use manual intent verdict, no MAX/sum universe",KW-acae3607c6e5
simular transferencia bancaria,1,E07,assisted_or_service_only,assisted_or_service_only,False,"Text core is not an independent audience; use manual intent verdict, no MAX/sum universe",KW-f256389fa760
sinónimos de número,1,X04,excluded_or_manual_review,excluded_or_manual_review,False,"Text core is not an independent audience; use manual intent verdict, no MAX/sum universe",KW-4db3694596b0
sinónimos de transferencia bancaria,1,E07,assisted_or_service_only,assisted_or_service_only,False,"Text core is not an independent audience; use manual intent verdict, no MAX/sum universe",KW-c23af1d6c572
sip cuenta de ahorro,1,X01,not_acquisition_default,not_acquisition_default,False,"Text core is not an independent audience; use manual intent verdict, no MAX/sum universe",KW-6956cbd4d189
sistema de transferencia bancaria,1,E07,assisted_or_service_only,assisted_or_service_only,False,"Text core is not an independent audience; use manual intent verdict, no MAX/sum universe",KW-4d12100d52a5
skrill transferencia bancaria,1,E07,assisted_or_service_only,assisted_or_service_only,False,"Text core is not an independent audience; use manual intent verdict, no MAX/sum universe",KW-852434eff1f3
sobre cts,1,X03,excluded,excluded,False,"Text core is not an independent audience; use manual intent verdict, no MAX/sum universe",KW-58d118590928
solicitar cuenta de ahorro banco de la nacion,1,X01,not_acquisition_default,not_acquisition_default,False,"Text core is not an independent audience; use manual intent verdict, no MAX/sum universe",KW-a2418feff568
solicitar cuenta de ahorro banco pichincha,1,C05,competitor_consideration_requires_serp,competitor_consideration_requires_serp,False,"Text core is not an independent audience; use manual intent verdict, no MAX/sum universe",KW-122062ec2016
solicitar cuenta de ahorro scotiabank,1,C05,competitor_consideration_requires_serp,competitor_consideration_requires_serp,False,"Text core is not an independent audience; use manual intent verdict, no MAX/sum universe",KW-e8c62e8fc826
solicitar cuenta de ahorros bcp,1,C05,competitor_consideration_requires_serp,competitor_consideration_requires_serp,False,"Text core is not an independent audience; use manual intent verdict, no MAX/sum universe",KW-183126b5215f
solicitar cuenta de ahorros interbank,1,C05,competitor_consideration_requires_serp,competitor_consideration_requires_serp,False,"Text core is not an independent audience; use manual intent verdict, no MAX/sum universe",KW-4e3343cae935
solicitar cuenta en dolares bcp,1,X01,not_acquisition_default,not_acquisition_default,False,"Text core is not an independent audience; use manual intent verdict, no MAX/sum universe",KW-76bf6811fb20
solicitar estado de cuenta bcp,1,X01,not_acquisition_default,not_acquisition_default,False,"Text core is not an independent audience; use manual intent verdict, no MAX/sum universe",KW-ddba0a41a311
solicitar tarjeta física bbva cuenta digital,1,X03,excluded,excluded,False,"Text core is not an independent audience; use manual intent verdict, no MAX/sum universe",KW-0a90e9cd7d93
solicitud de apertura de cuenta de ahorros,1,X04,excluded_or_manual_review,excluded_or_manual_review,False,"Text core is not an independent audience; use manual intent verdict, no MAX/sum universe",KW-1f287aa8b7b6
solicitud de apertura de cuenta de ahorros persona natural,1,X04,excluded_or_manual_review,excluded_or_manual_review,False,"Text core is not an independent audience; use manual intent verdict, no MAX/sum universe",KW-5705a6539e67
solicitud de transferencia al exterior interbank pdf,1,X01,not_acquisition_default,not_acquisition_default,False,"Text core is not an independent audience; use manual intent verdict, no MAX/sum universe",KW-8d02797b6461
soporte yape,3,X01,not_acquisition_default,not_acquisition_default,False,"Text core is not an independent audience; use manual intent verdict, no MAX/sum universe",KW-ca614d7b741b;KW-58d2c480a50a;KW-c100d8f98056
sorteo bcp cuenta digital,1,X01,not_acquisition_default,not_acquisition_default,False,"Text core is not an independent audience; use manual intent verdict, no MAX/sum universe",KW-ad93efd7d9a9
sorteo scotiabank 2024,1,X01,not_acquisition_default,not_acquisition_default,False,"Text core is not an independent audience; use manual intent verdict, no MAX/sum universe",KW-06a6f6ada6c1
stripe transferencia bancaria,1,E07,assisted_or_service_only,assisted_or_service_only,False,"Text core is not an independent audience; use manual intent verdict, no MAX/sum universe",KW-0826df8deb24
sube el dólar,1,X04,excluded_or_manual_review,excluded_or_manual_review,False,"Text core is not an independent audience; use manual intent verdict, no MAX/sum universe",KW-e3c3f9529623
sucursales del bcp en el extranjero,1,X01,not_acquisition_default,not_acquisition_default,False,"Text core is not an independent audience; use manual intent verdict, no MAX/sum universe",KW-6212f50f6000
super cuenta scotiabank,1,X01,not_acquisition_default,not_acquisition_default,False,"Text core is not an independent audience; use manual intent verdict, no MAX/sum universe",KW-bd570177ac4a
super mario galaxy: la película,1,X04,excluded_or_manual_review,excluded_or_manual_review,False,"Text core is not an independent audience; use manual intent verdict, no MAX/sum universe",KW-4364ad0cca20
super prime caminos del inca 2025,1,X04,excluded_or_manual_review,excluded_or_manual_review,False,"Text core is not an independent audience; use manual intent verdict, no MAX/sum universe",KW-9d0f09941f6a
super tasa interbank,1,X01,not_acquisition_default,not_acquisition_default,False,"Text core is not an independent audience; use manual intent verdict, no MAX/sum universe",KW-a72e509faffa
super wallpaper,1,X04,excluded_or_manual_review,excluded_or_manual_review,False,"Text core is not an independent audience; use manual intent verdict, no MAX/sum universe",KW-94d5f234283d
swift bancario,1,X04,excluded_or_manual_review,excluded_or_manual_review,False,"Text core is not an independent audience; use manual intent verdict, no MAX/sum universe",KW-232e92c7474a
swift bcp,3,X01,not_acquisition_default,not_acquisition_default,False,"Text core is not an independent audience; use manual intent verdict, no MAX/sum universe",KW-73b4e6bd52f3;KW-7555bfc96dc6;KW-bb0fd4456b00
swift bcp peru,1,X01,not_acquisition_default,not_acquisition_default,False,"Text core is not an independent audience; use manual intent verdict, no MAX/sum universe",KW-22df1b2a687c
swift code bcp,1,X01,not_acquisition_default,not_acquisition_default,False,"Text core is not an independent audience; use manual intent verdict, no MAX/sum universe",KW-eb27659643b2
súper cuenta scotiabank beneficios,1,X01,not_acquisition_default,not_acquisition_default,False,"Text core is not an independent audience; use manual intent verdict, no MAX/sum universe",KW-f28d5d6b7489
súper cuenta scotiabank cobra mantenimiento,1,X01,not_acquisition_default,not_acquisition_default,False,"Text core is not an independent audience; use manual intent verdict, no MAX/sum universe",KW-b65b89afc246
súper cuenta scotiabank tasa de interés,1,X01,not_acquisition_default,not_acquisition_default,False,"Text core is not an independent audience; use manual intent verdict, no MAX/sum universe",KW-7ff69cf05b60
tabla para ahorrar dinero,1,E10,assisted_only,assisted_only,False,"Text core is not an independent audience; use manual intent verdict, no MAX/sum universe",KW-ea51a10bf019
tarjeta bbva cuenta de ahorros,1,X03,excluded,excluded,False,"Text core is not an independent audience; use manual intent verdict, no MAX/sum universe",KW-75d4a1ae97b9
tarjeta bcp cuenta de ahorros,1,X03,excluded,excluded,False,"Text core is not an independent audience; use manual intent verdict, no MAX/sum universe",KW-ddb3a6b14884
tarjeta cencosud estado de cuenta,1,X03,excluded,excluded,False,"Text core is not an independent audience; use manual intent verdict, no MAX/sum universe",KW-518613c7d125
tarjeta cuenta de ahorros bcp,1,X03,excluded,excluded,False,"Text core is not an independent audience; use manual intent verdict, no MAX/sum universe",KW-6731ffd4542d
tarjeta de ahorro,1,X03,excluded,excluded,False,"Text core is not an independent audience; use manual intent verdict, no MAX/sum universe",KW-0bcee6f52f4f
tarjeta de ahorros bcp,1,X03,excluded,excluded,False,"Text core is not an independent audience; use manual intent verdict, no MAX/sum universe",KW-7c488ed31a92
tarjeta de credito debito,1,X03,excluded,excluded,False,"Text core is not an independent audience; use manual intent verdict, no MAX/sum universe",KW-35725c3c55c6
tarjeta de credito o debito,1,X03,excluded,excluded,False,"Text core is not an independent audience; use manual intent verdict, no MAX/sum universe",KW-9533221ce53b
tarjeta de credito y debito,1,X03,excluded,excluded,False,"Text core is not an independent audience; use manual intent verdict, no MAX/sum universe",KW-2c99b3361b11
tarjeta de debito,2,X03,excluded,excluded,False,"Text core is not an independent audience; use manual intent verdict, no MAX/sum universe",KW-cb5f8c6e5699;KW-5304d00ba822
tarjeta de debito es cuenta de ahorro,1,X03,excluded,excluded,False,"Text core is not an independent audience; use manual intent verdict, no MAX/sum universe",KW-f52b78b63530
tarjeta de debito que es,3,X03,excluded,excluded,False,"Text core is not an independent audience; use manual intent verdict, no MAX/sum universe",KW-a416e5e7d8d7;KW-b38f25890b06;KW-a2cefbeaf77f
tarjeta digital bbva,1,X03,excluded,excluded,False,"Text core is not an independent audience; use manual intent verdict, no MAX/sum universe",KW-087dbd9eba42
tarjeta digital bcp,1,X03,excluded,excluded,False,"Text core is not an independent audience; use manual intent verdict, no MAX/sum universe",KW-fcd10ab9d3e9
tarjeta digital rappi cuenta,1,X03,excluded,excluded,False,"Text core is not an independent audience; use manual intent verdict, no MAX/sum universe",KW-184ec87449fb
tarjeta free scotiabank,1,X03,excluded,excluded,False,"Text core is not an independent audience; use manual intent verdict, no MAX/sum universe",KW-268b4d9a5aa1
tarjeta interbank cuenta de ahorros,1,X03,excluded,excluded,False,"Text core is not an independent audience; use manual intent verdict, no MAX/sum universe",KW-227276826da2
tarjeta oechsle estado de cuenta,1,X03,excluded,excluded,False,"Text core is not an independent audience; use manual intent verdict, no MAX/sum universe",KW-32b6ac3dfe53
tarjeta virtual bcp,1,X03,excluded,excluded,False,"Text core is not an independent audience; use manual intent verdict, no MAX/sum universe",KW-5dbf7b8358c0
tarjetas numericas,1,X03,excluded,excluded,False,"Text core is not an independent audience; use manual intent verdict, no MAX/sum universe",KW-f02c20edd158
tasa de interes anual,1,X04,excluded_or_manual_review,excluded_or_manual_review,False,"Text core is not an independent audience; use manual intent verdict, no MAX/sum universe",KW-73263584eb3d
tasa de interes cuenta de ahorro,1,A02,market_proxy_sensitivity,market_proxy_sensitivity,False,"Text core is not an independent audience; use manual intent verdict, no MAX/sum universe",KW-36eeac47ed6f
tasa de interes cuenta de ahorros,1,X04,excluded_or_manual_review,excluded_or_manual_review,False,"Text core is not an independent audience; use manual intent verdict, no MAX/sum universe",KW-5d8bdd08e877
tasa de interes plazo fijo,1,X04,excluded_or_manual_review,excluded_or_manual_review,False,"Text core is not an independent audience; use manual intent verdict, no MAX/sum universe",KW-23c7721b29fe
tasa de interés,1,C04,no_default_mixed_intent,no_default_mixed_intent,False,"Text core is not an independent audience; use manual intent verdict, no MAX/sum universe",KW-f45acb00920f
tasa de interés promedio del sistema bancario sbs,1,X01,not_acquisition_default,not_acquisition_default,False,"Text core is not an independent audience; use manual intent verdict, no MAX/sum universe",KW-34fea411607a
tasa de transferencia bancaria,1,E07,assisted_or_service_only,assisted_or_service_only,False,"Text core is not an independent audience; use manual intent verdict, no MAX/sum universe",KW-633619780b2b
tasa efectiva anual cuenta de ahorros,1,C05,competitor_consideration_requires_serp,competitor_consideration_requires_serp,False,"Text core is not an independent audience; use manual intent verdict, no MAX/sum universe",KW-d7c5a5278847
tasa plazo fijo,1,X04,excluded_or_manual_review,excluded_or_manual_review,False,"Text core is not an independent audience; use manual intent verdict, no MAX/sum universe",KW-5b63ef7fddf7
tasas de interes bancos,1,C04,no_default_mixed_intent,no_default_mixed_intent,False,"Text core is not an independent audience; use manual intent verdict, no MAX/sum universe",KW-2d9be3ad6e0f
tasas de interés a plazo fijo,2,X04,excluded_or_manual_review,excluded_or_manual_review,False,"Text core is not an independent audience; use manual intent verdict, no MAX/sum universe",KW-6ca5fc135644;KW-e2a361aa3d8a
tasas de interés bancos,3,C04,no_default_mixed_intent,no_default_mixed_intent,False,"Text core is not an independent audience; use manual intent verdict, no MAX/sum universe",KW-97be4f84b9c1;KW-a58ecf49a79a;KW-12f52382a649
tasas de interés bancos ahorros,1,C04,no_default_mixed_intent,no_default_mixed_intent,False,"Text core is not an independent audience; use manual intent verdict, no MAX/sum universe",KW-9e68edf0e396
tasas de interés bancos préstamos perú,1,X03,excluded,excluded,False,"Text core is not an independent audience; use manual intent verdict, no MAX/sum universe",KW-085cb338d50d
tasas de interés cuenta de ahorros sbs,2,C05,competitor_consideration_requires_serp,competitor_consideration_requires_serp,False,"Text core is not an independent audience; use manual intent verdict, no MAX/sum universe",KW-cd28d8b5ad51;KW-074d5a6a0648
tasas pasivas sbs,1,C05,competitor_consideration_requires_serp,competitor_consideration_requires_serp,False,"Text core is not an independent audience; use manual intent verdict, no MAX/sum universe",KW-82fd08b4af91
tea cuenta de ahorros,1,X04,excluded_or_manual_review,excluded_or_manual_review,False,"Text core is not an independent audience; use manual intent verdict, no MAX/sum universe",KW-b273e3927f62
teléfono scotiabank perú,1,X01,not_acquisition_default,not_acquisition_default,False,"Text core is not an independent audience; use manual intent verdict, no MAX/sum universe",KW-3aaa7e329510
tener cuenta en dolares,1,X02,product_launch_required,product_launch_required,False,"Text core is not an independent audience; use manual intent verdict, no MAX/sum universe",KW-2560a87991d9
tiempo de espera de una transferencia bancaria,1,E08,assisted_or_service_only,assisted_or_service_only,False,"Text core is not an independent audience; use manual intent verdict, no MAX/sum universe",KW-60b1ec7f7e95
tipo de cambio scotiabank perú hoy,1,X01,not_acquisition_default,not_acquisition_default,False,"Text core is not an independent audience; use manual intent verdict, no MAX/sum universe",KW-c32b3ff66eb3
tipos de ahorro,2,X04,excluded_or_manual_review,excluded_or_manual_review,False,"Text core is not an independent audience; use manual intent verdict, no MAX/sum universe",KW-88fca10741f1;KW-e342caf7dfb9
tipos de cuenta bancaria,3,X04,excluded_or_manual_review,excluded_or_manual_review,False,"Text core is not an independent audience; use manual intent verdict, no MAX/sum universe",KW-c4ef6572a250;KW-16fceaaf0ebd;KW-83fae11f0caa
tipos de cuenta bcp,1,X01,not_acquisition_default,not_acquisition_default,False,"Text core is not an independent audience; use manual intent verdict, no MAX/sum universe",KW-2100f05b9ad8
tipos de cuenta de ahorro interbank,1,C05,competitor_consideration_requires_serp,competitor_consideration_requires_serp,False,"Text core is not an independent audience; use manual intent verdict, no MAX/sum universe",KW-8132d75fadf3
tipos de cuenta interbank,1,X01,not_acquisition_default,not_acquisition_default,False,"Text core is not an independent audience; use manual intent verdict, no MAX/sum universe",KW-58fcffc9317b
tipos de cuentas bbva,1,X01,not_acquisition_default,not_acquisition_default,False,"Text core is not an independent audience; use manual intent verdict, no MAX/sum universe",KW-78aaaab5c056
tipos de cuentas de ahorro bbva,1,C05,competitor_consideration_requires_serp,competitor_consideration_requires_serp,False,"Text core is not an independent audience; use manual intent verdict, no MAX/sum universe",KW-0ce01398ef84
tipos de cuentas de ahorro bcp,2,C05,competitor_consideration_requires_serp,competitor_consideration_requires_serp,False,"Text core is not an independent audience; use manual intent verdict, no MAX/sum universe",KW-e1fab38647d1;KW-8997dfef9eb8
tipos de cuentos,1,X04,excluded_or_manual_review,excluded_or_manual_review,False,"Text core is not an independent audience; use manual intent verdict, no MAX/sum universe",KW-5bde5adec229
tipos de transferencia bancaria perú,1,E07,assisted_or_service_only,assisted_or_service_only,False,"Text core is not an independent audience; use manual intent verdict, no MAX/sum universe",KW-853b11e90ede
tipos de transferencias bancarias,2,E07,assisted_or_service_only,assisted_or_service_only,False,"Text core is not an independent audience; use manual intent verdict, no MAX/sum universe",KW-cb9c8c799960;KW-8899f6f56e7a
tips de como ahorrar dinero,3,E10,assisted_only,assisted_only,False,"Text core is not an independent audience; use manual intent verdict, no MAX/sum universe",KW-f09d3b4ffe64;KW-63ddf92ebcc5;KW-aaf4e1d86b39
tope 4x1000 cuenta de ahorros bancolombia,1,X01,not_acquisition_default,not_acquisition_default,False,"Text core is not an independent audience; use manual intent verdict, no MAX/sum universe",KW-d2d38617cbac
tope cuenta de ahorros 4x1000,1,X04,excluded_or_manual_review,excluded_or_manual_review,False,"Text core is not an independent audience; use manual intent verdict, no MAX/sum universe",KW-1ce53fa1c609
topes cuenta de ahorros bancolombia,1,X01,not_acquisition_default,not_acquisition_default,False,"Text core is not an independent audience; use manual intent verdict, no MAX/sum universe",KW-b670b1af5f62
tra,1,X04,excluded_or_manual_review,excluded_or_manual_review,False,"Text core is not an independent audience; use manual intent verdict, no MAX/sum universe",KW-aa88128b5f40
transferencia,1,E07,assisted_or_service_only,assisted_or_service_only,False,"Text core is not an independent audience; use manual intent verdict, no MAX/sum universe",KW-2cd43a678bfa
transferencia a cuenta bancaria correcta con beneficiario incorrecto,1,E07,assisted_or_service_only,assisted_or_service_only,False,"Text core is not an independent audience; use manual intent verdict, no MAX/sum universe",KW-b361be661226
transferencia a cuenta en dolares,1,X02,product_launch_required,product_launch_required,False,"Text core is not an independent audience; use manual intent verdict, no MAX/sum universe",KW-013f0b3ee105
transferencia a terceros bcp,2,X01,not_acquisition_default,not_acquisition_default,False,"Text core is not an independent audience; use manual intent verdict, no MAX/sum universe",KW-f5ab7e79f39d;KW-410b0c68b911
transferencia al exterior bcp,1,X01,not_acquisition_default,not_acquisition_default,False,"Text core is not an independent audience; use manual intent verdict, no MAX/sum universe",KW-431410a4961c
transferencia al exterior bcp banca por internet,1,X01,not_acquisition_default,not_acquisition_default,False,"Text core is not an independent audience; use manual intent verdict, no MAX/sum universe",KW-4a70c4b59a01
transferencia al exterior bcp empresas,1,X01,not_acquisition_default,not_acquisition_default,False,"Text core is not an independent audience; use manual intent verdict, no MAX/sum universe",KW-71d2f0db7fab
transferencia al exterior interbank,1,X01,not_acquisition_default,not_acquisition_default,False,"Text core is not an independent audience; use manual intent verdict, no MAX/sum universe",KW-3764ed95b6c4
transferencia bancaria,1,E07,assisted_or_service_only,assisted_or_service_only,False,"Text core is not an independent audience; use manual intent verdict, no MAX/sum universe",KW-ee2d6a5d9b6c
transferencia bancaria 2020,1,E07,assisted_or_service_only,assisted_or_service_only,False,"Text core is not an independent audience; use manual intent verdict, no MAX/sum universe",KW-2120efc0bd35
transferencia bancaria a binance,1,E07,assisted_or_service_only,assisted_or_service_only,False,"Text core is not an independent audience; use manual intent verdict, no MAX/sum universe",KW-042ec68a9716
transferencia bancaria a brasil,1,X03,excluded,excluded,False,"Text core is not an independent audience; use manual intent verdict, no MAX/sum universe",KW-0107d3f0b798
transferencia bancaria a cuba bandec,1,E07,assisted_or_service_only,assisted_or_service_only,False,"Text core is not an independent audience; use manual intent verdict, no MAX/sum universe",KW-3be0f69ed094
transferencia bancaria a cuba bpa,1,E07,assisted_or_service_only,assisted_or_service_only,False,"Text core is not an independent audience; use manual intent verdict, no MAX/sum universe",KW-c78d4a181d34
transferencia bancaria a estados unidos desde argentina,1,X03,excluded,excluded,False,"Text core is not an independent audience; use manual intent verdict, no MAX/sum universe",KW-6c7e54b46655
transferencia bancaria a estados unidos desde chile,1,X03,excluded,excluded,False,"Text core is not an independent audience; use manual intent verdict, no MAX/sum universe",KW-9a96ba801e2b
transferencia bancaria a mercadopago,1,E07,assisted_or_service_only,assisted_or_service_only,False,"Text core is not an independent audience; use manual intent verdict, no MAX/sum universe",KW-51a0212eef1f
transferencia bancaria a otro pais,1,E07,assisted_or_service_only,assisted_or_service_only,False,"Text core is not an independent audience; use manual intent verdict, no MAX/sum universe",KW-5f380a2880e7
transferencia bancaria ach,1,E07,assisted_or_service_only,assisted_or_service_only,False,"Text core is not an independent audience; use manual intent verdict, no MAX/sum universe",KW-403fc400bec3
transferencia bancaria airbnb,1,E07,assisted_or_service_only,assisted_or_service_only,False,"Text core is not an independent audience; use manual intent verdict, no MAX/sum universe",KW-518b59195db6
transferencia bancaria aliexpress,2,E07,assisted_or_service_only,assisted_or_service_only,False,"Text core is not an independent audience; use manual intent verdict, no MAX/sum universe",KW-9e59b418f4be;KW-9546d607aeb5
transferencia bancaria apuesta total,1,X03,excluded,excluded,False,"Text core is not an independent audience; use manual intent verdict, no MAX/sum universe",KW-8d4372414100
transferencia bancaria argentina,1,X03,excluded,excluded,False,"Text core is not an independent audience; use manual intent verdict, no MAX/sum universe",KW-3784ea1fc8e4
transferencia bancaria banco estado,1,X01,not_acquisition_default,not_acquisition_default,False,"Text core is not an independent audience; use manual intent verdict, no MAX/sum universe",KW-aabc3b99979b
transferencia bancaria bancomer,1,X01,not_acquisition_default,not_acquisition_default,False,"Text core is not an independent audience; use manual intent verdict, no MAX/sum universe",KW-fac5b1ed3b19
transferencia bancaria bancoppel,1,X01,not_acquisition_default,not_acquisition_default,False,"Text core is not an independent audience; use manual intent verdict, no MAX/sum universe",KW-9f0e3dc76e0f
transferencia bancaria bankia,1,X01,not_acquisition_default,not_acquisition_default,False,"Text core is not an independent audience; use manual intent verdict, no MAX/sum universe",KW-d1ff119b19d1
transferencia bancaria banorte,1,X01,not_acquisition_default,not_acquisition_default,False,"Text core is not an independent audience; use manual intent verdict, no MAX/sum universe",KW-ee7d5abc37e1
transferencia bancaria bcp,1,X01,not_acquisition_default,not_acquisition_default,False,"Text core is not an independent audience; use manual intent verdict, no MAX/sum universe",KW-2c6b71f4be06
transferencia bancaria bet365,2,X03,excluded,excluded,False,"Text core is not an independent audience; use manual intent verdict, no MAX/sum universe",KW-ebe5655cc51b;KW-8fa9308d9ea0
transferencia bancaria celular,1,E07,assisted_or_service_only,assisted_or_service_only,False,"Text core is not an independent audience; use manual intent verdict, no MAX/sum universe",KW-bb079a82c3f7
transferencia bancaria con el nombre del destinatario incorrecto,1,E07,assisted_or_service_only,assisted_or_service_only,False,"Text core is not an independent audience; use manual intent verdict, no MAX/sum universe",KW-8ed786381814
transferencia bancaria con el nombre del destinatario incorrecto bbva,1,X01,not_acquisition_default,not_acquisition_default,False,"Text core is not an independent audience; use manual intent verdict, no MAX/sum universe",KW-c8fc8b486203
transferencia bancaria con el nombre del destinatario incorrecto bcp,1,X01,not_acquisition_default,not_acquisition_default,False,"Text core is not an independent audience; use manual intent verdict, no MAX/sum universe",KW-57ba9f795b5d
transferencia bancaria con el nombre del destinatario incorrecto santander,1,X01,not_acquisition_default,not_acquisition_default,False,"Text core is not an independent audience; use manual intent verdict, no MAX/sum universe",KW-d3c53d9c402e
transferencia bancaria concepto,2,E07,assisted_or_service_only,assisted_or_service_only,False,"Text core is not an independent audience; use manual intent verdict, no MAX/sum universe",KW-caa8b7fb7aed;KW-951cbf8c2c0d
transferencia bancaria contabilidad,1,X03,excluded,excluded,False,"Text core is not an independent audience; use manual intent verdict, no MAX/sum universe",KW-5ea60b65e95d
transferencia bancaria de argentina a uruguay,1,X03,excluded,excluded,False,"Text core is not an independent audience; use manual intent verdict, no MAX/sum universe",KW-7fc60fdf8714
transferencia bancaria de chile a perú,1,X03,excluded,excluded,False,"Text core is not an independent audience; use manual intent verdict, no MAX/sum universe",KW-af75060af857
transferencia bancaria de empresa a particular,1,X03,excluded,excluded,False,"Text core is not an independent audience; use manual intent verdict, no MAX/sum universe",KW-63a21d1eb531
transferencia bancaria de españa a peru,1,X03,excluded,excluded,False,"Text core is not an independent audience; use manual intent verdict, no MAX/sum universe",KW-daefb7a7ee31
transferencia bancaria de un banco a otro,2,E07,assisted_or_service_only,assisted_or_service_only,False,"Text core is not an independent audience; use manual intent verdict, no MAX/sum universe",KW-adf54c0a130f;KW-4f48be8b1783
transferencia bancaria directa,1,E07,assisted_or_service_only,assisted_or_service_only,False,"Text core is not an independent audience; use manual intent verdict, no MAX/sum universe",KW-d4d0449902cf
transferencia bancaria día feriado,1,E07,assisted_or_service_only,assisted_or_service_only,False,"Text core is not an independent audience; use manual intent verdict, no MAX/sum universe",KW-30686f961420
transferencia bancaria en frances,1,E07,assisted_or_service_only,assisted_or_service_only,False,"Text core is not an independent audience; use manual intent verdict, no MAX/sum universe",KW-d8d67db9b642
transferencia bancaria en ingles,2,X01,not_acquisition_default,not_acquisition_default,False,"Text core is not an independent audience; use manual intent verdict, no MAX/sum universe",KW-f7b121cc2b06;KW-e8d447dee739
transferencia bancaria en linea,1,E07,assisted_or_service_only,assisted_or_service_only,False,"Text core is not an independent audience; use manual intent verdict, no MAX/sum universe",KW-c39ee6a6ddd6
transferencia bancaria en moneda local,1,E07,assisted_or_service_only,assisted_or_service_only,False,"Text core is not an independent audience; use manual intent verdict, no MAX/sum universe",KW-56e1c773c4fc
transferencia bancaria europa,1,X03,excluded,excluded,False,"Text core is not an independent audience; use manual intent verdict, no MAX/sum universe",KW-58f8063adeef
transferencia bancaria fake,1,E07,assisted_or_service_only,assisted_or_service_only,False,"Text core is not an independent audience; use manual intent verdict, no MAX/sum universe",KW-443a5096ecbc
transferencia bancaria falsa broma,1,X03,excluded,excluded,False,"Text core is not an independent audience; use manual intent verdict, no MAX/sum universe",KW-10551b4ff8b0
transferencia bancaria inmediata,1,E08,assisted_or_service_only,assisted_or_service_only,False,"Text core is not an independent audience; use manual intent verdict, no MAX/sum universe",KW-d969395d6f66
transferencia bancaria internacional,1,X03,excluded,excluded,False,"Text core is not an independent audience; use manual intent verdict, no MAX/sum universe",KW-bba9da6ec337
transferencia bancaria internacional argentina,1,X03,excluded,excluded,False,"Text core is not an independent audience; use manual intent verdict, no MAX/sum universe",KW-1937bbf79d0d
transferencia bancaria internacional banamex,1,X01,not_acquisition_default,not_acquisition_default,False,"Text core is not an independent audience; use manual intent verdict, no MAX/sum universe",KW-acadbb21bac1
transferencia bancaria internacional banco estado,1,X01,not_acquisition_default,not_acquisition_default,False,"Text core is not an independent audience; use manual intent verdict, no MAX/sum universe",KW-69de402084ec
transferencia bancaria internacional bancolombia,1,X01,not_acquisition_default,not_acquisition_default,False,"Text core is not an independent audience; use manual intent verdict, no MAX/sum universe",KW-8505c906b7c2
transferencia bancaria internacional bbva,1,X01,not_acquisition_default,not_acquisition_default,False,"Text core is not an independent audience; use manual intent verdict, no MAX/sum universe",KW-1c1f682fb150
transferencia bancaria internacional bcp,1,X01,not_acquisition_default,not_acquisition_default,False,"Text core is not an independent audience; use manual intent verdict, no MAX/sum universe",KW-512327c4e91d
transferencia bancaria internacional interbank,1,X01,not_acquisition_default,not_acquisition_default,False,"Text core is not an independent audience; use manual intent verdict, no MAX/sum universe",KW-664e6fa6db46
transferencia bancaria internacional paraguay,1,X03,excluded,excluded,False,"Text core is not an independent audience; use manual intent verdict, no MAX/sum universe",KW-155743f7f81a
transferencia bancaria internacional scotiabank,1,X01,not_acquisition_default,not_acquisition_default,False,"Text core is not an independent audience; use manual intent verdict, no MAX/sum universe",KW-c33dc6f55879
transferencia bancaria kwai,1,E07,assisted_or_service_only,assisted_or_service_only,False,"Text core is not an independent audience; use manual intent verdict, no MAX/sum universe",KW-9414ace5c8c7
transferencia bancaria la caixa,1,E07,assisted_or_service_only,assisted_or_service_only,False,"Text core is not an independent audience; use manual intent verdict, no MAX/sum universe",KW-1bda70c8b2f4
transferencia bancaria local,1,E07,assisted_or_service_only,assisted_or_service_only,False,"Text core is not an independent audience; use manual intent verdict, no MAX/sum universe",KW-d1ab9b3cc697
transferencia bancaria local 1xbet,1,E07,assisted_or_service_only,assisted_or_service_only,False,"Text core is not an independent audience; use manual intent verdict, no MAX/sum universe",KW-cd0fb58a8793
transferencia bancaria mercadolibre,1,E07,assisted_or_service_only,assisted_or_service_only,False,"Text core is not an independent audience; use manual intent verdict, no MAX/sum universe",KW-071df469d7c4
transferencia bancaria movil,1,E07,assisted_or_service_only,assisted_or_service_only,False,"Text core is not an independent audience; use manual intent verdict, no MAX/sum universe",KW-dd8c5e71fa38
transferencia bancaria no autorizada,1,E07,assisted_or_service_only,assisted_or_service_only,False,"Text core is not an independent audience; use manual intent verdict, no MAX/sum universe",KW-4f2967b0fc6f
transferencia bancaria offline,1,E07,assisted_or_service_only,assisted_or_service_only,False,"Text core is not an independent audience; use manual intent verdict, no MAX/sum universe",KW-5c3668eab345
transferencia bancaria omf,1,E07,assisted_or_service_only,assisted_or_service_only,False,"Text core is not an independent audience; use manual intent verdict, no MAX/sum universe",KW-d9a42ddac560
transferencia bancaria online bbva,1,X01,not_acquisition_default,not_acquisition_default,False,"Text core is not an independent audience; use manual intent verdict, no MAX/sum universe",KW-ac12a0c5fba0
transferencia bancaria para compra de inmueble,2,E07,assisted_or_service_only,assisted_or_service_only,False,"Text core is not an independent audience; use manual intent verdict, no MAX/sum universe",KW-8e1eef218343;KW-4047c74fcf54
transferencia bancaria paraguay,1,X03,excluded,excluded,False,"Text core is not an independent audience; use manual intent verdict, no MAX/sum universe",KW-1d76d6fd82ce
transferencia bancaria pdf,1,E07,assisted_or_service_only,assisted_or_service_only,False,"Text core is not an independent audience; use manual intent verdict, no MAX/sum universe",KW-1aae71236030
transferencia bancaria pichincha,1,X01,not_acquisition_default,not_acquisition_default,False,"Text core is not an independent audience; use manual intent verdict, no MAX/sum universe",KW-e6228ee4a524
transferencia bancaria por cajero automatico,1,E07,assisted_or_service_only,assisted_or_service_only,False,"Text core is not an independent audience; use manual intent verdict, no MAX/sum universe",KW-8340e737de6e
transferencia bancaria por internet,1,E07,assisted_or_service_only,assisted_or_service_only,False,"Text core is not an independent audience; use manual intent verdict, no MAX/sum universe",KW-b4217e234455
transferencia bancaria que cuenta es,1,E07,assisted_or_service_only,assisted_or_service_only,False,"Text core is not an independent audience; use manual intent verdict, no MAX/sum universe",KW-9f57d13e2a01
transferencia bancaria que significa,2,E07,assisted_or_service_only,assisted_or_service_only,False,"Text core is not an independent audience; use manual intent verdict, no MAX/sum universe",KW-ff9a258b2975;KW-4577c8b2294c
transferencia bancaria rappi,1,X01,not_acquisition_default,not_acquisition_default,False,"Text core is not an independent audience; use manual intent verdict, no MAX/sum universe",KW-fee3fc6bca04
transferencia bancaria rechazada,1,E07,assisted_or_service_only,assisted_or_service_only,False,"Text core is not an independent audience; use manual intent verdict, no MAX/sum universe",KW-179c05f1f493
transferencia bancaria sabadell,1,X01,not_acquisition_default,not_acquisition_default,False,"Text core is not an independent audience; use manual intent verdict, no MAX/sum universe",KW-761785aa30a5
transferencia bancaria sabado,1,E07,assisted_or_service_only,assisted_or_service_only,False,"Text core is not an independent audience; use manual intent verdict, no MAX/sum universe",KW-aeaad984306e
transferencia bancaria sepa binance,1,E07,assisted_or_service_only,assisted_or_service_only,False,"Text core is not an independent audience; use manual intent verdict, no MAX/sum universe",KW-8dce2bc468cf
transferencia bancaria significado,1,E07,assisted_or_service_only,assisted_or_service_only,False,"Text core is not an independent audience; use manual intent verdict, no MAX/sum universe",KW-8a048d3d0cba
transferencia bancaria sin autorización,1,E07,assisted_or_service_only,assisted_or_service_only,False,"Text core is not an independent audience; use manual intent verdict, no MAX/sum universe",KW-c1358ff89a7a
transferencia bancaria sin nombre,1,E07,assisted_or_service_only,assisted_or_service_only,False,"Text core is not an independent audience; use manual intent verdict, no MAX/sum universe",KW-902b8d8ce0d5
transferencia bancaria sin tarjeta,1,X03,excluded,excluded,False,"Text core is not an independent audience; use manual intent verdict, no MAX/sum universe",KW-aabb4331a898
transferencia bancaria sinonimo,2,E07,assisted_or_service_only,assisted_or_service_only,False,"Text core is not an independent audience; use manual intent verdict, no MAX/sum universe",KW-1d8cb5578c61;KW-047d5b21b303
transferencia bancaria spei,1,E07,assisted_or_service_only,assisted_or_service_only,False,"Text core is not an independent audience; use manual intent verdict, no MAX/sum universe",KW-0f421c2ca3eb
transferencia bancaria swift,1,E07,assisted_or_service_only,assisted_or_service_only,False,"Text core is not an independent audience; use manual intent verdict, no MAX/sum universe",KW-006608760853
transferencia bancaria te cobran,1,E07,assisted_or_service_only,assisted_or_service_only,False,"Text core is not an independent audience; use manual intent verdict, no MAX/sum universe",KW-e66f68eb1f45
transferencia bancaria tiempo,1,E08,assisted_or_service_only,assisted_or_service_only,False,"Text core is not an independent audience; use manual intent verdict, no MAX/sum universe",KW-0e0f7648b67c
transferencia bancaria tiempo de acreditacion,1,E08,assisted_or_service_only,assisted_or_service_only,False,"Text core is not an independent audience; use manual intent verdict, no MAX/sum universe",KW-96daad93c6d3
transferencia bancaria tiktok,1,E07,assisted_or_service_only,assisted_or_service_only,False,"Text core is not an independent audience; use manual intent verdict, no MAX/sum universe",KW-ff6085bef01d
transferencia bancaria traduccion,1,E07,assisted_or_service_only,assisted_or_service_only,False,"Text core is not an independent audience; use manual intent verdict, no MAX/sum universe",KW-efc9e5604c14
transferencia bancaria translation,1,E07,assisted_or_service_only,assisted_or_service_only,False,"Text core is not an independent audience; use manual intent verdict, no MAX/sum universe",KW-ed7da76192f7
transferencia bancaria uala,1,X01,not_acquisition_default,not_acquisition_default,False,"Text core is not an independent audience; use manual intent verdict, no MAX/sum universe",KW-aa09118602f8
transferencia bancaria unicaja,1,E07,assisted_or_service_only,assisted_or_service_only,False,"Text core is not an independent audience; use manual intent verdict, no MAX/sum universe",KW-2bff0471936b
transferencia bancaria urgente,1,E07,assisted_or_service_only,assisted_or_service_only,False,"Text core is not an independent audience; use manual intent verdict, no MAX/sum universe",KW-0fa9df433e33
transferencia bancaria uruguay,1,X03,excluded,excluded,False,"Text core is not an independent audience; use manual intent verdict, no MAX/sum universe",KW-0f8a77e8a8ee
transferencia bancaria vector,1,E07,assisted_or_service_only,assisted_or_service_only,False,"Text core is not an independent audience; use manual intent verdict, no MAX/sum universe",KW-939d620532cf
transferencia bancaria visa,1,E07,assisted_or_service_only,assisted_or_service_only,False,"Text core is not an independent audience; use manual intent verdict, no MAX/sum universe",KW-0ce937898816
transferencia bancaria wire,1,E07,assisted_or_service_only,assisted_or_service_only,False,"Text core is not an independent audience; use manual intent verdict, no MAX/sum universe",KW-a265782cafec
transferencia bcp,2,X01,not_acquisition_default,not_acquisition_default,False,"Text core is not an independent audience; use manual intent verdict, no MAX/sum universe",KW-3808434b75ea;KW-f4d7c31436c1
transferencia bcp a banco de la nación,1,X01,not_acquisition_default,not_acquisition_default,False,"Text core is not an independent audience; use manual intent verdict, no MAX/sum universe",KW-6f29a97ebe4f
transferencia bcp a bcp costo,1,X01,not_acquisition_default,not_acquisition_default,False,"Text core is not an independent audience; use manual intent verdict, no MAX/sum universe",KW-deff6405a738
transferencia bcp a bcp monto máximo,3,X01,not_acquisition_default,not_acquisition_default,False,"Text core is not an independent audience; use manual intent verdict, no MAX/sum universe",KW-02404f24e410;KW-3f8684b6e263;KW-e8836617a8ee
transferencia crédito bancario,1,X03,excluded,excluded,False,"Text core is not an independent audience; use manual intent verdict, no MAX/sum universe",KW-da61b5d36118
transferencia de fondos,2,E07,assisted_or_service_only,assisted_or_service_only,False,"Text core is not an independent audience; use manual intent verdict, no MAX/sum universe",KW-fe1533c63f49;KW-497bac58e61c
transferencia de fondos bancarios,1,E07,assisted_or_service_only,assisted_or_service_only,False,"Text core is not an independent audience; use manual intent verdict, no MAX/sum universe",KW-4f2411f79d40
transferencia de scotiabank a bcp,2,X01,not_acquisition_default,not_acquisition_default,False,"Text core is not an independent audience; use manual intent verdict, no MAX/sum universe",KW-cc176cad6dfb;KW-2d08b12f84a8
transferencia diferida,1,E08,assisted_or_service_only,assisted_or_service_only,False,"Text core is not an independent audience; use manual intent verdict, no MAX/sum universe",KW-6ce6bed94d1a
transferencia diferida bcp,2,X01,not_acquisition_default,not_acquisition_default,False,"Text core is not an independent audience; use manual intent verdict, no MAX/sum universe",KW-7f5d2796f330;KW-d6fd45ac379a
transferencia diferida interbank,1,X01,not_acquisition_default,not_acquisition_default,False,"Text core is not an independent audience; use manual intent verdict, no MAX/sum universe",KW-ed8211a47361
transferencia diferida interbank a bcp,1,X01,not_acquisition_default,not_acquisition_default,False,"Text core is not an independent audience; use manual intent verdict, no MAX/sum universe",KW-20ee538f3ba4
transferencia débito bancaria,1,E07,assisted_or_service_only,assisted_or_service_only,False,"Text core is not an independent audience; use manual intent verdict, no MAX/sum universe",KW-c34795ce3a1a
transferencia interbancaria bbva,2,X01,not_acquisition_default,not_acquisition_default,False,"Text core is not an independent audience; use manual intent verdict, no MAX/sum universe",KW-cf7a0a11d452;KW-fa3628a72dc1
transferencia interbancaria bcp,3,X01,not_acquisition_default,not_acquisition_default,False,"Text core is not an independent audience; use manual intent verdict, no MAX/sum universe",KW-37eed4d45ad7;KW-b641bd749963;KW-fe4d8e66c628
transferencia interbancaria bcp a bbva,1,X01,not_acquisition_default,not_acquisition_default,False,"Text core is not an independent audience; use manual intent verdict, no MAX/sum universe",KW-ab5a72afb7d8
transferencia interbancaria bcp a bbva costo,1,X01,not_acquisition_default,not_acquisition_default,False,"Text core is not an independent audience; use manual intent verdict, no MAX/sum universe",KW-6ba4c242dddc
transferencia interbancaria bcp a interbank horarios,1,X01,not_acquisition_default,not_acquisition_default,False,"Text core is not an independent audience; use manual intent verdict, no MAX/sum universe",KW-0fd3cd8fa0b9
transferencia interbancaria bcp a scotiabank,1,X01,not_acquisition_default,not_acquisition_default,False,"Text core is not an independent audience; use manual intent verdict, no MAX/sum universe",KW-a7b19ca62463
transferencia interbancaria bcp costo,1,X01,not_acquisition_default,not_acquisition_default,False,"Text core is not an independent audience; use manual intent verdict, no MAX/sum universe",KW-e82a5f496b52
transferencia interbancaria bcp cuanto demora,1,X01,not_acquisition_default,not_acquisition_default,False,"Text core is not an independent audience; use manual intent verdict, no MAX/sum universe",KW-f071a8f784c6
transferencia interbancaria cuanto tiempo demora,1,E08,assisted_or_service_only,assisted_or_service_only,False,"Text core is not an independent audience; use manual intent verdict, no MAX/sum universe",KW-16fda25ac566
transferencia interbancaria interbank a bcp,1,X01,not_acquisition_default,not_acquisition_default,False,"Text core is not an independent audience; use manual intent verdict, no MAX/sum universe",KW-ca1503cb68c8
transferencia interbancaria interbank horario,2,X01,not_acquisition_default,not_acquisition_default,False,"Text core is not an independent audience; use manual intent verdict, no MAX/sum universe",KW-588869d61ef0;KW-93a4471d1545
transferencia interbank a bcp,1,X01,not_acquisition_default,not_acquisition_default,False,"Text core is not an independent audience; use manual intent verdict, no MAX/sum universe",KW-be8296362563
transferencia o transferencia bancaria,1,E07,assisted_or_service_only,assisted_or_service_only,False,"Text core is not an independent audience; use manual intent verdict, no MAX/sum universe",KW-2b100b69bc95
transferencia paypal a cuenta bancaria,2,X03,excluded,excluded,False,"Text core is not an independent audience; use manual intent verdict, no MAX/sum universe",KW-c7eecceffb78;KW-d14caf5a79ca
transferencias bancarias a cuba,1,E07,assisted_or_service_only,assisted_or_service_only,False,"Text core is not an independent audience; use manual intent verdict, no MAX/sum universe",KW-1d54f5d15bce
transferencias bancarias al extranjero,1,X03,excluded,excluded,False,"Text core is not an independent audience; use manual intent verdict, no MAX/sum universe",KW-a06316d96bd0
transferencias bancarias banamex,1,X01,not_acquisition_default,not_acquisition_default,False,"Text core is not an independent audience; use manual intent verdict, no MAX/sum universe",KW-41204825a8b0
transferencias bancarias banco pichincha,1,X01,not_acquisition_default,not_acquisition_default,False,"Text core is not an independent audience; use manual intent verdict, no MAX/sum universe",KW-84611ad7b1ca
transferencias bancarias banco provincia,1,X01,not_acquisition_default,not_acquisition_default,False,"Text core is not an independent audience; use manual intent verdict, no MAX/sum universe",KW-c3920db8fe5c
transferencias bancarias bbva,1,X01,not_acquisition_default,not_acquisition_default,False,"Text core is not an independent audience; use manual intent verdict, no MAX/sum universe",KW-5a1ba8d7cc34
transferencias bancarias de estados unidos a mexico,2,X03,excluded,excluded,False,"Text core is not an independent audience; use manual intent verdict, no MAX/sum universe",KW-90598b935d3f;KW-e1a16c9db9fc
transferencias bancarias definicion,1,E07,assisted_or_service_only,assisted_or_service_only,False,"Text core is not an independent audience; use manual intent verdict, no MAX/sum universe",KW-b341e2704a47
transferencias bancarias en estados unidos,2,X03,excluded,excluded,False,"Text core is not an independent audience; use manual intent verdict, no MAX/sum universe",KW-7cebbc390d8a;KW-1004e30812f3
transferencias bancarias entre familiares,1,E07,assisted_or_service_only,assisted_or_service_only,False,"Text core is not an independent audience; use manual intent verdict, no MAX/sum universe",KW-4c5890279c18
transferencias bancarias falsas,1,E07,assisted_or_service_only,assisted_or_service_only,False,"Text core is not an independent audience; use manual intent verdict, no MAX/sum universe",KW-6fbab1ab547e
transferencias bancarias fraudulentas,1,E07,assisted_or_service_only,assisted_or_service_only,False,"Text core is not an independent audience; use manual intent verdict, no MAX/sum universe",KW-97536758b4ee
transferencias bancarias gratis,1,E07,assisted_or_service_only,assisted_or_service_only,False,"Text core is not an independent audience; use manual intent verdict, no MAX/sum universe",KW-391831a27017
transferencias bancarias gratuitas,1,E07,assisted_or_service_only,assisted_or_service_only,False,"Text core is not an independent audience; use manual intent verdict, no MAX/sum universe",KW-d87240e1abfb
transferencias bancarias horarios,1,E08,assisted_or_service_only,assisted_or_service_only,False,"Text core is not an independent audience; use manual intent verdict, no MAX/sum universe",KW-c9417aa1edd8
transferencias bancarias hoy,1,E07,assisted_or_service_only,assisted_or_service_only,False,"Text core is not an independent audience; use manual intent verdict, no MAX/sum universe",KW-1b3389fd5b93
transferencias bancarias hsbc,1,X01,not_acquisition_default,not_acquisition_default,False,"Text core is not an independent audience; use manual intent verdict, no MAX/sum universe",KW-c1b111a38f9f
transferencias bancarias impuestos,2,E07,assisted_or_service_only,assisted_or_service_only,False,"Text core is not an independent audience; use manual intent verdict, no MAX/sum universe",KW-594d84824160;KW-b973e5ac39b0
transferencias bancarias interbank,1,X01,not_acquisition_default,not_acquisition_default,False,"Text core is not an independent audience; use manual intent verdict, no MAX/sum universe",KW-a264f3350afc
transferencias bancarias internacionales santander,1,X01,not_acquisition_default,not_acquisition_default,False,"Text core is not an independent audience; use manual intent verdict, no MAX/sum universe",KW-a10cccff523d
transferencias bancarias online,1,E07,assisted_or_service_only,assisted_or_service_only,False,"Text core is not an independent audience; use manual intent verdict, no MAX/sum universe",KW-bfa203f6e365
transferencias bancarias paypal,1,X03,excluded,excluded,False,"Text core is not an independent audience; use manual intent verdict, no MAX/sum universe",KW-99d8306999cb
transferencias bancarias png,1,E07,assisted_or_service_only,assisted_or_service_only,False,"Text core is not an independent audience; use manual intent verdict, no MAX/sum universe",KW-28cf91ed1637
transferencias bancarias revolut,1,E07,assisted_or_service_only,assisted_or_service_only,False,"Text core is not an independent audience; use manual intent verdict, no MAX/sum universe",KW-6d06373006d9
transferencias bancarias santander,1,X01,not_acquisition_default,not_acquisition_default,False,"Text core is not an independent audience; use manual intent verdict, no MAX/sum universe",KW-f78da0535982
transferencias bancarias seguras,1,E07,assisted_or_service_only,assisted_or_service_only,False,"Text core is not an independent audience; use manual intent verdict, no MAX/sum universe",KW-b936394b5550
transferencias bancarias venezuela,1,X03,excluded,excluded,False,"Text core is not an independent audience; use manual intent verdict, no MAX/sum universe",KW-ff1c4f6783c6
transferencias bancarias ventajas y desventajas,1,E07,assisted_or_service_only,assisted_or_service_only,False,"Text core is not an independent audience; use manual intent verdict, no MAX/sum universe",KW-1b89d6948af5
transferencias interbancarias bcp horarios,1,X01,not_acquisition_default,not_acquisition_default,False,"Text core is not an independent audience; use manual intent verdict, no MAX/sum universe",KW-88de022bf2ac
transferir cts a cuenta de ahorros,1,X03,excluded,excluded,False,"Text core is not an independent audience; use manual intent verdict, no MAX/sum universe",KW-72f0ae1a8d16
transferir cts a cuenta de ahorros bcp,1,X01,not_acquisition_default,not_acquisition_default,False,"Text core is not an independent audience; use manual intent verdict, no MAX/sum universe",KW-dc80a67fcb01
transferir de tarjeta de crédito a cuenta de ahorros,1,X03,excluded,excluded,False,"Text core is not an independent audience; use manual intent verdict, no MAX/sum universe",KW-6bd8ffb3918f
trasladar sinónimos,1,X04,excluded_or_manual_review,excluded_or_manual_review,False,"Text core is not an independent audience; use manual intent verdict, no MAX/sum universe",KW-3a107e99e612
trea,1,E02,assisted_only,assisted_only,False,"Text core is not an independent audience; use manual intent verdict, no MAX/sum universe",KW-ff84fd712f03
trea bcp cuenta de ahorros,1,C05,competitor_consideration_requires_serp,competitor_consideration_requires_serp,False,"Text core is not an independent audience; use manual intent verdict, no MAX/sum universe",KW-6269094917be
trucos para ahorrar dinero dia a dia,1,X03,excluded,excluded,False,"Text core is not an independent audience; use manual intent verdict, no MAX/sum universe",KW-f42f0c6614b0
tu cumple vale,1,X04,excluded_or_manual_review,excluded_or_manual_review,False,"Text core is not an independent audience; use manual intent verdict, no MAX/sum universe",KW-590801f48995
tunegocio.pe,1,X04,excluded_or_manual_review,excluded_or_manual_review,False,"Text core is not an independent audience; use manual intent verdict, no MAX/sum universe",KW-fb20ef7b34bf
una cuenta de ahorros abierta el 4 de abril,1,X04,excluded_or_manual_review,excluded_or_manual_review,False,"Text core is not an independent audience; use manual intent verdict, no MAX/sum universe",KW-99d1cc424692
una cuenta de nomina es de ahorro o corriente,1,C03,assisted_only,assisted_only,False,"Text core is not an independent audience; use manual intent verdict, no MAX/sum universe",KW-852f88490077
una cuenta digital es una cuenta de ahorros,1,C02,conditional_not_default,conditional_not_default,False,"Text core is not an independent audience; use manual intent verdict, no MAX/sum universe",KW-abcd213ec347
una transferencia interbancaria,2,E07,assisted_or_service_only,assisted_or_service_only,False,"Text core is not an independent audience; use manual intent verdict, no MAX/sum universe",KW-e80244cf5ea7;KW-734c930d0ce8
upn numero,1,X04,excluded_or_manual_review,excluded_or_manual_review,False,"Text core is not an independent audience; use manual intent verdict, no MAX/sum universe",KW-0af4b476a46c
utiles 2025,1,X04,excluded_or_manual_review,excluded_or_manual_review,False,"Text core is not an independent audience; use manual intent verdict, no MAX/sum universe",KW-df9b1621c001
utilidades,2,X04,excluded_or_manual_review,excluded_or_manual_review,False,"Text core is not an independent audience; use manual intent verdict, no MAX/sum universe",KW-9f44cbbe7a35;KW-27298ecafe4a
utilidades 2026,1,X04,excluded_or_manual_review,excluded_or_manual_review,False,"Text core is not an independent audience; use manual intent verdict, no MAX/sum universe",KW-43586ae100a4
utilidades 2026 cuando se paga,3,X04,excluded_or_manual_review,excluded_or_manual_review,False,"Text core is not an independent audience; use manual intent verdict, no MAX/sum universe",KW-b64a1d069871;KW-c3c6153b7c90;KW-c2fcbb865c56
utilidades 2026 cuánto se paga,1,X04,excluded_or_manual_review,excluded_or_manual_review,False,"Text core is not an independent audience; use manual intent verdict, no MAX/sum universe",KW-e132a94850ad
utilidades 2026 perú,1,X04,excluded_or_manual_review,excluded_or_manual_review,False,"Text core is not an independent audience; use manual intent verdict, no MAX/sum universe",KW-b5ea11783ec2
utilidades cuando se pagan,2,X04,excluded_or_manual_review,excluded_or_manual_review,False,"Text core is not an independent audience; use manual intent verdict, no MAX/sum universe",KW-0cbfe2fca145;KW-f5ce3646b89e
utilidades de una empresa,2,X03,excluded,excluded,False,"Text core is not an independent audience; use manual intent verdict, no MAX/sum universe",KW-3078efbb49ea;KW-2aca342fa773
utilidades hasta cuando se pagan,1,X04,excluded_or_manual_review,excluded_or_manual_review,False,"Text core is not an independent audience; use manual intent verdict, no MAX/sum universe",KW-29202973ca96
utilidades peru,2,X04,excluded_or_manual_review,excluded_or_manual_review,False,"Text core is not an independent audience; use manual intent verdict, no MAX/sum universe",KW-2e8998e10083;KW-bb861d0d9d68
validar datos bono 600 cuenta bancaria digital,1,C02,conditional_not_default,conditional_not_default,False,"Text core is not an independent audience; use manual intent verdict, no MAX/sum universe",KW-71d7e582f236
ventajas y desventajas de una cuenta de ahorro,1,X04,excluded_or_manual_review,excluded_or_manual_review,False,"Text core is not an independent audience; use manual intent verdict, no MAX/sum universe",KW-044d6666eae3
ver cuenta de ahorros bcp,1,C05,competitor_consideration_requires_serp,competitor_consideration_requires_serp,False,"Text core is not an independent audience; use manual intent verdict, no MAX/sum universe",KW-5f6d0d53f165
ver cuenta de ahorros interbank,1,C05,competitor_consideration_requires_serp,competitor_consideration_requires_serp,False,"Text core is not an independent audience; use manual intent verdict, no MAX/sum universe",KW-9bd0ce0fbc38
ver estado de solicitud afp prima,1,X01,not_acquisition_default,not_acquisition_default,False,"Text core is not an independent audience; use manual intent verdict, no MAX/sum universe",KW-900a5775905d
ver mi afp,1,X03,excluded,excluded,False,"Text core is not an independent audience; use manual intent verdict, no MAX/sum universe",KW-608b9fb11442
ver mi cuenta bcp digital,1,X01,not_acquisition_default,not_acquisition_default,False,"Text core is not an independent audience; use manual intent verdict, no MAX/sum universe",KW-e96b9f2d56a5
ver mi cuenta de ahorros bbva,1,C05,competitor_consideration_requires_serp,competitor_consideration_requires_serp,False,"Text core is not an independent audience; use manual intent verdict, no MAX/sum universe",KW-81f4dad90169
ver mi cuenta de ahorros bcp,2,C05,competitor_consideration_requires_serp,competitor_consideration_requires_serp,False,"Text core is not an independent audience; use manual intent verdict, no MAX/sum universe",KW-9c90fca086c3;KW-696cfc68293e
ver mi cuenta de ahorros en scotiabank,1,C05,competitor_consideration_requires_serp,competitor_consideration_requires_serp,False,"Text core is not an independent audience; use manual intent verdict, no MAX/sum universe",KW-c989c105d1e7
ver mi cuenta de ahorros interbank,1,C05,competitor_consideration_requires_serp,competitor_consideration_requires_serp,False,"Text core is not an independent audience; use manual intent verdict, no MAX/sum universe",KW-9813e9c32bde
ver mi cuenta digital bcp,1,X01,not_acquisition_default,not_acquisition_default,False,"Text core is not an independent audience; use manual intent verdict, no MAX/sum universe",KW-2b253099f323
ver saldo claro,1,X04,excluded_or_manual_review,excluded_or_manual_review,False,"Text core is not an independent audience; use manual intent verdict, no MAX/sum universe",KW-1f533acdd2cc
ver saldo de cuenta de ahorros de caja arequipa,1,C05,competitor_consideration_requires_serp,competitor_consideration_requires_serp,False,"Text core is not an independent audience; use manual intent verdict, no MAX/sum universe",KW-308912f6fdef
ver saldo entel perú,1,X04,excluded_or_manual_review,excluded_or_manual_review,False,"Text core is not an independent audience; use manual intent verdict, no MAX/sum universe",KW-673db12a6592
via bcp cuenta de ahorros,1,C05,competitor_consideration_requires_serp,competitor_consideration_requires_serp,False,"Text core is not an independent audience; use manual intent verdict, no MAX/sum universe",KW-0b68bc1c4e56
viabcp abrir cuenta digital,1,X01,not_acquisition_default,not_acquisition_default,False,"Text core is not an independent audience; use manual intent verdict, no MAX/sum universe",KW-5e415998c5be
viabcp cuenta digital,1,X01,not_acquisition_default,not_acquisition_default,False,"Text core is not an independent audience; use manual intent verdict, no MAX/sum universe",KW-284bd475ecf2
videos de como ahorrar dinero rapido,1,E10,assisted_only,assisted_only,False,"Text core is not an independent audience; use manual intent verdict, no MAX/sum universe",KW-7adf2c9b9e5e
vincular cci a ruc,1,X03,excluded,excluded,False,"Text core is not an independent audience; use manual intent verdict, no MAX/sum universe",KW-8e8fea092484
wepress digital ff recuperar cuenta,1,C02,conditional_not_default,conditional_not_default,False,"Text core is not an independent audience; use manual intent verdict, no MAX/sum universe",KW-51f3cf0eda2a
western,1,X04,excluded_or_manual_review,excluded_or_manual_review,False,"Text core is not an independent audience; use manual intent verdict, no MAX/sum universe",KW-d461db619066
western union abierto,1,X04,excluded_or_manual_review,excluded_or_manual_review,False,"Text core is not an independent audience; use manual intent verdict, no MAX/sum universe",KW-3032bcee0500
western union chiclayo,1,X04,excluded_or_manual_review,excluded_or_manual_review,False,"Text core is not an independent audience; use manual intent verdict, no MAX/sum universe",KW-55cce9868b15
western union chorrillos,1,X04,excluded_or_manual_review,excluded_or_manual_review,False,"Text core is not an independent audience; use manual intent verdict, no MAX/sum universe",KW-ff7529ecfd32
western union lima,1,X04,excluded_or_manual_review,excluded_or_manual_review,False,"Text core is not an independent audience; use manual intent verdict, no MAX/sum universe",KW-fbc131d3d966
western union numero de telefono,1,X04,excluded_or_manual_review,excluded_or_manual_review,False,"Text core is not an independent audience; use manual intent verdict, no MAX/sum universe",KW-cb4163990bec
western union peru,1,X04,excluded_or_manual_review,excluded_or_manual_review,False,"Text core is not an independent audience; use manual intent verdict, no MAX/sum universe",KW-8b4cb7651533
western union union,1,X04,excluded_or_manual_review,excluded_or_manual_review,False,"Text core is not an independent audience; use manual intent verdict, no MAX/sum universe",KW-d07e976b3840
whatsapp de scotiabank perú,1,X01,not_acquisition_default,not_acquisition_default,False,"Text core is not an independent audience; use manual intent verdict, no MAX/sum universe",KW-63bb987548f1
wise cuenta en dolares argentina,1,X03,excluded,excluded,False,"Text core is not an independent audience; use manual intent verdict, no MAX/sum universe",KW-2e6cb8c6bca1
woocommerce transferencia bancaria,2,E07,assisted_or_service_only,assisted_or_service_only,False,"Text core is not an independent audience; use manual intent verdict, no MAX/sum universe",KW-0f63ee29460c;KW-f547086ac8c1
wordpress digital ff recuperar cuenta,1,C02,conditional_not_default,conditional_not_default,False,"Text core is not an independent audience; use manual intent verdict, no MAX/sum universe",KW-e8d6fa26b05b
wordpress digital free fire recuperar cuenta,1,C02,conditional_not_default,conditional_not_default,False,"Text core is not an independent audience; use manual intent verdict, no MAX/sum universe",KW-e044379c3ed2
worldcoin transferencia bancaria,1,E07,assisted_or_service_only,assisted_or_service_only,False,"Text core is not an independent audience; use manual intent verdict, no MAX/sum universe",KW-2c1cc4b675b4
www bcp cuenta de ahorros,1,C05,competitor_consideration_requires_serp,competitor_consideration_requires_serp,False,"Text core is not an independent audience; use manual intent verdict, no MAX/sum universe",KW-b93fc37fa757
www consulta retiro afp,1,X03,excluded,excluded,False,"Text core is not an independent audience; use manual intent verdict, no MAX/sum universe",KW-fbf118f6ab81
www consulta retiro afp 2025,1,X03,excluded,excluded,False,"Text core is not an independent audience; use manual intent verdict, no MAX/sum universe",KW-420bdd749ff4
www consulta retiro afp integra,1,X03,excluded,excluded,False,"Text core is not an independent audience; use manual intent verdict, no MAX/sum universe",KW-3335ff6e136a
www consulta retiro afp pe profuturo,1,X03,excluded,excluded,False,"Text core is not an independent audience; use manual intent verdict, no MAX/sum universe",KW-34b90858375c
www matrícula digital com pe 2026 crear cuenta,1,C02,conditional_not_default,conditional_not_default,False,"Text core is not an independent audience; use manual intent verdict, no MAX/sum universe",KW-40145d767e1f
www viabcp com ahorra y gana bcp,1,X01,not_acquisition_default,not_acquisition_default,False,"Text core is not an independent audience; use manual intent verdict, no MAX/sum universe",KW-30cb98d4f01c
www viabcp com promos ahorros bcp,1,X01,not_acquisition_default,not_acquisition_default,False,"Text core is not an independent audience; use manual intent verdict, no MAX/sum universe",KW-b6dfcb59c104
www yape com pe ayuda,1,X01,not_acquisition_default,not_acquisition_default,False,"Text core is not an independent audience; use manual intent verdict, no MAX/sum universe",KW-8e900643892f
yahoo crear cuenta,1,X04,excluded_or_manual_review,excluded_or_manual_review,False,"Text core is not an independent audience; use manual intent verdict, no MAX/sum universe",KW-1744bf8c7a1b
yape,1,X01,not_acquisition_default,not_acquisition_default,False,"Text core is not an independent audience; use manual intent verdict, no MAX/sum universe",KW-78330025623a
yape #perú,1,X01,not_acquisition_default,not_acquisition_default,False,"Text core is not an independent audience; use manual intent verdict, no MAX/sum universe",KW-d312cad0456b
yape aplicacion,1,X01,not_acquisition_default,not_acquisition_default,False,"Text core is not an independent audience; use manual intent verdict, no MAX/sum universe",KW-532faacdc027
yape aplicación,2,X01,not_acquisition_default,not_acquisition_default,False,"Text core is not an independent audience; use manual intent verdict, no MAX/sum universe",KW-19f24d08e07f;KW-b207ef1ee699
yape app,1,X01,not_acquisition_default,not_acquisition_default,False,"Text core is not an independent audience; use manual intent verdict, no MAX/sum universe",KW-36fc58a8376c
yape ayuda,1,X01,not_acquisition_default,not_acquisition_default,False,"Text core is not an independent audience; use manual intent verdict, no MAX/sum universe",KW-799096519f8d
yape bcp,1,X01,not_acquisition_default,not_acquisition_default,False,"Text core is not an independent audience; use manual intent verdict, no MAX/sum universe",KW-da0be124fbbe
yape bcp con dni,1,X01,not_acquisition_default,not_acquisition_default,False,"Text core is not an independent audience; use manual intent verdict, no MAX/sum universe",KW-2cb553aa18da
yape bcp descargar,1,X01,not_acquisition_default,not_acquisition_default,False,"Text core is not an independent audience; use manual intent verdict, no MAX/sum universe",KW-193457be1286
yape celular,1,X01,not_acquisition_default,not_acquisition_default,False,"Text core is not an independent audience; use manual intent verdict, no MAX/sum universe",KW-daca0c2916f5
yape com pe,1,X01,not_acquisition_default,not_acquisition_default,False,"Text core is not an independent audience; use manual intent verdict, no MAX/sum universe",KW-3df698401982
yape con dni sigue funcionando,1,X01,not_acquisition_default,not_acquisition_default,False,"Text core is not an independent audience; use manual intent verdict, no MAX/sum universe",KW-f43c5bb4186c
yape con que bancos trabaja,2,X01,not_acquisition_default,not_acquisition_default,False,"Text core is not an independent audience; use manual intent verdict, no MAX/sum universe",KW-db70389f3192;KW-09ad7029483c
yape contacto,1,X01,not_acquisition_default,not_acquisition_default,False,"Text core is not an independent audience; use manual intent verdict, no MAX/sum universe",KW-4e8f6da0f2ff
yape dni,2,X01,not_acquisition_default,not_acquisition_default,False,"Text core is not an independent audience; use manual intent verdict, no MAX/sum universe",KW-b1bad270bc87;KW-f49ba61bd2ef
yape es cuenta de ahorro o corriente,1,X01,not_acquisition_default,not_acquisition_default,False,"Text core is not an independent audience; use manual intent verdict, no MAX/sum universe",KW-f982325059ca
yape iniciar sesión,1,X01,not_acquisition_default,not_acquisition_default,False,"Text core is not an independent audience; use manual intent verdict, no MAX/sum universe",KW-257018053745
yape numero de telefono,1,X01,not_acquisition_default,not_acquisition_default,False,"Text core is not an independent audience; use manual intent verdict, no MAX/sum universe",KW-7d17e8c01c37
yape oficial,1,X01,not_acquisition_default,not_acquisition_default,False,"Text core is not an independent audience; use manual intent verdict, no MAX/sum universe",KW-dba59e1ff455
yape online,1,X01,not_acquisition_default,not_acquisition_default,False,"Text core is not an independent audience; use manual intent verdict, no MAX/sum universe",KW-fb287236034f
yape otros bancos,1,X01,not_acquisition_default,not_acquisition_default,False,"Text core is not an independent audience; use manual intent verdict, no MAX/sum universe",KW-2afd6932bfa1
yape para pc,1,X01,not_acquisition_default,not_acquisition_default,False,"Text core is not an independent audience; use manual intent verdict, no MAX/sum universe",KW-0809bc0b9e5c
yape peru,1,X01,not_acquisition_default,not_acquisition_default,False,"Text core is not an independent audience; use manual intent verdict, no MAX/sum universe",KW-3a12e0271166
yape peru descargar,1,X01,not_acquisition_default,not_acquisition_default,False,"Text core is not an independent audience; use manual intent verdict, no MAX/sum universe",KW-d65210b297f7
yape por internet,1,X01,not_acquisition_default,not_acquisition_default,False,"Text core is not an independent audience; use manual intent verdict, no MAX/sum universe",KW-bb5402ec6e13
yape recuperar cuenta,1,X01,not_acquisition_default,not_acquisition_default,False,"Text core is not an independent audience; use manual intent verdict, no MAX/sum universe",KW-29412057ca86
yape registro,2,X01,not_acquisition_default,not_acquisition_default,False,"Text core is not an independent audience; use manual intent verdict, no MAX/sum universe",KW-79e21f4bdf36;KW-ae7822f57633
yape saldo 0,1,X01,not_acquisition_default,not_acquisition_default,False,"Text core is not an independent audience; use manual intent verdict, no MAX/sum universe",KW-83fddbe2adbb
yape sin saldo,1,X01,not_acquisition_default,not_acquisition_default,False,"Text core is not an independent audience; use manual intent verdict, no MAX/sum universe",KW-cd7e2c871917
yape teléfono,1,X01,not_acquisition_default,not_acquisition_default,False,"Text core is not an independent audience; use manual intent verdict, no MAX/sum universe",KW-f5e3a9777872
yape web,1,X01,not_acquisition_default,not_acquisition_default,False,"Text core is not an independent audience; use manual intent verdict, no MAX/sum universe",KW-f96c027156c9
yapertru digital para recuperar cuenta de free fire,2,C02,conditional_not_default,conditional_not_default,False,"Text core is not an independent audience; use manual intent verdict, no MAX/sum universe",KW-2f4fb6e0ab72;KW-6f4c86640829
yapertru digital recuperar cuenta,2,X01,not_acquisition_default,not_acquisition_default,False,"Text core is not an independent audience; use manual intent verdict, no MAX/sum universe",KW-4568ecb9c92c;KW-7bdda43190ec
yapertru digital recuperar cuenta con id,1,X01,not_acquisition_default,not_acquisition_default,False,"Text core is not an independent audience; use manual intent verdict, no MAX/sum universe",KW-8e4fac8205de
zalando transferencia bancaria,1,E07,assisted_or_service_only,assisted_or_service_only,False,"Text core is not an independent audience; use manual intent verdict, no MAX/sum universe",KW-4874c121d537
